"File: touch-24.c    Assembler  Version HGASM0202      Page 1


   1  0000              ; Generated by holtek-gcc v3.19, Sun Jun 07 09:57:08 2026
   2  0000              ; 
   3  0000              ; Configuration:
   4  0000              ;       without long instruction
   5  0000              ;       Single ROM, Multi-RAM
   6  0000              ;       bits_per_rom_unit:16
   7  0000              ;       with mp1
   8  0000              ;       with tbhp, address(0x9)
   9  0000              ;          Use tabrd-const
  10  0000              ;       
  11  0000              ;       
  12  0000              ;       
  13  0000              ; use 'tabrdc' instead of 'tabrd'
  14  0000              ;       
  15  0000              
  16  0000              #pragma translator "holtek-gcc 4.6.4" "3.19" "build 20130711"
  17  0000              ; Rebuild 718
  18  0000              
  19  0000              ir equ [2]
  20  0000              mp equ [3]
  21  0000              sbp equ [1]
  22  0000              acc equ [5]
  23  0000              bp equ [4]
  24  0000              tblp equ [7]
  25  0000              tbhp equ [9]
  26  0000              status equ [10]
  27  0000              c equ [10].0
  28  0000              ac equ [10].1
  29  0000              z equ [10].2
  30  0000              ov equ [10].3
  31  0000              intc equ [11]
  32  0000              
  33  0000              extern ra:byte
  34  0000              extern rb:byte
  35  0000              extern rc:byte
  36  0000              extern rd:byte
  37  0000              extern re:byte
  38  0000              extern rf:byte
  39  0000              extern rg:byte
  40  0000              extern rh:byte
  41  0000              extern _Crom2Prom:near
  42  0000              extern _Crom2PromNext:near
  43  0000              
  44  0000              RAMBANK 0 @HCCINIT, @HCCINIT0
  45  0000              
  46  0000              RAMBANK 0 @BITDATASEC, @BITDATASEC1
  47  0000              @HCCINIT	.section 'data'
  48  0000              @HCCINIT0	.section 'data'
  49  0000              @BITDATASEC	 .section 'data'
  50  0000              @BITDATASEC1	 .section 'data'
  51  0000              
  52  0000              #pragma debug scope 1 1
  53  0000              	extern __DELAY3:near
  54  0000              	extern __DELAYX3:near
  55  0000              	extern __DELAYX6:near
  56  0000              	extern __DELAYY5:near
  57  0000              	extern __DELAYY3:near
  58  0000              	extern _builtin_holtek_delay_2:byte
  59  0000              public _delay_10us
"File: touch-24.ASM  Assembler  Version HGASM0202      Page 2

  60  0000              #pragma debug scope 2 1

  11  0000              #line 11 "C:\Hamed-PC\Projects\HTK_Project\touch-24\DELAY.h"
  11  0000              _delay_10us .section 'code'
  11  0000              _delay_10us proc
  11  0000              public _delay_10us_2
  11  0000  0004[           local _delay_10us_2 db 4 dup(?)	; 4,0
            00
            ]
  11  0004              #pragma debug variable 14 2 _delay_10us_2+0 "count_u"
  15  0004              #line 15 "C:\Hamed-PC\Projects\HTK_Project\touch-24\DELAY.h"
  15  0000  1F00     E  	clr rd
  15  0001  1F00     E  	clr re
  15  0002  1F00     E  	clr rf
  15  0003  1F00     E  	clr rg
  15  0004  2800     R  	jmp _L2
  15  0005              _L3:
  17  0005              #line 17 "C:\Hamed-PC\Projects\HTK_Project\touch-24\DELAY.h"
  17  0005              ;# 17 "C:\Hamed-PC\Projects\HTK_Project\touch-24\DELAY.h" 1
  17  0005  0001        	clr wdt
  18  0006              #line 18 "C:\Hamed-PC\Projects\HTK_Project\touch-24\DELAY.h"
  18  0006              ;# 18 "C:\Hamed-PC\Projects\HTK_Project\touch-24\DELAY.h" 1
  18  0006  0000        	nop
  19  0007              #line 19 "C:\Hamed-PC\Projects\HTK_Project\touch-24\DELAY.h"
  19  0007              ;# 19 "C:\Hamed-PC\Projects\HTK_Project\touch-24\DELAY.h" 1
  19  0007  0000        	nop
  20  0008              #line 20 "C:\Hamed-PC\Projects\HTK_Project\touch-24\DELAY.h"
  20  0008              ;# 20 "C:\Hamed-PC\Projects\HTK_Project\touch-24\DELAY.h" 1
  20  0008  0000        	nop
  21  0009              #line 21 "C:\Hamed-PC\Projects\HTK_Project\touch-24\DELAY.h"
  21  0009              ;# 21 "C:\Hamed-PC\Projects\HTK_Project\touch-24\DELAY.h" 1
  21  0009  0000        	nop
  15  000A              #line 15 "C:\Hamed-PC\Projects\HTK_Project\touch-24\DELAY.h"
  15  000A  0F01        	mov a,1
  15  000B  0380     E  	addm a,rd
  15  000C  0F00        	mov a,0
  15  000D  1380     E  	adcm a,re
  15  000E  1380     E  	adcm a,rf
  15  000F  1380     E  	adcm a,rg
  15  0010              _L2:
  15  0010  0700     E  	mov a,rd
  15  0011  0400     R  	xor a,_delay_10us_2[0]
  15  0012  0700     E  	mov a,re
  15  0013  3D0A        	sz z
  15  0014  0400     R  	xor a,_delay_10us_2[1]
  15  0015  0700     E  	mov a,rf
  15  0016  3D0A        	sz z
  15  0017  0400     R  	xor a,_delay_10us_2[2]
  15  0018  0700     E  	mov a,rg
  15  0019  3D0A        	sz z
  15  001A  0400     R  	xor a,_delay_10us_2[3]
  15  001B  390A        	snz z
  15  001C  2800     R  	jmp _L3
  15  001D  0003        	ret
  15  001E              _delay_10us endp
  15  001E              #line 15 "C:\Hamed-PC\Projects\HTK_Project\touch-24\DELAY.h"
  15  001E              #pragma debug scope 1 1
  15  001E              public _delay_us
  15  001E              #pragma debug scope 3 1
  28  001E              #line 28 "C:\Hamed-PC\Projects\HTK_Project\touch-24\DELAY.h"
"File: DELAY.h       Assembler  Version HGASM0202      Page 3

  28  0000              _delay_us .section 'code'
  28  0000              _delay_us proc
  28  0000              public _delay_us_2
  28  0000  0004[           local _delay_us_2 db 4 dup(?)	; 4,0
            00
            ]
  28  0004              #pragma debug variable 14 3 _delay_us_2+0 "count_u"
  32  0004              #line 32 "C:\Hamed-PC\Projects\HTK_Project\touch-24\DELAY.h"
  32  0000  1F00     E  	clr rd
  32  0001  1F00     E  	clr re
  32  0002  1F00     E  	clr rf
  32  0003  1F00     E  	clr rg
  32  0004  2800     R  	jmp _L6
  32  0005              _L7:
  34  0005              #line 34 "C:\Hamed-PC\Projects\HTK_Project\touch-24\DELAY.h"
  34  0005              ;# 34 "C:\Hamed-PC\Projects\HTK_Project\touch-24\DELAY.h" 1
  34  0005  0001        	clr wdt
  35  0006              #line 35 "C:\Hamed-PC\Projects\HTK_Project\touch-24\DELAY.h"
  35  0006              ;# 35 "C:\Hamed-PC\Projects\HTK_Project\touch-24\DELAY.h" 1
  35  0006  0000        	nop
  32  0007              #line 32 "C:\Hamed-PC\Projects\HTK_Project\touch-24\DELAY.h"
  32  0007  0F01        	mov a,1
  32  0008  0380     E  	addm a,rd
  32  0009  0F00        	mov a,0
  32  000A  1380     E  	adcm a,re
  32  000B  1380     E  	adcm a,rf
  32  000C  1380     E  	adcm a,rg
  32  000D              _L6:
  32  000D  0700     E  	mov a,rd
  32  000E  0400     R  	xor a,_delay_us_2[0]
  32  000F  0700     E  	mov a,re
  32  0010  3D0A        	sz z
  32  0011  0400     R  	xor a,_delay_us_2[1]
  32  0012  0700     E  	mov a,rf
  32  0013  3D0A        	sz z
  32  0014  0400     R  	xor a,_delay_us_2[2]
  32  0015  0700     E  	mov a,rg
  32  0016  3D0A        	sz z
  32  0017  0400     R  	xor a,_delay_us_2[3]
  32  0018  390A        	snz z
  32  0019  2800     R  	jmp _L7
  32  001A  0003        	ret
  32  001B              _delay_us endp
  32  001B              #line 32 "C:\Hamed-PC\Projects\HTK_Project\touch-24\DELAY.h"
  32  001B              #pragma debug scope 1 1
  32  001B              public _delay_ms
  32  001B              #pragma debug scope 4 1
  42  001B              #line 42 "C:\Hamed-PC\Projects\HTK_Project\touch-24\DELAY.h"
  42  0000              _delay_ms .section 'code'
  42  0000              _delay_ms proc
  42  0000              public _delay_ms_2
  42  0000  0008[           local _delay_ms_2 db 8 dup(?)	; 4,4
            00
            ]
  42  0008              #pragma debug variable 14 4 _delay_ms_2+0 "count_m"
  44  0008              #line 44 "C:\Hamed-PC\Projects\HTK_Project\touch-24\DELAY.h"
  44  0000  0700     R  	mov a,_delay_ms_2[0]
  44  0001  0080     E  	mov _builtin_holtek_mulsi3_2[0],a
  44  0002  0700     R  	mov a,_delay_ms_2[1]
  44  0003  0080     E  	mov _builtin_holtek_mulsi3_2[1],a
"File: DELAY.h       Assembler  Version HGASM0202      Page 4

  44  0004  0700     R  	mov a,_delay_ms_2[2]
  44  0005  0080     E  	mov _builtin_holtek_mulsi3_2[2],a
  44  0006  0700     R  	mov a,_delay_ms_2[3]
  44  0007  0080     E  	mov _builtin_holtek_mulsi3_2[3],a
  44  0008  0F64        	mov a,100
  44  0009  0080     E  	mov _builtin_holtek_mulsi3_2[4],a
  44  000A  0F00        	mov a,0
  44  000B  0080     E  	mov _builtin_holtek_mulsi3_2[5],a
  44  000C  0F00        	mov a,0
  44  000D  0080     E  	mov _builtin_holtek_mulsi3_2[6],a
  44  000E  0F00        	mov a,0
  44  000F  0080     E  	mov _builtin_holtek_mulsi3_2[7],a
  44  0010  2000     E  	call _builtin_holtek_mulsi3
  44  0011  0700     E  	mov a,_builtin_holtek_mulsi3_2[8]
  44  0012  0080     R  	mov _delay_ms_2[4],a
  44  0013  0700     E  	mov a,_builtin_holtek_mulsi3_2[9]
  44  0014  0080     R  	mov _delay_ms_2[5],a
  44  0015  0700     E  	mov a,_builtin_holtek_mulsi3_2[10]
  44  0016  0080     R  	mov _delay_ms_2[6],a
  44  0017  0700     E  	mov a,_builtin_holtek_mulsi3_2[11]
  44  0018  0080     R  	mov _delay_ms_2[7],a
  45  0019              #line 45 "C:\Hamed-PC\Projects\HTK_Project\touch-24\DELAY.h"
  45  0019  1F00     E  	clr rd
  45  001A  1F00     E  	clr re
  45  001B  1F00     E  	clr rf
  45  001C  1F00     E  	clr rg
  45  001D  2800     R  	jmp _L9
  45  001E              _L10:
  47  001E              #line 47 "C:\Hamed-PC\Projects\HTK_Project\touch-24\DELAY.h"
  47  001E              ;# 47 "C:\Hamed-PC\Projects\HTK_Project\touch-24\DELAY.h" 1
  47  001E  0001        	clr wdt
  48  001F              #line 48 "C:\Hamed-PC\Projects\HTK_Project\touch-24\DELAY.h"
  48  001F              ;# 48 "C:\Hamed-PC\Projects\HTK_Project\touch-24\DELAY.h" 1
  48  001F  0000        	nop
  49  0020              #line 49 "C:\Hamed-PC\Projects\HTK_Project\touch-24\DELAY.h"
  49  0020              ;# 49 "C:\Hamed-PC\Projects\HTK_Project\touch-24\DELAY.h" 1
  49  0020  0000        	nop
  50  0021              #line 50 "C:\Hamed-PC\Projects\HTK_Project\touch-24\DELAY.h"
  50  0021              ;# 50 "C:\Hamed-PC\Projects\HTK_Project\touch-24\DELAY.h" 1
  50  0021  0000        	nop
  51  0022              #line 51 "C:\Hamed-PC\Projects\HTK_Project\touch-24\DELAY.h"
  51  0022              ;# 51 "C:\Hamed-PC\Projects\HTK_Project\touch-24\DELAY.h" 1
  51  0022  0000        	nop
  45  0023              #line 45 "C:\Hamed-PC\Projects\HTK_Project\touch-24\DELAY.h"
  45  0023  0F01        	mov a,1
  45  0024  0380     E  	addm a,rd
  45  0025  0F00        	mov a,0
  45  0026  1380     E  	adcm a,re
  45  0027  1380     E  	adcm a,rf
  45  0028  1380     E  	adcm a,rg
  45  0029              _L9:
  45  0029  0700     E  	mov a,rd
  45  002A  0400     R  	xor a,_delay_ms_2[4]
  45  002B  0700     E  	mov a,re
  45  002C  3D0A        	sz z
  45  002D  0400     R  	xor a,_delay_ms_2[5]
  45  002E  0700     E  	mov a,rf
  45  002F  3D0A        	sz z
  45  0030  0400     R  	xor a,_delay_ms_2[6]
  45  0031  0700     E  	mov a,rg
"File: DELAY.h       Assembler  Version HGASM0202      Page 5

  45  0032  3D0A        	sz z
  45  0033  0400     R  	xor a,_delay_ms_2[7]
  45  0034  390A        	snz z
  45  0035  2800     R  	jmp _L10
  45  0036  0003        	ret
  45  0037              _delay_ms endp
  45  0037              #line 45 "C:\Hamed-PC\Projects\HTK_Project\touch-24\DELAY.h"
  45  0037              #pragma debug scope 1 1
  45  0037              ___eea equ [65]
  45  0037              ___mp1 equ [3]
  45  0037              ___bp equ [4]
  45  0037              ___iar1 equ [2]
  45  0037              ___eed equ [66]
  45  0037              public _eeprom_read
  45  0037              #pragma debug scope 5 1

 133  0037              #line 133 "C:\Hamed-PC\Projects\HTK_Project\touch-24\TOUCH.h"
 133  0000              _eeprom_read .section 'code'
 133  0000              _eeprom_read proc
 133  0000  00              local _eeprom_read_2 db 1 dup(?)	; 0,1
 133  0000  0080     E  	mov ra,a
 133  0001  0080     R  	mov _eeprom_read_2[0],a
 133  0002              #pragma debug variable 8 5 _eeprom_read_2+0 "addr"
 135  0002              #line 135 "C:\Hamed-PC\Projects\HTK_Project\touch-24\TOUCH.h"
 135  0002  0700     E  	mov a,ra
 135  0003  00C1        	mov [65],a
 136  0004              #line 136 "C:\Hamed-PC\Projects\HTK_Project\touch-24\TOUCH.h"
 136  0004  0F40        	mov a,64
 136  0005  0083        	mov [3],a
 137  0006              #line 137 "C:\Hamed-PC\Projects\HTK_Project\touch-24\TOUCH.h"
 137  0006  0F01        	mov a,1
 137  0007  0084        	mov [4],a
 138  0008              #line 138 "C:\Hamed-PC\Projects\HTK_Project\touch-24\TOUCH.h"
 138  0008  3082        	set [2].1
 139  0009              #line 139 "C:\Hamed-PC\Projects\HTK_Project\touch-24\TOUCH.h"
 139  0009  3002        	set [2].0
 139  000A              _L13:
 140  000A              #line 140 "C:\Hamed-PC\Projects\HTK_Project\touch-24\TOUCH.h"
 140  000A  3C02        	sz [2].0
 140  000B  2800     R  	jmp _L13
 141  000C              #line 141 "C:\Hamed-PC\Projects\HTK_Project\touch-24\TOUCH.h"
 141  000C  0742        	mov a,[66]
 141  000D  0080     E  	mov ra,a
 143  000E              #line 143 "C:\Hamed-PC\Projects\HTK_Project\touch-24\TOUCH.h"
 143  000E  3482        	clr [2].1
 146  000F              #line 146 "C:\Hamed-PC\Projects\HTK_Project\touch-24\TOUCH.h"
 146  000F  0700     E  	mov a,ra
 146  0010  0003        	ret
 146  0011              _eeprom_read endp
 146  0011              #line 146 "C:\Hamed-PC\Projects\HTK_Project\touch-24\TOUCH.h"
 146  0011              #pragma debug scope 1 1
 146  0011              ___intc0 equ [14]
 146  0011              public _eeprom_write
 146  0011              #pragma debug scope 6 1
 149  0011              #line 149 "C:\Hamed-PC\Projects\HTK_Project\touch-24\TOUCH.h"
 149  0000              _eeprom_write .section 'code'
 149  0000              _eeprom_write proc
 149  0000              public _eeprom_write_2
 149  0000  0002[           local _eeprom_write_2 db 2 dup(?)	; 1,1
            00
"File: TOUCH.h       Assembler  Version HGASM0202      Page 6

            ]
 149  0000  0080     R  	mov _eeprom_write_2[1],a
 149  0001              #pragma debug variable 8 6 _eeprom_write_2+1 "data"
 149  0001              #pragma debug variable 8 6 _eeprom_write_2+0 "addr"
 150  0001              #line 150 "C:\Hamed-PC\Projects\HTK_Project\touch-24\TOUCH.h"
 150  0001  340E        	clr [14].0
 151  0002              #line 151 "C:\Hamed-PC\Projects\HTK_Project\touch-24\TOUCH.h"
 151  0002  0700     R  	mov a,_eeprom_write_2[0]
 151  0003  00C1        	mov [65],a
 152  0004              #line 152 "C:\Hamed-PC\Projects\HTK_Project\touch-24\TOUCH.h"
 152  0004  0700     R  	mov a,_eeprom_write_2[1]
 152  0005  00C2        	mov [66],a
 153  0006              #line 153 "C:\Hamed-PC\Projects\HTK_Project\touch-24\TOUCH.h"
 153  0006  0F40        	mov a,64
 153  0007  0083        	mov [3],a
 154  0008              #line 154 "C:\Hamed-PC\Projects\HTK_Project\touch-24\TOUCH.h"
 154  0008  0F01        	mov a,1
 154  0009  0084        	mov [4],a
 155  000A              #line 155 "C:\Hamed-PC\Projects\HTK_Project\touch-24\TOUCH.h"
 155  000A  3182        	set [2].3
 156  000B              #line 156 "C:\Hamed-PC\Projects\HTK_Project\touch-24\TOUCH.h"
 156  000B  3102        	set [2].2
 158  000C              #line 158 "C:\Hamed-PC\Projects\HTK_Project\touch-24\TOUCH.h"
 158  000C              ;# 158 "C:\Hamed-PC\Projects\HTK_Project\touch-24\TOUCH.h" 1
 158  000C  0000        	nop
 158  000D              _L16:
 159  000D              #line 159 "C:\Hamed-PC\Projects\HTK_Project\touch-24\TOUCH.h"
 159  000D  3D02        	sz [2].2
 159  000E  2800     R  	jmp _L16
 161  000F              #line 161 "C:\Hamed-PC\Projects\HTK_Project\touch-24\TOUCH.h"
 161  000F  3582        	clr [2].3
 163  0010              #line 163 "C:\Hamed-PC\Projects\HTK_Project\touch-24\TOUCH.h"
 163  0010  300E        	set [14].0
 163  0011  0003        	ret
 163  0012              _eeprom_write endp
 163  0012              #line 163 "C:\Hamed-PC\Projects\HTK_Project\touch-24\TOUCH.h"
 163  0012              #pragma debug scope 1 1
 163  0012              public _find_remote_index
 163  0012              #pragma debug scope 7 1
 168  0012              #line 168 "C:\Hamed-PC\Projects\HTK_Project\touch-24\TOUCH.h"
 168  0000              _find_remote_index .section 'code'
 168  0000              _find_remote_index proc
 168  0000  00              local _find_remote_index_2 db 1 dup(?)	; 0,1
 171  0001              #line 171 "C:\Hamed-PC\Projects\HTK_Project\touch-24\TOUCH.h"
 171  0000  1F00     R  	clr _i[0]
 171  0001              _L18:
 171  0001              #line 171 "C:\Hamed-PC\Projects\HTK_Project\touch-24\TOUCH.h"
 171  0001  0F27        	mov a,39
 171  0002  0200     R  	sub a,_i[0]
 171  0003  380A        	snz c
 171  0004  2800     R  	jmp _L23
 173  0005              #line 173 "C:\Hamed-PC\Projects\HTK_Project\touch-24\TOUCH.h"
 173  0005  0700     R  	mov a,_i[0]
 173  0006  0080     E  	mov ra,a
 173  0007  0700     E  	mov a,ra
 173  0008  0300     E  	add a,ra
 173  0009  0080     E  	mov rb,a
 173  000A  0700     E  	mov a,rb
 173  000B  0300     E  	add a,ra
 173  000C  0080     R  	mov _find_remote_index_2[0],a
"File: TOUCH.h       Assembler  Version HGASM0202      Page 7

 173  000D  1400     R  	inca _find_remote_index_2[0]
 173  000E  0080     E  	mov ra,a
 175  000F              #line 175 "C:\Hamed-PC\Projects\HTK_Project\touch-24\TOUCH.h"
 175  000F  0700     E  	mov a,ra
 175  0010  2000     R  	call _eeprom_read
 175  0011  0080     E  	mov ra,a
 175  0012  0700     E  	mov a,ra
 175  0013  0200     R  	sub a,_DataM[0]
 175  0014  390A        	snz z
 175  0015  2800     R  	jmp _L22
 176  0016              #line 176 "C:\Hamed-PC\Projects\HTK_Project\touch-24\TOUCH.h"
 176  0016  0700     R  	mov a,_find_remote_index_2[0]
 176  0017  0B02        	add a,2
 176  0018  0080     E  	mov ra,a
 176  0019  0700     E  	mov a,ra
 176  001A  2000     R  	call _eeprom_read
 176  001B  0080     E  	mov ra,a
 175  001C              #line 175 "C:\Hamed-PC\Projects\HTK_Project\touch-24\TOUCH.h"
 175  001C  0700     E  	mov a,ra
 175  001D  0200     R  	sub a,_DataM[1]
 175  001E  390A        	snz z
 175  001F  2800     R  	jmp _L22
 177  0020              #line 177 "C:\Hamed-PC\Projects\HTK_Project\touch-24\TOUCH.h"
 177  0020  0700     R  	mov a,_find_remote_index_2[0]
 177  0021  0B03        	add a,3
 177  0022  0080     E  	mov ra,a
 177  0023  0700     E  	mov a,ra
 177  0024  2000     R  	call _eeprom_read
 177  0025  0080     E  	mov ra,a
 176  0026              #line 176 "C:\Hamed-PC\Projects\HTK_Project\touch-24\TOUCH.h"
 176  0026  0700     E  	mov a,ra
 176  0027  0200     R  	sub a,_DataM[2]
 176  0028  390A        	snz z
 176  0029  2800     R  	jmp _L22
 179  002A              #line 179 "C:\Hamed-PC\Projects\HTK_Project\touch-24\TOUCH.h"
 179  002A  0700     R  	mov a,_i[0]
 179  002B  0080     E  	mov ra,a
 179  002C  2800     R  	jmp _L20
 179  002D              _L22:
 171  002D              #line 171 "C:\Hamed-PC\Projects\HTK_Project\touch-24\TOUCH.h"
 171  002D  1480     R  	inc _i[0]
 171  002E  2800     R  	jmp _L18
 171  002F              _L23:
 183  002F              #line 183 "C:\Hamed-PC\Projects\HTK_Project\touch-24\TOUCH.h"
 183  002F  1F80     E  	set ra
 183  0030              _L20:
 184  0030              #line 184 "C:\Hamed-PC\Projects\HTK_Project\touch-24\TOUCH.h"
 184  0030  0700     E  	mov a,ra
 184  0031  0003        	ret
 184  0032              _find_remote_index endp
 184  0032              #line 184 "C:\Hamed-PC\Projects\HTK_Project\touch-24\TOUCH.h"
 184  0032              #pragma debug scope 1 1
 184  0032              public _find_empty_slot
 184  0032              #pragma debug scope 8 1
 187  0032              #line 187 "C:\Hamed-PC\Projects\HTK_Project\touch-24\TOUCH.h"
 187  0000              _find_empty_slot .section 'code'
 187  0000              _find_empty_slot proc
 187  0000  00              local _find_empty_slot_2 db 1 dup(?)	; 0,1
 190  0001              #line 190 "C:\Hamed-PC\Projects\HTK_Project\touch-24\TOUCH.h"
 190  0000  1F00     R  	clr _i[0]
"File: TOUCH.h       Assembler  Version HGASM0202      Page 8

 190  0001              _L25:
 190  0001              #line 190 "C:\Hamed-PC\Projects\HTK_Project\touch-24\TOUCH.h"
 190  0001  0F27        	mov a,39
 190  0002  0200     R  	sub a,_i[0]
 190  0003  380A        	snz c
 190  0004  2800     R  	jmp _L30
 192  0005              #line 192 "C:\Hamed-PC\Projects\HTK_Project\touch-24\TOUCH.h"
 192  0005  0700     R  	mov a,_i[0]
 192  0006  0080     E  	mov ra,a
 192  0007  0700     E  	mov a,ra
 192  0008  0300     E  	add a,ra
 192  0009  0080     E  	mov rb,a
 192  000A  0700     E  	mov a,rb
 192  000B  0300     E  	add a,ra
 192  000C  0080     R  	mov _find_empty_slot_2[0],a
 192  000D  1400     R  	inca _find_empty_slot_2[0]
 192  000E  0080     E  	mov ra,a
 194  000F              #line 194 "C:\Hamed-PC\Projects\HTK_Project\touch-24\TOUCH.h"
 194  000F  0700     E  	mov a,ra
 194  0010  2000     R  	call _eeprom_read
 194  0011  0080     E  	mov ra,a
 194  0012  1600     E  	siza ra
 194  0013  2800     R  	jmp _L29
 195  0014              #line 195 "C:\Hamed-PC\Projects\HTK_Project\touch-24\TOUCH.h"
 195  0014  0700     R  	mov a,_find_empty_slot_2[0]
 195  0015  0B02        	add a,2
 195  0016  0080     E  	mov ra,a
 195  0017  0700     E  	mov a,ra
 195  0018  2000     R  	call _eeprom_read
 195  0019  0080     E  	mov ra,a
 194  001A              #line 194 "C:\Hamed-PC\Projects\HTK_Project\touch-24\TOUCH.h"
 194  001A  1600     E  	siza ra
 194  001B  2800     R  	jmp _L29
 196  001C              #line 196 "C:\Hamed-PC\Projects\HTK_Project\touch-24\TOUCH.h"
 196  001C  0700     R  	mov a,_find_empty_slot_2[0]
 196  001D  0B03        	add a,3
 196  001E  0080     E  	mov ra,a
 196  001F  0700     E  	mov a,ra
 196  0020  2000     R  	call _eeprom_read
 196  0021  0080     E  	mov ra,a
 195  0022              #line 195 "C:\Hamed-PC\Projects\HTK_Project\touch-24\TOUCH.h"
 195  0022  1600     E  	siza ra
 195  0023  2800     R  	jmp _L29
 198  0024              #line 198 "C:\Hamed-PC\Projects\HTK_Project\touch-24\TOUCH.h"
 198  0024  0700     R  	mov a,_i[0]
 198  0025  0080     E  	mov ra,a
 198  0026  2800     R  	jmp _L27
 198  0027              _L29:
 190  0027              #line 190 "C:\Hamed-PC\Projects\HTK_Project\touch-24\TOUCH.h"
 190  0027  1480     R  	inc _i[0]
 190  0028  2800     R  	jmp _L25
 190  0029              _L30:
 202  0029              #line 202 "C:\Hamed-PC\Projects\HTK_Project\touch-24\TOUCH.h"
 202  0029  1F80     E  	set ra
 202  002A              _L27:
 203  002A              #line 203 "C:\Hamed-PC\Projects\HTK_Project\touch-24\TOUCH.h"
 203  002A  0700     E  	mov a,ra
 203  002B  0003        	ret
 203  002C              _find_empty_slot endp
 203  002C              #line 203 "C:\Hamed-PC\Projects\HTK_Project\touch-24\TOUCH.h"
"File: TOUCH.h       Assembler  Version HGASM0202      Page 9

 203  002C              #pragma debug scope 1 1
 203  002C              ___pa equ [20]
 203  002C              public _remove_remote
 203  002C              #pragma debug scope 9 1
 207  002C              #line 207 "C:\Hamed-PC\Projects\HTK_Project\touch-24\TOUCH.h"
 207  0000              _remove_remote .section 'code'
 207  0000              _remove_remote proc
 207  0000  00              local _remove_remote_2 db 1 dup(?)	; 0,1
 211  0001              #line 211 "C:\Hamed-PC\Projects\HTK_Project\touch-24\TOUCH.h"
 211  0000  2000     R  	call _find_remote_index
 211  0001  0080     E  	mov ra,a
 213  0002              #line 213 "C:\Hamed-PC\Projects\HTK_Project\touch-24\TOUCH.h"
 213  0002  3C00     E  	sz ra.7
 213  0003  2800     R  	jmp _L31
 215  0004              #line 215 "C:\Hamed-PC\Projects\HTK_Project\touch-24\TOUCH.h"
 215  0004  0700     E  	mov a,ra
 215  0005  0300     E  	add a,ra
 215  0006  0080     E  	mov rb,a
 215  0007  0700     E  	mov a,rb
 215  0008  0300     E  	add a,ra
 215  0009  0080     R  	mov _remove_remote_2[0],a
 217  000A              #line 217 "C:\Hamed-PC\Projects\HTK_Project\touch-24\TOUCH.h"
 217  000A  1400     R  	inca _remove_remote_2[0]
 217  000B  0080     R  	mov _eeprom_write_2[0],a
 217  000C  0FFF        	mov a,255
 217  000D  2000     R  	call _eeprom_write
 218  000E              #line 218 "C:\Hamed-PC\Projects\HTK_Project\touch-24\TOUCH.h"
 218  000E  0700     R  	mov a,_remove_remote_2[0]
 218  000F  0B02        	add a,2
 218  0010  0080     R  	mov _eeprom_write_2[0],a
 218  0011  0FFF        	mov a,255
 218  0012  2000     R  	call _eeprom_write
 219  0013              #line 219 "C:\Hamed-PC\Projects\HTK_Project\touch-24\TOUCH.h"
 219  0013  0700     R  	mov a,_remove_remote_2[0]
 219  0014  0B03        	add a,3
 219  0015  0080     R  	mov _eeprom_write_2[0],a
 219  0016  0FFF        	mov a,255
 219  0017  2000     R  	call _eeprom_write
 221  0018              #line 221 "C:\Hamed-PC\Projects\HTK_Project\touch-24\TOUCH.h"
 221  0018  3294        	set [20].5
 222  0019              #line 222 "C:\Hamed-PC\Projects\HTK_Project\touch-24\TOUCH.h"
 222  0019  0FC8        	mov a,-56
 222  001A  0080     R  	mov _delay_ms_2[0],a
 222  001B  1F00     R  	clr _delay_ms_2[1]
 222  001C  1F00     R  	clr _delay_ms_2[2]
 222  001D  1F00     R  	clr _delay_ms_2[3]
 222  001E  2000     R  	call _delay_ms
 223  001F              #line 223 "C:\Hamed-PC\Projects\HTK_Project\touch-24\TOUCH.h"
 223  001F  3694        	clr [20].5
 223  0020              _L31:
 223  0020  0003        	ret
 223  0021              _remove_remote endp
 223  0021              #line 223 "C:\Hamed-PC\Projects\HTK_Project\touch-24\TOUCH.h"
 223  0021              #pragma debug scope 1 1
 223  0021              public _format_memory
 223  0021              #pragma debug scope 10 1
 228  0021              #line 228 "C:\Hamed-PC\Projects\HTK_Project\touch-24\TOUCH.h"
 228  0000              _format_memory .section 'code'
 228  0000              _format_memory proc
 230  0000              #line 230 "C:\Hamed-PC\Projects\HTK_Project\touch-24\TOUCH.h"
"File: TOUCH.h       Assembler  Version HGASM0202      Page 10

 230  0000  1F00     R  	clr _remote_count[0]
 231  0001              #line 231 "C:\Hamed-PC\Projects\HTK_Project\touch-24\TOUCH.h"
 231  0001  1F00     R  	clr _eeprom_write_2[0]
 231  0002  0F00        	mov a,0
 231  0003  2000     R  	call _eeprom_write
 231  0004  0003        	ret
 231  0005              _format_memory endp
 231  0005              #line 231 "C:\Hamed-PC\Projects\HTK_Project\touch-24\TOUCH.h"
 231  0005              #pragma debug scope 1 1
 231  0005              ___tmrc equ [29]
 231  0005              public _check_remote
 231  0005              #pragma debug scope 11 1
 239  0005              #line 239 "C:\Hamed-PC\Projects\HTK_Project\touch-24\TOUCH.h"
 239  0000              _check_remote .section 'code'
 239  0000              _check_remote proc
 239  0000  00              local _check_remote_2 db 1 dup(?)	; 0,1
 242  0001              #line 242 "C:\Hamed-PC\Projects\HTK_Project\touch-24\TOUCH.h"
 242  0000  1F00     R  	clr _i[0]
 242  0001              _L35:
 242  0001              #line 242 "C:\Hamed-PC\Projects\HTK_Project\touch-24\TOUCH.h"
 242  0001  0F27        	mov a,39
 242  0002  0200     R  	sub a,_i[0]
 242  0003  380A        	snz c
 242  0004  2800     R  	jmp _L40
 243  0005              #line 243 "C:\Hamed-PC\Projects\HTK_Project\touch-24\TOUCH.h"
 243  0005  0700     R  	mov a,_i[0]
 243  0006  0080     E  	mov ra,a
 243  0007  0700     E  	mov a,ra
 243  0008  0300     E  	add a,ra
 243  0009  0080     E  	mov rb,a
 243  000A  0700     E  	mov a,rb
 243  000B  0300     E  	add a,ra
 243  000C  0080     R  	mov _check_remote_2[0],a
 243  000D  1400     R  	inca _check_remote_2[0]
 243  000E  0080     E  	mov ra,a
 246  000F              #line 246 "C:\Hamed-PC\Projects\HTK_Project\touch-24\TOUCH.h"
 246  000F  0700     E  	mov a,ra
 246  0010  2000     R  	call _eeprom_read
 246  0011  0080     E  	mov ra,a
 246  0012  0700     E  	mov a,ra
 246  0013  0200     R  	sub a,_DataM[0]
 246  0014  390A        	snz z
 246  0015  2800     R  	jmp _L39
 247  0016              #line 247 "C:\Hamed-PC\Projects\HTK_Project\touch-24\TOUCH.h"
 247  0016  0700     R  	mov a,_check_remote_2[0]
 247  0017  0B02        	add a,2
 247  0018  0080     E  	mov ra,a
 247  0019  0700     E  	mov a,ra
 247  001A  2000     R  	call _eeprom_read
 247  001B  0080     E  	mov ra,a
 247  001C  0700     E  	mov a,ra
 247  001D  0200     R  	sub a,_DataM[1]
 247  001E  390A        	snz z
 247  001F  2800     R  	jmp _L39
 248  0020              #line 248 "C:\Hamed-PC\Projects\HTK_Project\touch-24\TOUCH.h"
 248  0020  0700     R  	mov a,_check_remote_2[0]
 248  0021  0B03        	add a,3
 248  0022  0080     E  	mov ra,a
 248  0023  0700     E  	mov a,ra
 248  0024  2000     R  	call _eeprom_read
"File: TOUCH.h       Assembler  Version HGASM0202      Page 11

 248  0025  0080     E  	mov ra,a
 248  0026  0700     E  	mov a,ra
 248  0027  0200     R  	sub a,_DataM[2]
 248  0028  390A        	snz z
 248  0029  2800     R  	jmp _L39
 250  002A              #line 250 "C:\Hamed-PC\Projects\HTK_Project\touch-24\TOUCH.h"
 250  002A  3494        	clr [20].1
 251  002B              #line 251 "C:\Hamed-PC\Projects\HTK_Project\touch-24\TOUCH.h"
 251  002B  361D        	clr [29].4
 253  002C              #line 253 "C:\Hamed-PC\Projects\HTK_Project\touch-24\TOUCH.h"
 253  002C  3294        	set [20].5
 254  002D              #line 254 "C:\Hamed-PC\Projects\HTK_Project\touch-24\TOUCH.h"
 254  002D  0F64        	mov a,100
 254  002E  0080     R  	mov _delay_ms_2[0],a
 254  002F  1F00     R  	clr _delay_ms_2[1]
 254  0030  1F00     R  	clr _delay_ms_2[2]
 254  0031  1F00     R  	clr _delay_ms_2[3]
 254  0032  2000     R  	call _delay_ms
 255  0033              #line 255 "C:\Hamed-PC\Projects\HTK_Project\touch-24\TOUCH.h"
 255  0033  3694        	clr [20].5
 257  0034              #line 257 "C:\Hamed-PC\Projects\HTK_Project\touch-24\TOUCH.h"
 257  0034  0FBC        	mov a,-68
 257  0035  0080     R  	mov _delay_ms_2[0],a
 257  0036  0F02        	mov a,2
 257  0037  0080     R  	mov _delay_ms_2[1],a
 257  0038  1F00     R  	clr _delay_ms_2[2]
 257  0039  1F00     R  	clr _delay_ms_2[3]
 257  003A  2000     R  	call _delay_ms
 258  003B              #line 258 "C:\Hamed-PC\Projects\HTK_Project\touch-24\TOUCH.h"
 258  003B  3094        	set [20].1
 259  003C              #line 259 "C:\Hamed-PC\Projects\HTK_Project\touch-24\TOUCH.h"
 259  003C  321D        	set [29].4
 262  003D              #line 262 "C:\Hamed-PC\Projects\HTK_Project\touch-24\TOUCH.h"
 262  003D  2800     R  	jmp _L34
 262  003E              _L39:
 242  003E              #line 242 "C:\Hamed-PC\Projects\HTK_Project\touch-24\TOUCH.h"
 242  003E  1480     R  	inc _i[0]
 242  003F  2800     R  	jmp _L35
 242  0040              _L40:
 268  0040              #line 268 "C:\Hamed-PC\Projects\HTK_Project\touch-24\TOUCH.h"
 268  0040  3400     R  	clr _Lock
 268  0041              _L34:
 268  0041  0003        	ret
 268  0042              _check_remote endp
 268  0042              #line 268 "C:\Hamed-PC\Projects\HTK_Project\touch-24\TOUCH.h"
 268  0042              #pragma debug scope 1 1
 268  0042              public _learn_remote
 268  0042              #pragma debug scope 12 1
 273  0042              #line 273 "C:\Hamed-PC\Projects\HTK_Project\touch-24\TOUCH.h"
 273  0000              _learn_remote .section 'code'
 273  0000              _learn_remote proc
 273  0000  00              local _learn_remote_2 db 1 dup(?)	; 0,1
 277  0001              #line 277 "C:\Hamed-PC\Projects\HTK_Project\touch-24\TOUCH.h"
 277  0000  2000     R  	call _find_remote_index
 277  0001  0080     E  	mov ra,a
 279  0002              #line 279 "C:\Hamed-PC\Projects\HTK_Project\touch-24\TOUCH.h"
 279  0002  3C00     E  	sz ra.7
 279  0003  2800     R  	jmp _L42
 281  0004              #line 281 "C:\Hamed-PC\Projects\HTK_Project\touch-24\TOUCH.h"
 281  0004  3294        	set [20].5
"File: TOUCH.h       Assembler  Version HGASM0202      Page 12

 281  0005  0F28        	mov a,40
 281  0006  0080     R  	mov _delay_ms_2[0],a
 281  0007  1F00     R  	clr _delay_ms_2[1]
 281  0008  1F00     R  	clr _delay_ms_2[2]
 281  0009  1F00     R  	clr _delay_ms_2[3]
 281  000A  2000     R  	call _delay_ms
 281  000B  3694        	clr [20].5
 282  000C              #line 282 "C:\Hamed-PC\Projects\HTK_Project\touch-24\TOUCH.h"
 282  000C  0F28        	mov a,40
 282  000D  0080     R  	mov _delay_ms_2[0],a
 282  000E  1F00     R  	clr _delay_ms_2[1]
 282  000F  1F00     R  	clr _delay_ms_2[2]
 282  0010  1F00     R  	clr _delay_ms_2[3]
 282  0011  2000     R  	call _delay_ms
 282  0012  2800     R  	jmp _L44
 282  0013              _L42:
 289  0013              #line 289 "C:\Hamed-PC\Projects\HTK_Project\touch-24\TOUCH.h"
 289  0013  2000     R  	call _find_empty_slot
 289  0014  0080     E  	mov ra,a
 291  0015              #line 291 "C:\Hamed-PC\Projects\HTK_Project\touch-24\TOUCH.h"
 291  0015  3C00     E  	sz ra.7
 291  0016  2800     R  	jmp _L41
 293  0017              #line 293 "C:\Hamed-PC\Projects\HTK_Project\touch-24\TOUCH.h"
 293  0017  0700     E  	mov a,ra
 293  0018  0300     E  	add a,ra
 293  0019  0080     E  	mov rb,a
 293  001A  0700     E  	mov a,rb
 293  001B  0300     E  	add a,ra
 293  001C  0080     R  	mov _learn_remote_2[0],a
 295  001D              #line 295 "C:\Hamed-PC\Projects\HTK_Project\touch-24\TOUCH.h"
 295  001D  0700     R  	mov a,_DataM[0]
 295  001E  0080     E  	mov ra,a
 295  001F  1400     R  	inca _learn_remote_2[0]
 295  0020  0080     R  	mov _eeprom_write_2[0],a
 295  0021  0700     E  	mov a,ra
 295  0022  2000     R  	call _eeprom_write
 296  0023              #line 296 "C:\Hamed-PC\Projects\HTK_Project\touch-24\TOUCH.h"
 296  0023  0700     R  	mov a,_DataM[1]
 296  0024  0080     E  	mov ra,a
 296  0025  0700     R  	mov a,_learn_remote_2[0]
 296  0026  0B02        	add a,2
 296  0027  0080     R  	mov _eeprom_write_2[0],a
 296  0028  0700     E  	mov a,ra
 296  0029  2000     R  	call _eeprom_write
 297  002A              #line 297 "C:\Hamed-PC\Projects\HTK_Project\touch-24\TOUCH.h"
 297  002A  0700     R  	mov a,_DataM[2]
 297  002B  0080     E  	mov ra,a
 297  002C  0700     R  	mov a,_learn_remote_2[0]
 297  002D  0B03        	add a,3
 297  002E  0080     R  	mov _eeprom_write_2[0],a
 297  002F  0700     E  	mov a,ra
 297  0030  2000     R  	call _eeprom_write
 297  0031              _L44:
 299  0031              #line 299 "C:\Hamed-PC\Projects\HTK_Project\touch-24\TOUCH.h"
 299  0031  3294        	set [20].5
 299  0032  0F28        	mov a,40
 299  0033  0080     R  	mov _delay_ms_2[0],a
 299  0034  1F00     R  	clr _delay_ms_2[1]
 299  0035  1F00     R  	clr _delay_ms_2[2]
 299  0036  1F00     R  	clr _delay_ms_2[3]
"File: TOUCH.h       Assembler  Version HGASM0202      Page 13

 299  0037  2000     R  	call _delay_ms
 299  0038  3694        	clr [20].5
 300  0039              #line 300 "C:\Hamed-PC\Projects\HTK_Project\touch-24\TOUCH.h"
 300  0039  0F28        	mov a,40
 300  003A  0080     R  	mov _delay_ms_2[0],a
 300  003B  1F00     R  	clr _delay_ms_2[1]
 300  003C  1F00     R  	clr _delay_ms_2[2]
 300  003D  1F00     R  	clr _delay_ms_2[3]
 300  003E  2000     R  	call _delay_ms
 301  003F              #line 301 "C:\Hamed-PC\Projects\HTK_Project\touch-24\TOUCH.h"
 301  003F  3294        	set [20].5
 301  0040  0F28        	mov a,40
 301  0041  0080     R  	mov _delay_ms_2[0],a
 301  0042  1F00     R  	clr _delay_ms_2[1]
 301  0043  1F00     R  	clr _delay_ms_2[2]
 301  0044  1F00     R  	clr _delay_ms_2[3]
 301  0045  2000     R  	call _delay_ms
 301  0046  3694        	clr [20].5
 301  0047              _L41:
 301  0047  0003        	ret
 301  0048              _learn_remote endp
 301  0048              #line 301 "C:\Hamed-PC\Projects\HTK_Project\touch-24\TOUCH.h"
 301  0048              #pragma debug scope 1 1
 301  0048              ___tktmr equ [67]
 301  0048              ___tkc0 equ [68]
 301  0048              ___tkc1 equ [71]
 301  0048              ___tkm0c1 equ [77]
 301  0048              ___tkm0rol equ [74]
 301  0048              ___tkm0roh equ [75]
 301  0048              ___tkm0c0 equ [76]
 301  0048              public _TuochKeyInit
 301  0048              #pragma debug scope 13 1
 309  0048              #line 309 "C:\Hamed-PC\Projects\HTK_Project\touch-24\TOUCH.h"
 309  0000              _TuochKeyInit .section 'code'
 309  0000              _TuochKeyInit proc
 311  0000              #line 311 "C:\Hamed-PC\Projects\HTK_Project\touch-24\TOUCH.h"
 311  0000  350E        	clr [14].2
 312  0001              #line 312 "C:\Hamed-PC\Projects\HTK_Project\touch-24\TOUCH.h"
 312  0001  368E        	clr [14].5
 313  0002              #line 313 "C:\Hamed-PC\Projects\HTK_Project\touch-24\TOUCH.h"
 313  0002  1F43        	clr [67]
 314  0003              #line 314 "C:\Hamed-PC\Projects\HTK_Project\touch-24\TOUCH.h"
 314  0003  34C4        	clr [68].1
 314  0004  3444        	clr [68].0
 315  0005              #line 315 "C:\Hamed-PC\Projects\HTK_Project\touch-24\TOUCH.h"
 315  0005  30C7        	set [71].1
 315  0006  3047        	set [71].0
 318  0007              #line 318 "C:\Hamed-PC\Projects\HTK_Project\touch-24\TOUCH.h"
 318  0007  31CD        	set [77].3
 318  0008  354D        	clr [77].2
 318  0009  34CD        	clr [77].1
 318  000A  344D        	clr [77].0
 319  000B              #line 319 "C:\Hamed-PC\Projects\HTK_Project\touch-24\TOUCH.h"
 319  000B  0FC8        	mov a,200
 319  000C  00CA        	mov [74],a
 319  000D  1F4B        	clr [75]
 320  000E              #line 320 "C:\Hamed-PC\Projects\HTK_Project\touch-24\TOUCH.h"
 320  000E  32CC        	set [76].5
 321  000F              #line 321 "C:\Hamed-PC\Projects\HTK_Project\touch-24\TOUCH.h"
 321  000F  324C        	set [76].4
"File: TOUCH.h       Assembler  Version HGASM0202      Page 14

 322  0010              #line 322 "C:\Hamed-PC\Projects\HTK_Project\touch-24\TOUCH.h"
 322  0010  35CC        	clr [76].3
 323  0011              #line 323 "C:\Hamed-PC\Projects\HTK_Project\touch-24\TOUCH.h"
 323  0011  314C        	set [76].2
 323  0012  30CC        	set [76].1
 323  0013  304C        	set [76].0
 324  0014              #line 324 "C:\Hamed-PC\Projects\HTK_Project\touch-24\TOUCH.h"
 324  0014  37CD        	clr [77].7
 325  0015              #line 325 "C:\Hamed-PC\Projects\HTK_Project\touch-24\TOUCH.h"
 325  0015  32CD        	set [77].5
 326  0016              #line 326 "C:\Hamed-PC\Projects\HTK_Project\touch-24\TOUCH.h"
 326  0016  324D        	set [77].4
 326  0017  0003        	ret
 326  0018              _TuochKeyInit endp
 326  0018              #line 326 "C:\Hamed-PC\Projects\HTK_Project\touch-24\TOUCH.h"
 326  0018              #pragma debug scope 1 1
 326  0018              public _Key_Touch
 326  0018              #pragma debug scope 14 1
 330  0018              #line 330 "C:\Hamed-PC\Projects\HTK_Project\touch-24\TOUCH.h"
 330  0000              _Key_Touch .section 'code'
 330  0000              _Key_Touch proc
 332  0000              #line 332 "C:\Hamed-PC\Projects\HTK_Project\touch-24\TOUCH.h"
 332  0000  0FE7        	mov a,231
 332  0001  0200     R  	sub a,_fast_touch_timer[0]
 332  0002  0F03        	mov a,3
 332  0003  1200     R  	sbc a,_fast_touch_timer[1]
 332  0004  380A        	snz c
 332  0005  2800     R  	jmp _L47
 332  0006              #line 332 "C:\Hamed-PC\Projects\HTK_Project\touch-24\TOUCH.h"
 332  0006  1480     R  	inc _fast_touch_timer[0]
 332  0007  3D0A        	sz z
 332  0008  1480     R  	inc _fast_touch_timer[1]
 332  0009              _L47:
 334  0009              #line 334 "C:\Hamed-PC\Projects\HTK_Project\touch-24\TOUCH.h"
 334  0009  0FB0        	mov a,176
 334  000A  0300     R  	add a,_Count_C1[0]
 334  000B  0080     E  	mov rd,a
 334  000C  0FFF        	mov a,255
 334  000D  1300     R  	adc a,_Count_C1[1]
 334  000E  0080     E  	mov re,a
 334  000F  0FFF        	mov a,255
 334  0010  1300     R  	adc a,_Count_C1[2]
 334  0011  0080     E  	mov rf,a
 334  0012  0FFF        	mov a,255
 334  0013  1300     R  	adc a,_Count_C1[3]
 334  0014  0080     E  	mov rg,a
 334  0015  0700     R  	mov a,_Count_S1[0]
 334  0016  0200     E  	sub a,rd
 334  0017  0700     R  	mov a,_Count_S1[1]
 334  0018  1200     E  	sbc a,re
 334  0019  1F05        	clr acc
 334  001A  1200     E  	sbc a,rf
 334  001B  1F05        	clr acc
 334  001C  1200     E  	sbc a,rg
 334  001D  3C0A        	sz c
 334  001E  2800     R  	jmp _L48
 336  001F              #line 336 "C:\Hamed-PC\Projects\HTK_Project\touch-24\TOUCH.h"
 336  001F  1480     R  	inc _Count_T1[0]
 336  0020  3D0A        	sz z
 336  0021  1480     R  	inc _Count_T1[1]
"File: TOUCH.h       Assembler  Version HGASM0202      Page 15

 336  0022  0FD0        	mov a,208
 336  0023  0200     R  	sub a,_Count_T1[0]
 336  0024  0F07        	mov a,7
 336  0025  1200     R  	sbc a,_Count_T1[1]
 336  0026  3C0A        	sz c
 336  0027  2800     R  	jmp _L50
 336  0028  0FD0        	mov a,-48
 336  0029  0080     R  	mov _Count_T1[0],a
 336  002A  0F07        	mov a,7
 336  002B  0080     R  	mov _Count_T1[1],a
 336  002C  2800     R  	jmp _L50
 336  002D              _L48:
 338  002D              #line 338 "C:\Hamed-PC\Projects\HTK_Project\touch-24\TOUCH.h"
 338  002D  0FE2        	mov a,226
 338  002E  0300     R  	add a,_Count_C1[0]
 338  002F  0080     E  	mov rd,a
 338  0030  0FFF        	mov a,255
 338  0031  1300     R  	adc a,_Count_C1[1]
 338  0032  0080     E  	mov re,a
 338  0033  0FFF        	mov a,255
 338  0034  1300     R  	adc a,_Count_C1[2]
 338  0035  0080     E  	mov rf,a
 338  0036  0FFF        	mov a,255
 338  0037  1300     R  	adc a,_Count_C1[3]
 338  0038  0080     E  	mov rg,a
 338  0039  1080     E  	sz rg
 338  003A  2800     R  	jmp _L50
 338  003B  1080     E  	sz rf
 338  003C  2800     R  	jmp _L50
 338  003D  0700     E  	mov a,rd
 338  003E  0200     R  	sub a,_Count_S1[0]
 338  003F  0700     E  	mov a,re
 338  0040  1200     R  	sbc a,_Count_S1[1]
 338  0041  3C0A        	sz c
 338  0042  2800     R  	jmp _L50
 340  0043              #line 340 "C:\Hamed-PC\Projects\HTK_Project\touch-24\TOUCH.h"
 340  0043  1F00     R  	clr _Count_T1[0]
 340  0044  1F00     R  	clr _Count_T1[1]
 341  0045              #line 341 "C:\Hamed-PC\Projects\HTK_Project\touch-24\TOUCH.h"
 341  0045  3094        	set [20].1
 342  0046              #line 342 "C:\Hamed-PC\Projects\HTK_Project\touch-24\TOUCH.h"
 342  0046  3400     R  	clr _bizer
 342  0047              _L50:
 346  0047              #line 346 "C:\Hamed-PC\Projects\HTK_Project\touch-24\TOUCH.h"
 346  0047  0700     R  	mov a,_Count_T1[0]
 346  0048  0C46        	xor a,70
 346  0049  0500     R  	or a,_Count_T1[1]
 346  004A  390A        	snz z
 346  004B  2800     R  	jmp _L53
 348  004C              #line 348 "C:\Hamed-PC\Projects\HTK_Project\touch-24\TOUCH.h"
 348  004C  3494        	clr [20].1
 350  004D              #line 350 "C:\Hamed-PC\Projects\HTK_Project\touch-24\TOUCH.h"
 350  004D  1F00     R  	clr _CalibrCount[0]
 351  004E              #line 351 "C:\Hamed-PC\Projects\HTK_Project\touch-24\TOUCH.h"
 351  004E  1F00     R  	clr _CalibrSample[0]
 352  004F              #line 352 "C:\Hamed-PC\Projects\HTK_Project\touch-24\TOUCH.h"
 352  004F  1F00     R  	clr _Count_C1_Backup[0]
 352  0050  1F00     R  	clr _Count_C1_Backup[1]
 352  0051  1F00     R  	clr _Count_C1_Backup[2]
 352  0052  1F00     R  	clr _Count_C1_Backup[3]
"File: TOUCH.h       Assembler  Version HGASM0202      Page 16

 354  0053              #line 354 "C:\Hamed-PC\Projects\HTK_Project\touch-24\TOUCH.h"
 354  0053  3C00     R  	sz _bizer
 354  0054  2800     R  	jmp _L54
 355  0055              #line 355 "C:\Hamed-PC\Projects\HTK_Project\touch-24\TOUCH.h"
 355  0055  3294        	set [20].5
 356  0056              #line 356 "C:\Hamed-PC\Projects\HTK_Project\touch-24\TOUCH.h"
 356  0056  0F64        	mov a,100
 356  0057  0080     R  	mov _delay_ms_2[0],a
 356  0058  1F00     R  	clr _delay_ms_2[1]
 356  0059  1F00     R  	clr _delay_ms_2[2]
 356  005A  1F00     R  	clr _delay_ms_2[3]
 356  005B  2000     R  	call _delay_ms
 357  005C              #line 357 "C:\Hamed-PC\Projects\HTK_Project\touch-24\TOUCH.h"
 357  005C  3694        	clr [20].5
 358  005D              #line 358 "C:\Hamed-PC\Projects\HTK_Project\touch-24\TOUCH.h"
 358  005D  3000     R  	set _bizer
 358  005E              _L54:
 362  005E              #line 362 "C:\Hamed-PC\Projects\HTK_Project\touch-24\TOUCH.h"
 362  005E  1080     R  	sz _RF_Mode[0]
 362  005F  2800     R  	jmp _LI1
 362  0060  2800     R  	jmp _L53
 362  0061              _LI1:
 363  0061              #line 363 "C:\Hamed-PC\Projects\HTK_Project\touch-24\TOUCH.h"
 363  0061  1480     R  	inc _fast_touch_count[0]
 365  0062              #line 365 "C:\Hamed-PC\Projects\HTK_Project\touch-24\TOUCH.h"
 365  0062  0FF3        	mov a,243
 365  0063  0200     R  	sub a,_fast_touch_timer[0]
 365  0064  0F01        	mov a,1
 365  0065  1200     R  	sbc a,_fast_touch_timer[1]
 365  0066  380A        	snz c
 365  0067  2800     R  	jmp _L56
 367  0068              #line 367 "C:\Hamed-PC\Projects\HTK_Project\touch-24\TOUCH.h"
 367  0068  0F03        	mov a,3
 367  0069  0200     R  	sub a,_fast_touch_count[0]
 367  006A  3C0A        	sz c
 367  006B  2800     R  	jmp _L57
 369  006C              #line 369 "C:\Hamed-PC\Projects\HTK_Project\touch-24\TOUCH.h"
 369  006C  2000     R  	call _format_memory
 371  006D              #line 371 "C:\Hamed-PC\Projects\HTK_Project\touch-24\TOUCH.h"
 371  006D  3294        	set [20].5
 372  006E              #line 372 "C:\Hamed-PC\Projects\HTK_Project\touch-24\TOUCH.h"
 372  006E  0F58        	mov a,88
 372  006F  0080     R  	mov _delay_ms_2[0],a
 372  0070  0F02        	mov a,2
 372  0071  0080     R  	mov _delay_ms_2[1],a
 372  0072  1F00     R  	clr _delay_ms_2[2]
 372  0073  1F00     R  	clr _delay_ms_2[3]
 372  0074  2000     R  	call _delay_ms
 373  0075              #line 373 "C:\Hamed-PC\Projects\HTK_Project\touch-24\TOUCH.h"
 373  0075  3694        	clr [20].5
 375  0076              #line 375 "C:\Hamed-PC\Projects\HTK_Project\touch-24\TOUCH.h"
 375  0076  3400     R  	clr _LearnRF
 376  0077              #line 376 "C:\Hamed-PC\Projects\HTK_Project\touch-24\TOUCH.h"
 376  0077  1F00     R  	clr _RF_Mode[0]
 377  0078              #line 377 "C:\Hamed-PC\Projects\HTK_Project\touch-24\TOUCH.h"
 377  0078  1F00     R  	clr _fast_touch_count[0]
 377  0079  2800     R  	jmp _L57
 377  007A              _L56:
 382  007A              #line 382 "C:\Hamed-PC\Projects\HTK_Project\touch-24\TOUCH.h"
 382  007A  0F01        	mov a,1
"File: TOUCH.h       Assembler  Version HGASM0202      Page 17

 382  007B  0080     R  	mov _fast_touch_count[0],a
 382  007C              _L57:
 385  007C              #line 385 "C:\Hamed-PC\Projects\HTK_Project\touch-24\TOUCH.h"
 385  007C  1F00     R  	clr _fast_touch_timer[0]
 385  007D  1F00     R  	clr _fast_touch_timer[1]
 385  007E              _L53:
 393  007E              #line 393 "C:\Hamed-PC\Projects\HTK_Project\touch-24\TOUCH.h"
 393  007E  0700     R  	mov a,_Count_T1[0]
 393  007F  0CE8        	xor a,232
 393  0080  0700     R  	mov a,_Count_T1[1]
 393  0081  3D0A        	sz z
 393  0082  0C03        	xor a,3
 393  0083  390A        	snz z
 393  0084  2800     R  	jmp _L58
 395  0085              #line 395 "C:\Hamed-PC\Projects\HTK_Project\touch-24\TOUCH.h"
 395  0085  1480     R  	inc _Count_T1[0]
 395  0086  3D0A        	sz z
 395  0087  1480     R  	inc _Count_T1[1]
 397  0088              #line 397 "C:\Hamed-PC\Projects\HTK_Project\touch-24\TOUCH.h"
 397  0088  1080     R  	sz _RF_Mode[0]
 397  0089  2800     R  	jmp _LI2
 397  008A  2800     R  	jmp _L61
 397  008B              _LI2:
 415  008B              #line 415 "C:\Hamed-PC\Projects\HTK_Project\touch-24\TOUCH.h"
 415  008B  1700     R  	sdza _RF_Mode[0]
 415  008C  2800     R  	jmp _L61
 417  008D              #line 417 "C:\Hamed-PC\Projects\HTK_Project\touch-24\TOUCH.h"
 417  008D  0F02        	mov a,2
 417  008E  0080     R  	mov _RF_Mode[0],a
 419  008F              #line 419 "C:\Hamed-PC\Projects\HTK_Project\touch-24\TOUCH.h"
 419  008F  3294        	set [20].5
 420  0090              #line 420 "C:\Hamed-PC\Projects\HTK_Project\touch-24\TOUCH.h"
 420  0090  0F28        	mov a,40
 420  0091  0080     R  	mov _delay_ms_2[0],a
 420  0092  1F00     R  	clr _delay_ms_2[1]
 420  0093  1F00     R  	clr _delay_ms_2[2]
 420  0094  1F00     R  	clr _delay_ms_2[3]
 420  0095  2000     R  	call _delay_ms
 421  0096              #line 421 "C:\Hamed-PC\Projects\HTK_Project\touch-24\TOUCH.h"
 421  0096  3694        	clr [20].5
 422  0097              #line 422 "C:\Hamed-PC\Projects\HTK_Project\touch-24\TOUCH.h"
 422  0097  0F28        	mov a,40
 422  0098  0080     R  	mov _delay_ms_2[0],a
 422  0099  1F00     R  	clr _delay_ms_2[1]
 422  009A  1F00     R  	clr _delay_ms_2[2]
 422  009B  1F00     R  	clr _delay_ms_2[3]
 422  009C  2000     R  	call _delay_ms
 423  009D              #line 423 "C:\Hamed-PC\Projects\HTK_Project\touch-24\TOUCH.h"
 423  009D  3294        	set [20].5
 424  009E              #line 424 "C:\Hamed-PC\Projects\HTK_Project\touch-24\TOUCH.h"
 424  009E  0F28        	mov a,40
 424  009F  0080     R  	mov _delay_ms_2[0],a
 424  00A0  1F00     R  	clr _delay_ms_2[1]
 424  00A1  1F00     R  	clr _delay_ms_2[2]
 424  00A2  1F00     R  	clr _delay_ms_2[3]
 424  00A3  2000     R  	call _delay_ms
 425  00A4              #line 425 "C:\Hamed-PC\Projects\HTK_Project\touch-24\TOUCH.h"
 425  00A4  3694        	clr [20].5
 426  00A5              #line 426 "C:\Hamed-PC\Projects\HTK_Project\touch-24\TOUCH.h"
 426  00A5  0F28        	mov a,40
"File: TOUCH.h       Assembler  Version HGASM0202      Page 18

 426  00A6  0080     R  	mov _delay_ms_2[0],a
 426  00A7  1F00     R  	clr _delay_ms_2[1]
 426  00A8  1F00     R  	clr _delay_ms_2[2]
 426  00A9  1F00     R  	clr _delay_ms_2[3]
 426  00AA  2000     R  	call _delay_ms
 427  00AB              #line 427 "C:\Hamed-PC\Projects\HTK_Project\touch-24\TOUCH.h"
 427  00AB  3294        	set [20].5
 428  00AC              #line 428 "C:\Hamed-PC\Projects\HTK_Project\touch-24\TOUCH.h"
 428  00AC  0FC8        	mov a,-56
 428  00AD  0080     R  	mov _delay_ms_2[0],a
 428  00AE  1F00     R  	clr _delay_ms_2[1]
 428  00AF  1F00     R  	clr _delay_ms_2[2]
 428  00B0  1F00     R  	clr _delay_ms_2[3]
 428  00B1  2000     R  	call _delay_ms
 429  00B2              #line 429 "C:\Hamed-PC\Projects\HTK_Project\touch-24\TOUCH.h"
 429  00B2  3694        	clr [20].5
 429  00B3  2800     R  	jmp _L60
 429  00B4              _L61:
 433  00B4              #line 433 "C:\Hamed-PC\Projects\HTK_Project\touch-24\TOUCH.h"
 433  00B4  0F01        	mov a,1
 433  00B5  0080     R  	mov _RF_Mode[0],a
 435  00B6              #line 435 "C:\Hamed-PC\Projects\HTK_Project\touch-24\TOUCH.h"
 435  00B6  3294        	set [20].5
 436  00B7              #line 436 "C:\Hamed-PC\Projects\HTK_Project\touch-24\TOUCH.h"
 436  00B7  0FC8        	mov a,-56
 436  00B8  0080     R  	mov _delay_ms_2[0],a
 436  00B9  1F00     R  	clr _delay_ms_2[1]
 436  00BA  1F00     R  	clr _delay_ms_2[2]
 436  00BB  1F00     R  	clr _delay_ms_2[3]
 436  00BC  2000     R  	call _delay_ms
 437  00BD              #line 437 "C:\Hamed-PC\Projects\HTK_Project\touch-24\TOUCH.h"
 437  00BD  3694        	clr [20].5
 438  00BE              #line 438 "C:\Hamed-PC\Projects\HTK_Project\touch-24\TOUCH.h"
 438  00BE  0F28        	mov a,40
 438  00BF  0080     R  	mov _delay_ms_2[0],a
 438  00C0  1F00     R  	clr _delay_ms_2[1]
 438  00C1  1F00     R  	clr _delay_ms_2[2]
 438  00C2  1F00     R  	clr _delay_ms_2[3]
 438  00C3  2000     R  	call _delay_ms
 439  00C4              #line 439 "C:\Hamed-PC\Projects\HTK_Project\touch-24\TOUCH.h"
 439  00C4  3294        	set [20].5
 440  00C5              #line 440 "C:\Hamed-PC\Projects\HTK_Project\touch-24\TOUCH.h"
 440  00C5  0F28        	mov a,40
 440  00C6  0080     R  	mov _delay_ms_2[0],a
 440  00C7  1F00     R  	clr _delay_ms_2[1]
 440  00C8  1F00     R  	clr _delay_ms_2[2]
 440  00C9  1F00     R  	clr _delay_ms_2[3]
 440  00CA  2000     R  	call _delay_ms
 441  00CB              #line 441 "C:\Hamed-PC\Projects\HTK_Project\touch-24\TOUCH.h"
 441  00CB  3694        	clr [20].5
 442  00CC              #line 442 "C:\Hamed-PC\Projects\HTK_Project\touch-24\TOUCH.h"
 442  00CC  0F28        	mov a,40
 442  00CD  0080     R  	mov _delay_ms_2[0],a
 442  00CE  1F00     R  	clr _delay_ms_2[1]
 442  00CF  1F00     R  	clr _delay_ms_2[2]
 442  00D0  1F00     R  	clr _delay_ms_2[3]
 442  00D1  2000     R  	call _delay_ms
 443  00D2              #line 443 "C:\Hamed-PC\Projects\HTK_Project\touch-24\TOUCH.h"
 443  00D2  3294        	set [20].5
 444  00D3              #line 444 "C:\Hamed-PC\Projects\HTK_Project\touch-24\TOUCH.h"
"File: TOUCH.h       Assembler  Version HGASM0202      Page 19

 444  00D3  0F28        	mov a,40
 444  00D4  0080     R  	mov _delay_ms_2[0],a
 444  00D5  1F00     R  	clr _delay_ms_2[1]
 444  00D6  1F00     R  	clr _delay_ms_2[2]
 444  00D7  1F00     R  	clr _delay_ms_2[3]
 444  00D8  2000     R  	call _delay_ms
 445  00D9              #line 445 "C:\Hamed-PC\Projects\HTK_Project\touch-24\TOUCH.h"
 445  00D9  3694        	clr [20].5
 447  00DA              #line 447 "C:\Hamed-PC\Projects\HTK_Project\touch-24\TOUCH.h"
 447  00DA  3000     R  	set _LearnRF
 447  00DB              _L60:
 450  00DB              #line 450 "C:\Hamed-PC\Projects\HTK_Project\touch-24\TOUCH.h"
 450  00DB  1F00     R  	clr _learn_timeout[0]
 450  00DC  1F00     R  	clr _learn_timeout[1]
 450  00DD  1F00     R  	clr _learn_timeout[2]
 450  00DE  1F00     R  	clr _learn_timeout[3]
 450  00DF              _L58:
 453  00DF              #line 453 "C:\Hamed-PC\Projects\HTK_Project\touch-24\TOUCH.h"
 453  00DF  1080     R  	sz _RF_Mode[0]
 453  00E0  2800     R  	jmp _LI3
 453  00E1  2800     R  	jmp _L62
 453  00E2              _LI3:
 453  00E2  0F9F        	mov a,159
 453  00E3  0200     R  	sub a,_learn_timeout[0]
 453  00E4  0F86        	mov a,134
 453  00E5  1200     R  	sbc a,_learn_timeout[1]
 453  00E6  0F01        	mov a,1
 453  00E7  1200     R  	sbc a,_learn_timeout[2]
 453  00E8  0F00        	mov a,0
 453  00E9  1200     R  	sbc a,_learn_timeout[3]
 453  00EA  3C0A        	sz c
 453  00EB  2800     R  	jmp _L62
 454  00EC              #line 454 "C:\Hamed-PC\Projects\HTK_Project\touch-24\TOUCH.h"
 454  00EC  1F00     R  	clr _RF_Mode[0]
 455  00ED              #line 455 "C:\Hamed-PC\Projects\HTK_Project\touch-24\TOUCH.h"
 455  00ED  1F00     R  	clr _Count_format[0]
 456  00EE              #line 456 "C:\Hamed-PC\Projects\HTK_Project\touch-24\TOUCH.h"
 456  00EE  3294        	set [20].5
 457  00EF              #line 457 "C:\Hamed-PC\Projects\HTK_Project\touch-24\TOUCH.h"
 457  00EF  0F28        	mov a,40
 457  00F0  0080     R  	mov _delay_ms_2[0],a
 457  00F1  1F00     R  	clr _delay_ms_2[1]
 457  00F2  1F00     R  	clr _delay_ms_2[2]
 457  00F3  1F00     R  	clr _delay_ms_2[3]
 457  00F4  2000     R  	call _delay_ms
 458  00F5              #line 458 "C:\Hamed-PC\Projects\HTK_Project\touch-24\TOUCH.h"
 458  00F5  3694        	clr [20].5
 458  00F6              _L62:
 461  00F6              #line 461 "C:\Hamed-PC\Projects\HTK_Project\touch-24\TOUCH.h"
 461  00F6  3800     R  	snz _Lock
 461  00F7  2800     R  	jmp _L46
 463  00F8              #line 463 "C:\Hamed-PC\Projects\HTK_Project\touch-24\TOUCH.h"
 463  00F8  1700     R  	sdza _RF_Mode[0]
 463  00F9  2800     R  	jmp _L64
 465  00FA              #line 465 "C:\Hamed-PC\Projects\HTK_Project\touch-24\TOUCH.h"
 465  00FA  2000     R  	call _learn_remote
 466  00FB              #line 466 "C:\Hamed-PC\Projects\HTK_Project\touch-24\TOUCH.h"
 466  00FB  1F00     R  	clr _RF_Mode[0]
 467  00FC              #line 467 "C:\Hamed-PC\Projects\HTK_Project\touch-24\TOUCH.h"
 467  00FC  3400     R  	clr _LearnRF
"File: TOUCH.h       Assembler  Version HGASM0202      Page 20

 467  00FD  2800     R  	jmp _L65
 467  00FE              _L64:
 469  00FE              #line 469 "C:\Hamed-PC\Projects\HTK_Project\touch-24\TOUCH.h"
 469  00FE  0700     R  	mov a,_RF_Mode[0]
 469  00FF  0A02        	sub a,2
 469  0100  390A        	snz z
 469  0101  2800     R  	jmp _L66
 471  0102              #line 471 "C:\Hamed-PC\Projects\HTK_Project\touch-24\TOUCH.h"
 471  0102  2000     R  	call _remove_remote
 472  0103              #line 472 "C:\Hamed-PC\Projects\HTK_Project\touch-24\TOUCH.h"
 472  0103  1F00     R  	clr _RF_Mode[0]
 472  0104  2800     R  	jmp _L65
 472  0105              _L66:
 476  0105              #line 476 "C:\Hamed-PC\Projects\HTK_Project\touch-24\TOUCH.h"
 476  0105  2000     R  	call _check_remote
 476  0106              _L65:
 479  0106              #line 479 "C:\Hamed-PC\Projects\HTK_Project\touch-24\TOUCH.h"
 479  0106  3400     R  	clr _Lock
 480  0107              #line 480 "C:\Hamed-PC\Projects\HTK_Project\touch-24\TOUCH.h"
 480  0107  3400     R  	clr _Finish
 480  0108              _L46:
 480  0108  0003        	ret
 480  0109              _Key_Touch endp
 480  0109              #line 480 "C:\Hamed-PC\Projects\HTK_Project\touch-24\TOUCH.h"
 480  0109              #pragma debug scope 1 1
 480  0109              ___tkm016dh equ [73]
 480  0109              ___tkm016dl equ [72]
 480  0109              public _CalibrTuoch
 480  0109              #pragma debug scope 15 1
 490  0109              #line 490 "C:\Hamed-PC\Projects\HTK_Project\touch-24\TOUCH.h"
 490  0000              _CalibrTuoch .section 'code'
 490  0000              _CalibrTuoch proc
 490  0000  0002[           local _CalibrTuoch_2 db 2 dup(?)	; 0,2
            00
            ]
 492  0002              #line 492 "C:\Hamed-PC\Projects\HTK_Project\touch-24\TOUCH.h"
 492  0000  36C4        	clr [68].5
 493  0001              #line 493 "C:\Hamed-PC\Projects\HTK_Project\touch-24\TOUCH.h"
 493  0001  33CC        	set [76].7
 493  0002  334C        	set [76].6
 493  0003  0FFA        	mov a,-6
 493  0004  0080     R  	mov _delay_10us_2[0],a
 493  0005  1F00     R  	clr _delay_10us_2[1]
 493  0006  1F00     R  	clr _delay_10us_2[2]
 493  0007  1F00     R  	clr _delay_10us_2[3]
 493  0008  2000     R  	call _delay_10us
 493  0009  0FFA        	mov a,-6
 493  000A  0080     R  	mov _delay_10us_2[0],a
 493  000B  1F00     R  	clr _delay_10us_2[1]
 493  000C  1F00     R  	clr _delay_10us_2[2]
 493  000D  1F00     R  	clr _delay_10us_2[3]
 493  000E  2000     R  	call _delay_10us
 494  000F              #line 494 "C:\Hamed-PC\Projects\HTK_Project\touch-24\TOUCH.h"
 494  000F              ;# 494 "C:\Hamed-PC\Projects\HTK_Project\touch-24\TOUCH.h" 1
 494  000F  0001        	clr wdt
 497  0010              #line 497 "C:\Hamed-PC\Projects\HTK_Project\touch-24\TOUCH.h"
 497  0010  1F00     R  	clr _i[0]
 497  0011              _L74:
 497  0011              #line 497 "C:\Hamed-PC\Projects\HTK_Project\touch-24\TOUCH.h"
 497  0011  0F13        	mov a,19
"File: TOUCH.h       Assembler  Version HGASM0202      Page 21

 497  0012  0200     R  	sub a,_i[0]
 497  0013  380A        	snz c
 497  0014  2800     R  	jmp _L78
 499  0015              #line 499 "C:\Hamed-PC\Projects\HTK_Project\touch-24\TOUCH.h"
 499  0015  32CD        	set [77].5
 500  0016              #line 500 "C:\Hamed-PC\Projects\HTK_Project\touch-24\TOUCH.h"
 500  0016  324D        	set [77].4
 501  0017              #line 501 "C:\Hamed-PC\Projects\HTK_Project\touch-24\TOUCH.h"
 501  0017  32C4        	set [68].5
 503  0018              #line 503 "C:\Hamed-PC\Projects\HTK_Project\touch-24\TOUCH.h"
 503  0018              ;# 503 "C:\Hamed-PC\Projects\HTK_Project\touch-24\TOUCH.h" 1
 503  0018  0001        	clr wdt
 503  0019              _L76:
 504  0019              #line 504 "C:\Hamed-PC\Projects\HTK_Project\touch-24\TOUCH.h"
 504  0019  3B44        	snz [68].6
 504  001A  2800     R  	jmp _L76
 505  001B              #line 505 "C:\Hamed-PC\Projects\HTK_Project\touch-24\TOUCH.h"
 505  001B  0749        	mov a,[73]
 505  001C  0080     R  	mov _CalibrTuoch_2[1],a
 505  001D  1F00     R  	clr _CalibrTuoch_2[0]
 505  001E  0700     R  	mov a,_CalibrTuoch_2[1]
 505  001F  0080     R  	mov _Count_S1[1],a
 505  0020  0748        	mov a,[72]
 505  0021  0500     R  	or a,_CalibrTuoch_2[0]
 505  0022  0080     R  	mov _Count_S1[0],a
 506  0023              #line 506 "C:\Hamed-PC\Projects\HTK_Project\touch-24\TOUCH.h"
 506  0023  0700     R  	mov a,_Count_S1[0]
 506  0024  0380     R  	addm a,_Count_C1[0]
 506  0025  0700     R  	mov a,_Count_S1[1]
 506  0026  1380     R  	adcm a,_Count_C1[1]
 506  0027  1F05        	clr acc
 506  0028  1380     R  	adcm a,_Count_C1[2]
 506  0029  1380     R  	adcm a,_Count_C1[3]
 507  002A              #line 507 "C:\Hamed-PC\Projects\HTK_Project\touch-24\TOUCH.h"
 507  002A  3744        	clr [68].6
 508  002B              #line 508 "C:\Hamed-PC\Projects\HTK_Project\touch-24\TOUCH.h"
 508  002B  36C4        	clr [68].5
 509  002C              #line 509 "C:\Hamed-PC\Projects\HTK_Project\touch-24\TOUCH.h"
 509  002C              ;# 509 "C:\Hamed-PC\Projects\HTK_Project\touch-24\TOUCH.h" 1
 509  002C  0001        	clr wdt
 510  002D              #line 510 "C:\Hamed-PC\Projects\HTK_Project\touch-24\TOUCH.h"
 510  002D  0F05        	mov a,5
 510  002E  0080     R  	mov _delay_ms_2[0],a
 510  002F  1F00     R  	clr _delay_ms_2[1]
 510  0030  1F00     R  	clr _delay_ms_2[2]
 510  0031  1F00     R  	clr _delay_ms_2[3]
 510  0032  2000     R  	call _delay_ms
 497  0033              #line 497 "C:\Hamed-PC\Projects\HTK_Project\touch-24\TOUCH.h"
 497  0033  1480     R  	inc _i[0]
 497  0034  2800     R  	jmp _L74
 497  0035              _L78:
 512  0035              #line 512 "C:\Hamed-PC\Projects\HTK_Project\touch-24\TOUCH.h"
 512  0035  1F00     E  	clr _builtin_holtek_udivmodsi4_2[12]
 512  0036  0700     R  	mov a,_Count_C1[0]  
 512  0037  0080     E  	mov _builtin_holtek_udivmodsi4_2[0],a  
 512  0038  0700     R  	mov a,_Count_C1[1]  
 512  0039  0080     E  	mov _builtin_holtek_udivmodsi4_2[1],a
 512  003A  0700     R  	mov a,_Count_C1[2]  
 512  003B  0080     E  	mov _builtin_holtek_udivmodsi4_2[2],a  
 512  003C  0700     R  	mov a,_Count_C1[3]  
"File: TOUCH.h       Assembler  Version HGASM0202      Page 22

 512  003D  0080     E  	mov _builtin_holtek_udivmodsi4_2[3],a
 512  003E  0F14        	mov a,20  
 512  003F  0080     E  	mov _builtin_holtek_udivmodsi4_2[4],a  
 512  0040  0F00        	mov a,0  
 512  0041  0080     E  	mov _builtin_holtek_udivmodsi4_2[5],a
 512  0042  1F00     E  	clr _builtin_holtek_udivmodsi4_2[6]
 512  0043  1F00     E  	clr _builtin_holtek_udivmodsi4_2[7]
 512  0044  2000     E  	call _builtin_holtek_udivmodsi4
 512  0045  0700     E  	mov a,_builtin_holtek_udivmodsi4_2[0]  
 512  0046  0080     R  	mov _Count_C1[0],a  
 512  0047  0700     E  	mov a,_builtin_holtek_udivmodsi4_2[1]  
 512  0048  0080     R  	mov _Count_C1[1],a
 512  0049  0700     E  	mov a,_builtin_holtek_udivmodsi4_2[2]  
 512  004A  0080     R  	mov _Count_C1[2],a  
 512  004B  0700     E  	mov a,_builtin_holtek_udivmodsi4_2[3]  
 512  004C  0080     R  	mov _Count_C1[3],a
 513  004D              #line 513 "C:\Hamed-PC\Projects\HTK_Project\touch-24\TOUCH.h"
 513  004D              ;# 513 "C:\Hamed-PC\Projects\HTK_Project\touch-24\TOUCH.h" 1
 513  004D  0001        	clr wdt
 513  004E  0003        	ret
 513  004F              _CalibrTuoch endp
 513  004F              #line 513 "C:\Hamed-PC\Projects\HTK_Project\touch-24\TOUCH.h"
 513  004F              #pragma debug scope 1 1
 513  004F              public _Key_Select
 513  004F              #pragma debug scope 16 1
 518  004F              #line 518 "C:\Hamed-PC\Projects\HTK_Project\touch-24\TOUCH.h"
 518  0000              _Key_Select .section 'code'
 518  0000              _Key_Select proc
 519  0000              #line 519 "C:\Hamed-PC\Projects\HTK_Project\touch-24\TOUCH.h"
 519  0000  32CD        	set [77].5
 520  0001              #line 520 "C:\Hamed-PC\Projects\HTK_Project\touch-24\TOUCH.h"
 520  0001  324D        	set [77].4
 521  0002              #line 521 "C:\Hamed-PC\Projects\HTK_Project\touch-24\TOUCH.h"
 521  0002  32C4        	set [68].5
 522  0003              #line 522 "C:\Hamed-PC\Projects\HTK_Project\touch-24\TOUCH.h"
 522  0003  33CC        	set [76].7
 522  0004  334C        	set [76].6
 522  0005              _L80:
 523  0005              #line 523 "C:\Hamed-PC\Projects\HTK_Project\touch-24\TOUCH.h"
 523  0005  3F44        	sz [68].6
 523  0006  2800     R  	jmp _L85
 523  0007              ;# 523 "C:\Hamed-PC\Projects\HTK_Project\touch-24\TOUCH.h" 1
 523  0007  0000        	nop
 523  0008  2800     R  	jmp _L80
 523  0009              _L85:
 524  0009              #line 524 "C:\Hamed-PC\Projects\HTK_Project\touch-24\TOUCH.h"
 524  0009  0749        	mov a,[73]
 524  000A  0080     E  	mov rc,a
 524  000B  1F00     E  	clr rb
 524  000C  0700     E  	mov a,rc
 524  000D  0080     R  	mov _Count_S1[1],a
 524  000E  0748        	mov a,[72]
 524  000F  0500     E  	or a,rb
 524  0010  0080     R  	mov _Count_S1[0],a
 525  0011              #line 525 "C:\Hamed-PC\Projects\HTK_Project\touch-24\TOUCH.h"
 525  0011  1480     R  	inc _CalibrCount[0]
 526  0012              #line 526 "C:\Hamed-PC\Projects\HTK_Project\touch-24\TOUCH.h"
 526  0012  0F64        	mov a,100
 526  0013  0200     R  	sub a,_CalibrCount[0]
 526  0014  3C0A        	sz c
"File: TOUCH.h       Assembler  Version HGASM0202      Page 23

 526  0015  2800     R  	jmp _L83
 528  0016              #line 528 "C:\Hamed-PC\Projects\HTK_Project\touch-24\TOUCH.h"
 528  0016  1F00     R  	clr _CalibrCount[0]
 529  0017              #line 529 "C:\Hamed-PC\Projects\HTK_Project\touch-24\TOUCH.h"
 529  0017  0700     R  	mov a,_Count_S1[0]
 529  0018  0380     R  	addm a,_Count_C1_Backup[0]
 529  0019  0700     R  	mov a,_Count_S1[1]
 529  001A  1380     R  	adcm a,_Count_C1_Backup[1]
 529  001B  1F05        	clr acc
 529  001C  1380     R  	adcm a,_Count_C1_Backup[2]
 529  001D  1380     R  	adcm a,_Count_C1_Backup[3]
 530  001E              #line 530 "C:\Hamed-PC\Projects\HTK_Project\touch-24\TOUCH.h"
 530  001E  1480     R  	inc _CalibrSample[0]
 531  001F              #line 531 "C:\Hamed-PC\Projects\HTK_Project\touch-24\TOUCH.h"
 531  001F  0F13        	mov a,19
 531  0020  0200     R  	sub a,_CalibrSample[0]
 531  0021  3C0A        	sz c
 531  0022  2800     R  	jmp _L83
 533  0023              #line 533 "C:\Hamed-PC\Projects\HTK_Project\touch-24\TOUCH.h"
 533  0023  1F00     R  	clr _CalibrSample[0]
 534  0024              #line 534 "C:\Hamed-PC\Projects\HTK_Project\touch-24\TOUCH.h"
 534  0024  1F00     E  	clr _builtin_holtek_udivmodsi4_2[12]
 534  0025  0700     R  	mov a,_Count_C1_Backup[0]  
 534  0026  0080     E  	mov _builtin_holtek_udivmodsi4_2[0],a  
 534  0027  0700     R  	mov a,_Count_C1_Backup[1]  
 534  0028  0080     E  	mov _builtin_holtek_udivmodsi4_2[1],a
 534  0029  0700     R  	mov a,_Count_C1_Backup[2]  
 534  002A  0080     E  	mov _builtin_holtek_udivmodsi4_2[2],a  
 534  002B  0700     R  	mov a,_Count_C1_Backup[3]  
 534  002C  0080     E  	mov _builtin_holtek_udivmodsi4_2[3],a
 534  002D  0F14        	mov a,20  
 534  002E  0080     E  	mov _builtin_holtek_udivmodsi4_2[4],a  
 534  002F  0F00        	mov a,0  
 534  0030  0080     E  	mov _builtin_holtek_udivmodsi4_2[5],a
 534  0031  1F00     E  	clr _builtin_holtek_udivmodsi4_2[6]
 534  0032  1F00     E  	clr _builtin_holtek_udivmodsi4_2[7]
 534  0033  2000     E  	call _builtin_holtek_udivmodsi4
 534  0034  0700     E  	mov a,_builtin_holtek_udivmodsi4_2[0]  
 534  0035  0080     R  	mov _Count_C1[0],a  
 534  0036  0700     E  	mov a,_builtin_holtek_udivmodsi4_2[1]  
 534  0037  0080     R  	mov _Count_C1[1],a
 534  0038  0700     E  	mov a,_builtin_holtek_udivmodsi4_2[2]  
 534  0039  0080     R  	mov _Count_C1[2],a  
 534  003A  0700     E  	mov a,_builtin_holtek_udivmodsi4_2[3]  
 534  003B  0080     R  	mov _Count_C1[3],a
 535  003C              #line 535 "C:\Hamed-PC\Projects\HTK_Project\touch-24\TOUCH.h"
 535  003C  1F00     R  	clr _Count_C1_Backup[0]
 535  003D  1F00     R  	clr _Count_C1_Backup[1]
 535  003E  1F00     R  	clr _Count_C1_Backup[2]
 535  003F  1F00     R  	clr _Count_C1_Backup[3]
 535  0040              _L83:
 539  0040              #line 539 "C:\Hamed-PC\Projects\HTK_Project\touch-24\TOUCH.h"
 539  0040  3744        	clr [68].6
 540  0041              #line 540 "C:\Hamed-PC\Projects\HTK_Project\touch-24\TOUCH.h"
 540  0041  36C4        	clr [68].5
 540  0042  0003        	ret
 540  0043              _Key_Select endp
 540  0043              #line 540 "C:\Hamed-PC\Projects\HTK_Project\touch-24\TOUCH.h"
 540  0043              #pragma debug scope 1 1
 540  0043              public _TOUCH_ISR
"File: TOUCH.h       Assembler  Version HGASM0202      Page 24

 540  0043              #pragma debug scope 17 1
 546  0043              #line 546 "C:\Hamed-PC\Projects\HTK_Project\touch-24\TOUCH.h"
 546  0000              @TOUCH_ISR_code .section at 40 'code'
 546  0000              _TOUCH_ISR:
 546  0000  0004        	reti
 546  0001              #line 546 "C:\Hamed-PC\Projects\HTK_Project\touch-24\TOUCH.h"
 546  0001              #pragma debug scope 1 1
 546  0001              public _int0
 546  0001              #pragma debug scope 18 1
 552  0001              #line 552 "C:\Hamed-PC\Projects\HTK_Project\touch-24\TOUCH.h"
 552  0000              @int0_code .section at 4 'code'
 552  0000              _int0:
 552  0000  0004        	reti
 552  0001              #line 552 "C:\Hamed-PC\Projects\HTK_Project\touch-24\TOUCH.h"
 552  0001              #pragma debug scope 1 1
 552  0001              public _timer
 552  0001              #pragma debug scope 19 1
 562  0001              #line 562 "C:\Hamed-PC\Projects\HTK_Project\touch-24\TOUCH.h"
 562  0000              @timer_code .section at 12 'code'
 562  0000  0080     E  	mov r1,a
 562  0001  070A        	mov a,status
 562  0002  0080     E  	mov r2,a
 562  0003  2800     R  	jmp _timer
 562  0004              #pragma debug scope 1 1
 562  0004              @dummy12 endp
 562  0004              #pragma debug scope 20 1
 562  0000              _timer .section 'code'
 562  0000              _timer proc
 562  0000  0704        	mov a,bp
 562  0001  0080     E  	mov r3,a
 562  0002  0703        	mov a,mp
 562  0003  0080     E  	mov r4,a
 562  0004  0701        	mov a,sbp
 562  0005  0080     E  	mov r5,a
 563  0006              #line 563 "C:\Hamed-PC\Projects\HTK_Project\touch-24\TOUCH.h"
 563  0006  1080     R  	sz _RF_Mode[0]
 563  0007  2800     R  	jmp _LI4
 563  0008  2800     R  	jmp _L89
 563  0009              _LI4:
 563  0009              #line 563 "C:\Hamed-PC\Projects\HTK_Project\touch-24\TOUCH.h"
 563  0009  0F9F        	mov a,159
 563  000A  0200     R  	sub a,_learn_timeout[0]
 563  000B  0F86        	mov a,134
 563  000C  1200     R  	sbc a,_learn_timeout[1]
 563  000D  0F01        	mov a,1
 563  000E  1200     R  	sbc a,_learn_timeout[2]
 563  000F  0F00        	mov a,0
 563  0010  1200     R  	sbc a,_learn_timeout[3]
 563  0011  380A        	snz c
 563  0012  2800     R  	jmp _L89
 564  0013              #line 564 "C:\Hamed-PC\Projects\HTK_Project\touch-24\TOUCH.h"
 564  0013  0F01        	mov a,1
 564  0014  0380     R  	addm a,_learn_timeout[0]
 564  0015  0F00        	mov a,0
 564  0016  1380     R  	adcm a,_learn_timeout[1]
 564  0017  1380     R  	adcm a,_learn_timeout[2]
 564  0018  1380     R  	adcm a,_learn_timeout[3]
 564  0019              _L89:
 566  0019              #line 566 "C:\Hamed-PC\Projects\HTK_Project\touch-24\TOUCH.h"
 566  0019  3C14        	sz [20].0
"File: TOUCH.h       Assembler  Version HGASM0202      Page 25

 566  001A  2800     R  	jmp _L90
 566  001B  0FF9        	mov a,249
 566  001C  0200     R  	sub a,_Timedown[0]
 566  001D  380A        	snz c
 566  001E  2800     R  	jmp _L90
 567  001F              #line 567 "C:\Hamed-PC\Projects\HTK_Project\touch-24\TOUCH.h"
 567  001F  1480     R  	inc _Timedown[0]
 568  0020              #line 568 "C:\Hamed-PC\Projects\HTK_Project\touch-24\TOUCH.h"
 568  0020  3000     R  	set _Frist
 569  0021              #line 569 "C:\Hamed-PC\Projects\HTK_Project\touch-24\TOUCH.h"
 569  0021  2800     R  	jmp _L88
 569  0022              _L90:
 572  0022              #line 572 "C:\Hamed-PC\Projects\HTK_Project\touch-24\TOUCH.h"
 572  0022  3C00     R  	sz _Frist
 572  0023  2800     R  	jmp _L92
 573  0024              #line 573 "C:\Hamed-PC\Projects\HTK_Project\touch-24\TOUCH.h"
 573  0024  1F00     R  	clr _Timedown[0]
 574  0025              #line 574 "C:\Hamed-PC\Projects\HTK_Project\touch-24\TOUCH.h"
 574  0025  2800     R  	jmp _L88
 574  0026              _L92:
 577  0026              #line 577 "C:\Hamed-PC\Projects\HTK_Project\touch-24\TOUCH.h"
 577  0026  0700     R  	mov a,_Timedown[0]
 577  0027  0080     E  	mov ra,a
 579  0028              #line 579 "C:\Hamed-PC\Projects\HTK_Project\touch-24\TOUCH.h"
 579  0028  1F00     R  	clr _Timedown[0]
 580  0029              #line 580 "C:\Hamed-PC\Projects\HTK_Project\touch-24\TOUCH.h"
 580  0029  3400     R  	clr _Frist
 584  002A              #line 584 "C:\Hamed-PC\Projects\HTK_Project\touch-24\TOUCH.h"
 584  002A  0700     E  	mov a,ra
 584  002B  0BFB        	add a,251
 584  002C  0080     E  	mov rb,a
 584  002D  0FC3        	mov a,195
 584  002E  0200     E  	sub a,rb
 584  002F  380A        	snz c
 584  0030  2800     R  	jmp _L108
 591  0031              #line 591 "C:\Hamed-PC\Projects\HTK_Project\touch-24\TOUCH.h"
 591  0031  0700     E  	mov a,ra
 591  0032  0B92        	add a,146
 591  0033  0080     E  	mov rb,a
 591  0034  0F78        	mov a,120
 591  0035  0200     E  	sub a,rb
 591  0036  380A        	snz c
 591  0037  2800     R  	jmp _L94
 595  0038              #line 595 "C:\Hamed-PC\Projects\HTK_Project\touch-24\TOUCH.h"
 595  0038  0F72        	mov a,114
 595  0039  0200     E  	sub a,ra
 595  003A  3C0A        	sz c
 595  003B  2800     R  	jmp _L88
 598  003C              #line 598 "C:\Hamed-PC\Projects\HTK_Project\touch-24\TOUCH.h"
 598  003C  0F01        	mov a,1
 598  003D  0080     R  	mov _rf_sync[0],a
 599  003E              #line 599 "C:\Hamed-PC\Projects\HTK_Project\touch-24\TOUCH.h"
 599  003E  0F08        	mov a,8
 599  003F  0080     R  	mov _rf_bit_index[0],a
 600  0040              #line 600 "C:\Hamed-PC\Projects\HTK_Project\touch-24\TOUCH.h"
 600  0040  1F00     R  	clr _rf_byte_index[0]
 601  0041              #line 601 "C:\Hamed-PC\Projects\HTK_Project\touch-24\TOUCH.h"
 601  0041  1F00     R  	clr _rf_buffer[0]
 602  0042              #line 602 "C:\Hamed-PC\Projects\HTK_Project\touch-24\TOUCH.h"
 602  0042  1F00     R  	clr _noise_count[0]
"File: TOUCH.h       Assembler  Version HGASM0202      Page 26

 604  0043              #line 604 "C:\Hamed-PC\Projects\HTK_Project\touch-24\TOUCH.h"
 604  0043  2800     R  	jmp _L88
 604  0044              _L94:
 607  0044              #line 607 "C:\Hamed-PC\Projects\HTK_Project\touch-24\TOUCH.h"
 607  0044  1080     R  	sz _rf_sync[0]
 607  0045  2800     R  	jmp _LI5
 607  0046  2800     R  	jmp _L88
 607  0047              _LI5:
 612  0047              #line 612 "C:\Hamed-PC\Projects\HTK_Project\touch-24\TOUCH.h"
 612  0047  0700     E  	mov a,ra
 612  0048  0BFE        	add a,254
 612  0049  0080     E  	mov rb,a
 612  004A  0F08        	mov a,8
 612  004B  0200     E  	sub a,rb
 612  004C  380A        	snz c
 612  004D  2800     R  	jmp _L97
 614  004E              #line 614 "C:\Hamed-PC\Projects\HTK_Project\touch-24\TOUCH.h"
 614  004E  0700     R  	mov a,_rf_buffer[0]
 614  004F  0080     E  	mov rb,a
 614  0050  1F00     E  	clr rc
 614  0051  340A        	clr c
 614  0052  1A80     E  	rlc rb
 614  0053  1A80     E  	rlc rc
 614  0054  0700     E  	mov a,rb
 614  0055  0080     E  	mov ra,a
 614  0056  3000     E  	set ra.0
 614  0057  0700     E  	mov a,ra
 614  0058  0080     R  	mov _rf_buffer[0],a
 614  0059  2800     R  	jmp _L107
 614  005A              _L97:
 618  005A              #line 618 "C:\Hamed-PC\Projects\HTK_Project\touch-24\TOUCH.h"
 618  005A  0FF5        	mov a,245
 618  005B  0380     E  	addm a,ra
 618  005C  0F18        	mov a,24
 618  005D  0200     E  	sub a,ra
 618  005E  380A        	snz c
 618  005F  2800     R  	jmp _L99
 620  0060              #line 620 "C:\Hamed-PC\Projects\HTK_Project\touch-24\TOUCH.h"
 620  0060  0700     R  	mov a,_rf_buffer[0]
 620  0061  0380     R  	addm a,_rf_buffer[0]
 620  0062              _L107:
 621  0062              #line 621 "C:\Hamed-PC\Projects\HTK_Project\touch-24\TOUCH.h"
 621  0062  1780     R  	sdz _rf_bit_index[0]
 621  0063  2800     R  	jmp _LI6
 621  0064  2800     R  	jmp _L109
 621  0065              _LI6:
 621  0065  2800     R  	jmp _L88
 621  0066              _L99:
 626  0066              #line 626 "C:\Hamed-PC\Projects\HTK_Project\touch-24\TOUCH.h"
 626  0066  1480     R  	inc _noise_count[0]
 629  0067              #line 629 "C:\Hamed-PC\Projects\HTK_Project\touch-24\TOUCH.h"
 629  0067  0F02        	mov a,2
 629  0068  0200     R  	sub a,_noise_count[0]
 629  0069  3C0A        	sz c
 629  006A  2800     R  	jmp _L88
 629  006B              _L108:
 630  006B              #line 630 "C:\Hamed-PC\Projects\HTK_Project\touch-24\TOUCH.h"
 630  006B  1F00     R  	clr _rf_sync[0]
 630  006C  2800     R  	jmp _L88
 630  006D              _L109:
"File: TOUCH.h       Assembler  Version HGASM0202      Page 27

 638  006D              #line 638 "C:\Hamed-PC\Projects\HTK_Project\touch-24\TOUCH.h"
 638  006D  0700     R  	mov a,_rf_byte_index[0]
 638  006E  0080     E  	mov ra,a
 638  006F  1400     E  	inca ra
 638  0070  0080     R  	mov _rf_byte_index[0],a
 638  0071  0F00     R  	mov a,low offset _RFData
 638  0072  0300     E  	add a,ra
 638  0073  0083        	mov mp,a
 638  0074  0F00     R  	mov a,high offset _RFData
 638  0075  1F01        	clr sbp
 638  0076  1381        	adcm a,sbp
 638  0077  0701        	mov a,sbp
 638  0078  0084        	mov bp,a
 638  0079  0700     R  	mov a,_rf_buffer[0]
 638  007A  0082        	mov ir,a
 640  007B              #line 640 "C:\Hamed-PC\Projects\HTK_Project\touch-24\TOUCH.h"
 640  007B  1F00     R  	clr _rf_buffer[0]
 641  007C              #line 641 "C:\Hamed-PC\Projects\HTK_Project\touch-24\TOUCH.h"
 641  007C  0F08        	mov a,8
 641  007D  0080     R  	mov _rf_bit_index[0],a
 643  007E              #line 643 "C:\Hamed-PC\Projects\HTK_Project\touch-24\TOUCH.h"
 643  007E  0F02        	mov a,2
 643  007F  0200     R  	sub a,_rf_byte_index[0]
 643  0080  3C0A        	sz c
 643  0081  2800     R  	jmp _L88
 646  0082              #line 646 "C:\Hamed-PC\Projects\HTK_Project\touch-24\TOUCH.h"
 646  0082  1F00     R  	clr _rf_sync[0]
 647  0083              #line 647 "C:\Hamed-PC\Projects\HTK_Project\touch-24\TOUCH.h"
 647  0083  1F00     R  	clr _rf_byte_index[0]
 651  0084              #line 651 "C:\Hamed-PC\Projects\HTK_Project\touch-24\TOUCH.h"
 651  0084  0700     R  	mov a,_RFData[0]
 651  0085  0200     R  	sub a,_last_frame[0]
 651  0086  390A        	snz z
 651  0087  2800     R  	jmp _L100
 651  0088  0700     R  	mov a,_RFData[1]
 651  0089  0200     R  	sub a,_last_frame[1]
 651  008A  390A        	snz z
 651  008B  2800     R  	jmp _L100
 652  008C              #line 652 "C:\Hamed-PC\Projects\HTK_Project\touch-24\TOUCH.h"
 652  008C  0700     R  	mov a,_RFData[2]
 652  008D  0200     R  	sub a,_last_frame[2]
 652  008E  390A        	snz z
 652  008F  2800     R  	jmp _L100
 655  0090              #line 655 "C:\Hamed-PC\Projects\HTK_Project\touch-24\TOUCH.h"
 655  0090  1480     R  	inc _frame_ok_count[0]
 657  0091              #line 657 "C:\Hamed-PC\Projects\HTK_Project\touch-24\TOUCH.h"
 657  0091  0F01        	mov a,1
 657  0092  0200     R  	sub a,_frame_ok_count[0]
 657  0093  3C0A        	sz c
 657  0094  2800     R  	jmp _L88
 659  0095              #line 659 "C:\Hamed-PC\Projects\HTK_Project\touch-24\TOUCH.h"
 659  0095  0700     R  	mov a,_RFData[0]
 659  0096  0080     R  	mov _DataM[0],a
 660  0097              #line 660 "C:\Hamed-PC\Projects\HTK_Project\touch-24\TOUCH.h"
 660  0097  0700     R  	mov a,_RFData[1]
 660  0098  0080     R  	mov _DataM[1],a
 661  0099              #line 661 "C:\Hamed-PC\Projects\HTK_Project\touch-24\TOUCH.h"
 661  0099  0700     R  	mov a,_RFData[2]
 661  009A  0080     R  	mov _DataM[2],a
 663  009B              #line 663 "C:\Hamed-PC\Projects\HTK_Project\touch-24\TOUCH.h"
"File: TOUCH.h       Assembler  Version HGASM0202      Page 28

 663  009B  3000     R  	set _Lock
 664  009C              #line 664 "C:\Hamed-PC\Projects\HTK_Project\touch-24\TOUCH.h"
 664  009C  3000     R  	set _Finish
 666  009D              #line 666 "C:\Hamed-PC\Projects\HTK_Project\touch-24\TOUCH.h"
 666  009D  1F00     R  	clr _frame_ok_count[0]
 666  009E  2800     R  	jmp _L88
 666  009F              _L100:
 672  009F              #line 672 "C:\Hamed-PC\Projects\HTK_Project\touch-24\TOUCH.h"
 672  009F  0700     R  	mov a,_RFData[0]
 672  00A0  0080     R  	mov _last_frame[0],a
 673  00A1              #line 673 "C:\Hamed-PC\Projects\HTK_Project\touch-24\TOUCH.h"
 673  00A1  0700     R  	mov a,_RFData[1]
 673  00A2  0080     R  	mov _last_frame[1],a
 674  00A3              #line 674 "C:\Hamed-PC\Projects\HTK_Project\touch-24\TOUCH.h"
 674  00A3  0700     R  	mov a,_RFData[2]
 674  00A4  0080     R  	mov _last_frame[2],a
 676  00A5              #line 676 "C:\Hamed-PC\Projects\HTK_Project\touch-24\TOUCH.h"
 676  00A5  0F01        	mov a,1
 676  00A6  0080     R  	mov _frame_ok_count[0],a
 676  00A7              _L88:
 676  00A7  0700     E  	mov a,r2
 676  00A8  008A        	mov status,a
 676  00A9  0700     E  	mov a,r3
 676  00AA  0084        	mov bp,a
 676  00AB  0700     E  	mov a,r4
 676  00AC  0083        	mov mp,a
 676  00AD  0700     E  	mov a,r5
 676  00AE  0081        	mov sbp,a
 676  00AF  0700     E  	mov a,r1
 676  00B0  0004        	reti
 676  00B1              _timer endp
 676  00B1              
 676  00B1              #line 676 "C:\Hamed-PC\Projects\HTK_Project\touch-24\TOUCH.h"
 676  00B1              #pragma debug scope 1 1
 676  00B1              ___integ equ [13]
 676  00B1              ___smod equ [11]
 676  00B1              ___pac equ [21]
 676  00B1              public _main
 676  00B1              #pragma debug scope 21 1

  24  00B1              #line 24 "C:\Hamed-PC\Projects\HTK_Project\touch-24\touch-24.c"
  24  00B1              IFDEF WITH_DEFAULT_STARTUP
  24  00B1              extern _main_initial0:near
  24  00B1              extern _main_startup:near
  24  00B1              ENDIF
  24  00B1              
  24  00B1              ROMBANK 0 @start
  24  0000              @start .section com_l 'code'
  24  0000              _main_startup1:
  24  0000              @start .section com_e 'code'
  24  0000  2800     R  	jmp _main
  24  0001              
  24  0000              _main .section 'code'
  24  0000              _main proc
  31  0000              #line 31 "C:\Hamed-PC\Projects\HTK_Project\touch-24\touch-24.c"
  31  0000  348D        	clr [13].1
  32  0001              #line 32 "C:\Hamed-PC\Projects\HTK_Project\touch-24\touch-24.c"
  32  0001  340D        	clr [13].0
  33  0002              #line 33 "C:\Hamed-PC\Projects\HTK_Project\touch-24\touch-24.c"
  33  0002  348E        	clr [14].1
"File: touch-24.c    Assembler  Version HGASM0202      Page 29

  40  0003              #line 40 "C:\Hamed-PC\Projects\HTK_Project\touch-24\touch-24.c"
  40  0003  369D        	clr [29].5
  41  0004              #line 41 "C:\Hamed-PC\Projects\HTK_Project\touch-24\touch-24.c"
  41  0004  321D        	set [29].4
  43  0005              #line 43 "C:\Hamed-PC\Projects\HTK_Project\touch-24\touch-24.c"
  43  0005  301D        	set [29].0
  44  0006              #line 44 "C:\Hamed-PC\Projects\HTK_Project\touch-24\touch-24.c"
  44  0006  349D        	clr [29].1
  45  0007              #line 45 "C:\Hamed-PC\Projects\HTK_Project\touch-24\touch-24.c"
  45  0007  351D        	clr [29].2
  47  0008              #line 47 "C:\Hamed-PC\Projects\HTK_Project\touch-24\touch-24.c"
  47  0008  300E        	set [14].0
  48  0009              #line 48 "C:\Hamed-PC\Projects\HTK_Project\touch-24\touch-24.c"
  48  0009  300B        	set [11].0
  50  000A              #line 50 "C:\Hamed-PC\Projects\HTK_Project\touch-24\touch-24.c"
  50  000A  330E        	set [14].6
  51  000B              #line 51 "C:\Hamed-PC\Projects\HTK_Project\touch-24\touch-24.c"
  51  000B  318E        	set [14].3
  55  000C              #line 55 "C:\Hamed-PC\Projects\HTK_Project\touch-24\touch-24.c"
  55  000C  3695        	clr [21].5
  55  000D  3495        	clr [21].1
  55  000E  3015        	set [21].0
  55  000F  3595        	clr [21].3
  56  0010              #line 56 "C:\Hamed-PC\Projects\HTK_Project\touch-24\touch-24.c"
  56  0010  0F01        	mov a,1
  56  0011  0080     R  	mov _delay_ms_2[0],a
  56  0012  1F00     R  	clr _delay_ms_2[1]
  56  0013  1F00     R  	clr _delay_ms_2[2]
  56  0014  1F00     R  	clr _delay_ms_2[3]
  56  0015  2000     R  	call _delay_ms
  57  0016              #line 57 "C:\Hamed-PC\Projects\HTK_Project\touch-24\touch-24.c"
  57  0016  2000     R  	call _TuochKeyInit
  58  0017              #line 58 "C:\Hamed-PC\Projects\HTK_Project\touch-24\touch-24.c"
  58  0017  0F01        	mov a,1
  58  0018  0080     R  	mov _delay_ms_2[0],a
  58  0019  1F00     R  	clr _delay_ms_2[1]
  58  001A  1F00     R  	clr _delay_ms_2[2]
  58  001B  1F00     R  	clr _delay_ms_2[3]
  58  001C  2000     R  	call _delay_ms
  59  001D              #line 59 "C:\Hamed-PC\Projects\HTK_Project\touch-24\touch-24.c"
  59  001D  2000     R  	call _CalibrTuoch
  61  001E              #line 61 "C:\Hamed-PC\Projects\HTK_Project\touch-24\touch-24.c"
  61  001E  3694        	clr [20].5
  62  001F              #line 62 "C:\Hamed-PC\Projects\HTK_Project\touch-24\touch-24.c"
  62  001F  3094        	set [20].1
  66  0020              #line 66 "C:\Hamed-PC\Projects\HTK_Project\touch-24\touch-24.c"
  66  0020  3400     R  	clr _LearnRF
  67  0021              #line 67 "C:\Hamed-PC\Projects\HTK_Project\touch-24\touch-24.c"
  67  0021  3400     R  	clr _Lock
  69  0022              #line 69 "C:\Hamed-PC\Projects\HTK_Project\touch-24\touch-24.c"
  69  0022  0F00        	mov a,0
  69  0023  2000     R  	call _eeprom_read
  69  0024  0080     E  	mov ra,a
  69  0025  0700     E  	mov a,ra
  69  0026  0080     R  	mov _remote_count[0],a
  72  0027              #line 72 "C:\Hamed-PC\Projects\HTK_Project\touch-24\touch-24.c"
  72  0027  0F28        	mov a,40
  72  0028  0200     E  	sub a,ra
  72  0029  3C0A        	sz c
  72  002A  2800     R  	jmp _L111
"File: touch-24.c    Assembler  Version HGASM0202      Page 30

  73  002B              #line 73 "C:\Hamed-PC\Projects\HTK_Project\touch-24\touch-24.c"
  73  002B  1F00     R  	clr _remote_count[0]
  74  002C              #line 74 "C:\Hamed-PC\Projects\HTK_Project\touch-24\touch-24.c"
  74  002C  1F00     R  	clr _eeprom_write_2[0]
  74  002D  0F00        	mov a,0
  74  002E  2000     R  	call _eeprom_write
  74  002F              _L111:
  77  002F              #line 77 "C:\Hamed-PC\Projects\HTK_Project\touch-24\touch-24.c"
  77  002F              ;# 77 "C:\Hamed-PC\Projects\HTK_Project\touch-24\touch-24.c" 1
  77  002F              	IF 1000>263690
  77  002F              ;# 77 "C:\Hamed-PC\Projects\HTK_Project\touch-24\touch-24.c" 1
  77  002F              	ERRMESSAGE 'the value 1000of the argument exceeds the maxinum 263690'
  77  002F              	ENDIF
  77  002F              ;# 77 "C:\Hamed-PC\Projects\HTK_Project\touch-24\touch-24.c" 1
  77  002F              	IF 1000<0
  77  002F              ;# 77 "C:\Hamed-PC\Projects\HTK_Project\touch-24\touch-24.c" 1
  77  002F              	ERRMESSAGE 'the value 1000 of the argument exceeds the mininum 0'
  77  002F              	ENDIF
  77  002F              ;# 77 "C:\Hamed-PC\Projects\HTK_Project\touch-24\touch-24.c" 1
  77  002F              	IF 1000==0
  77  002F              ;# 77 "C:\Hamed-PC\Projects\HTK_Project\touch-24\touch-24.c" 1
  77  002F              	JMP $
  77  002F              	ENDIF
  77  002F              ;# 77 "C:\Hamed-PC\Projects\HTK_Project\touch-24\touch-24.c" 1
  77  002F              	IF 1000==1
  77  002F              ;# 77 "C:\Hamed-PC\Projects\HTK_Project\touch-24\touch-24.c" 1
  77  002F              	NOP
  77  002F              	ENDIF
  77  002F              ;# 77 "C:\Hamed-PC\Projects\HTK_Project\touch-24\touch-24.c" 1
  77  002F              	IF 1000==2
  77  002F              ;# 77 "C:\Hamed-PC\Projects\HTK_Project\touch-24\touch-24.c" 1
  77  002F              	NOP
  77  002F              ;# 77 "C:\Hamed-PC\Projects\HTK_Project\touch-24\touch-24.c" 1
  77  002F              	NOP
  77  002F              	ENDIF
  77  002F              ;# 77 "C:\Hamed-PC\Projects\HTK_Project\touch-24\touch-24.c" 1
  77  002F              	IF 1000==3
  77  002F              ;# 77 "C:\Hamed-PC\Projects\HTK_Project\touch-24\touch-24.c" 1
  77  002F              	NOP
  77  002F              ;# 77 "C:\Hamed-PC\Projects\HTK_Project\touch-24\touch-24.c" 1
  77  002F              	NOP
  77  002F              ;# 77 "C:\Hamed-PC\Projects\HTK_Project\touch-24\touch-24.c" 1
  77  002F              	NOP
  77  002F              	ENDIF
  77  002F              ;# 77 "C:\Hamed-PC\Projects\HTK_Project\touch-24\touch-24.c" 1
  77  002F              	IF (1000<8) AND (1000>3)
  77  002F              ;# 77 "C:\Hamed-PC\Projects\HTK_Project\touch-24\touch-24.c" 1
  77  002F              	CALL __DELAY3 + 7 -1000
  77  002F              	ENDIF
  77  002F              ;# 77 "C:\Hamed-PC\Projects\HTK_Project\touch-24\touch-24.c" 1
  77  002F              	IF (1000< 0404h) AND (1000>7)
  77  002F              ;# 77 "C:\Hamed-PC\Projects\HTK_Project\touch-24\touch-24.c" 1
  77  002F  0FF9        	MOV A,1000/4-1
  77  0030              ;# 77 "C:\Hamed-PC\Projects\HTK_Project\touch-24\touch-24.c" 1
  77  0030  2000     E  	CALL __DELAYX3 + 3 -(1000 MOD 4)
  77  0031              	ENDIF
  77  0031              ;# 77 "C:\Hamed-PC\Projects\HTK_Project\touch-24\touch-24.c" 1
  77  0031              	IF (1000< 0x40B) AND (1000> 0403h)
  77  0031              ;# 77 "C:\Hamed-PC\Projects\HTK_Project\touch-24\touch-24.c" 1
  77  0031              	MOV A,0 
"File: touch-24.c    Assembler  Version HGASM0202      Page 31

  77  0031              ;# 77 "C:\Hamed-PC\Projects\HTK_Project\touch-24\touch-24.c" 1
  77  0031              	CALL __DELAYX6 + 0x40a -1000
  77  0031              	ENDIF
  77  0031              ;# 77 "C:\Hamed-PC\Projects\HTK_Project\touch-24\touch-24.c" 1
  77  0031              	IF (1000 >= 0x40b) AND ((((1000-9)%0402h)/4+1)>256)
  77  0031              ;# 77 "C:\Hamed-PC\Projects\HTK_Project\touch-24\touch-24.c" 1
  77  0031              	MOV A,(1000-9)/0402h
  77  0031              ;# 77 "C:\Hamed-PC\Projects\HTK_Project\touch-24\touch-24.c" 1
  77  0031              	MOV _builtin_holtek_delay_2,A
  77  0031              ;# 77 "C:\Hamed-PC\Projects\HTK_Project\touch-24\touch-24.c" 1
  77  0031              	MOV A,0
  77  0031              ;# 77 "C:\Hamed-PC\Projects\HTK_Project\touch-24\touch-24.c" 1
  77  0031              	CALL __DELAYY5 +5- (((1000-9)%0402h)%6)
  77  0031              	ENDIF
  77  0031              ;# 77 "C:\Hamed-PC\Projects\HTK_Project\touch-24\touch-24.c" 1
  77  0031              	IF (1000 >= 0x40b) AND ((((1000-9)%0402h)/4+1)<=256)
  77  0031              ;# 77 "C:\Hamed-PC\Projects\HTK_Project\touch-24\touch-24.c" 1
  77  0031              	MOV A,(1000-9)/0402h
  77  0031              ;# 77 "C:\Hamed-PC\Projects\HTK_Project\touch-24\touch-24.c" 1
  77  0031              	MOV _builtin_holtek_delay_2,A
  77  0031              ;# 77 "C:\Hamed-PC\Projects\HTK_Project\touch-24\touch-24.c" 1
  77  0031              	MOV A,((1000-9)%0402h)/4+1
  77  0031              ;# 77 "C:\Hamed-PC\Projects\HTK_Project\touch-24\touch-24.c" 1
  77  0031              	CALL __DELAYY3 +3-(((1000-9)%0402h)%4)
  77  0031              	ENDIF
  77  0031              _L112:
  82  0031              #line 82 "C:\Hamed-PC\Projects\HTK_Project\touch-24\touch-24.c"
  82  0031              ;# 82 "C:\Hamed-PC\Projects\HTK_Project\touch-24\touch-24.c" 1
  82  0031  0001        	clr wdt
  83  0032              #line 83 "C:\Hamed-PC\Projects\HTK_Project\touch-24\touch-24.c"
  83  0032  2000     R  	call _Key_Select
  84  0033              #line 84 "C:\Hamed-PC\Projects\HTK_Project\touch-24\touch-24.c"
  84  0033  2000     R  	call _Key_Touch
  84  0034  2800     R  	jmp _L112
  84  0035  2800     R  	jmp $
  84  0036              _main endp
  84  0036              
  84  0036              @dummy endp
  84  0036              
  84  0036              #line 84 "C:\Hamed-PC\Projects\HTK_Project\touch-24\touch-24.c"
  84  0036              #pragma debug scope 1 1

  53  0036              #line 53 "C:\Hamed-PC\Projects\HTK_Project\touch-24\TOUCH.h"
  53  0036              public _remote_count
  53  0000              @HCCINIT0 .section 'data'
  53  0000              _remote_count	db 0
  53  0001              #pragma debug variable 8 1 _remote_count "remote_count"
  53  0001              
  53  0000              @HCCINIT .section 'data'
  53  0000              public _RF_Mode
  53  0000              @HCCINIT	.section 'data'
  32  0000              #line 32 "C:\Hamed-PC\Projects\HTK_Project\touch-24\TOUCH.h"
  32  0000              @HCCINIT .section 'data'
  32  0000              _RF_Mode label byte
  32  0000              #pragma debug variable 8 1 _RF_Mode "RF_Mode"
  32  0000              	db 0
  32  0000              @ROMDATA_BASE .section inpage 'code'
  32  0000              	db 0
  32  0001              @HCCINIT .section 'data'
  32  0001              public _fast_touch_timer
"File: TOUCH.h       Assembler  Version HGASM0202      Page 32

  31  0001              #line 31 "C:\Hamed-PC\Projects\HTK_Project\touch-24\TOUCH.h"
  31  0001              @HCCINIT .section 'data'
  31  0001              _fast_touch_timer label byte
  31  0001              #pragma debug variable 12 1 _fast_touch_timer "fast_touch_timer"
  31  0001              	db 0
  31  0001              @ROMDATA_BASE .section inpage 'code'
  31  0001              	db 0
  31  0002              @HCCINIT .section 'data'
  31  0002              	db 0
  31  0001              @ROMDATA_BASE .section inpage 'code'
  31  0001              	db 0
  31  0003              @HCCINIT .section 'data'
  31  0003              public _fast_touch_count
  30  0003              #line 30 "C:\Hamed-PC\Projects\HTK_Project\touch-24\TOUCH.h"
  30  0003              @HCCINIT .section 'data'
  30  0003              _fast_touch_count label byte
  30  0003              #pragma debug variable 8 1 _fast_touch_count "fast_touch_count"
  30  0003              	db 0
  30  0002              @ROMDATA_BASE .section inpage 'code'
  30  0002              	db 0
  30  0004              @HCCINIT .section 'data'
  27  0004              #line 27 "C:\Hamed-PC\Projects\HTK_Project\touch-24\TOUCH.h"
  27  0004              public _last_frame
  27  0001              @HCCINIT0 .section 'data'
  27  0001  0003[       _last_frame	db 3 dup(0)
            00
            ]
  27  0004              #pragma debug array 42 8 3 1
  27  0004              #pragma debug array 42 8 3 1
  27  0004              #pragma debug variable 42 1 _last_frame "last_frame"
  27  0004              
  27  0004              @HCCINIT .section 'data'
  27  0004              public _noise_count
  25  0004              #line 25 "C:\Hamed-PC\Projects\HTK_Project\touch-24\TOUCH.h"
  25  0004              @HCCINIT .section 'data'
  25  0004              _noise_count label byte
  25  0004              #pragma debug variable 8 1 _noise_count "noise_count"
  25  0004              	db 0
  25  0002              @ROMDATA_BASE .section inpage 'code'
  25  0002              	db 0
  25  0005              @HCCINIT .section 'data'
  25  0005              public _frame_ok_count
  24  0005              #line 24 "C:\Hamed-PC\Projects\HTK_Project\touch-24\TOUCH.h"
  24  0005              @HCCINIT .section 'data'
  24  0005              _frame_ok_count label byte
  24  0005              #pragma debug variable 8 1 _frame_ok_count "frame_ok_count"
  24  0005              	db 0
  24  0003              @ROMDATA_BASE .section inpage 'code'
  24  0003              	db 0
  24  0006              @HCCINIT .section 'data'
  24  0006              public _learn_timeout
  21  0006              #line 21 "C:\Hamed-PC\Projects\HTK_Project\touch-24\TOUCH.h"
  21  0006              @HCCINIT .section 'data'
  21  0006              _learn_timeout label byte
  21  0006              #pragma debug variable 14 1 _learn_timeout "learn_timeout"
  21  0006              	db 0
  21  0003              @ROMDATA_BASE .section inpage 'code'
  21  0003              	db 0
  21  0007              @HCCINIT .section 'data'
  21  0007              	db 0
"File: TOUCH.h       Assembler  Version HGASM0202      Page 33

  21  0004              @ROMDATA_BASE .section inpage 'code'
  21  0004              	db 0
  21  0008              @HCCINIT .section 'data'
  21  0008              	db 0
  21  0004              @ROMDATA_BASE .section inpage 'code'
  21  0004              	db 0
  21  0009              @HCCINIT .section 'data'
  21  0009              	db 0
  21  0005              @ROMDATA_BASE .section inpage 'code'
  21  0005              	db 0
  21  000A              @HCCINIT .section 'data'
  21  000A              public _rf_sync
  19  000A              #line 19 "C:\Hamed-PC\Projects\HTK_Project\touch-24\TOUCH.h"
  19  000A              @HCCINIT .section 'data'
  19  000A              _rf_sync label byte
  19  000A              #pragma debug variable 8 1 _rf_sync "rf_sync"
  19  000A              	db 0
  19  0005              @ROMDATA_BASE .section inpage 'code'
  19  0005              	db 0
  19  000B              @HCCINIT .section 'data'
  19  000B              public _rf_valid
  18  000B              #line 18 "C:\Hamed-PC\Projects\HTK_Project\touch-24\TOUCH.h"
  18  000B              @HCCINIT .section 'data'
  18  000B              _rf_valid label byte
  18  000B              #pragma debug variable 8 1 _rf_valid "rf_valid"
  18  000B              	db 0
  18  0006              @ROMDATA_BASE .section inpage 'code'
  18  0006              	db 0
  18  000C              @HCCINIT .section 'data'
  18  000C              public _rf_buffer
  16  000C              #line 16 "C:\Hamed-PC\Projects\HTK_Project\touch-24\TOUCH.h"
  16  000C              @HCCINIT .section 'data'
  16  000C              _rf_buffer label byte
  16  000C              #pragma debug variable 8 1 _rf_buffer "rf_buffer"
  16  000C              	db 0
  16  0006              @ROMDATA_BASE .section inpage 'code'
  16  0006              	db 0
  16  000D              @HCCINIT .section 'data'
  16  000D              public _rf_byte_index
  15  000D              #line 15 "C:\Hamed-PC\Projects\HTK_Project\touch-24\TOUCH.h"
  15  000D              @HCCINIT .section 'data'
  15  000D              _rf_byte_index label byte
  15  000D              #pragma debug variable 8 1 _rf_byte_index "rf_byte_index"
  15  000D              	db 0
  15  0007              @ROMDATA_BASE .section inpage 'code'
  15  0007              	db 0
  15  000E              @HCCINIT .section 'data'
  15  000E              public _rf_bit_index
  14  000E              #line 14 "C:\Hamed-PC\Projects\HTK_Project\touch-24\TOUCH.h"
  14  000E              @HCCINIT .section 'data'
  14  000E              _rf_bit_index label byte
  14  000E              #pragma debug variable 8 1 _rf_bit_index "rf_bit_index"
  14  000E              	db 0
  14  0007              @ROMDATA_BASE .section inpage 'code'
  14  0007              	db 0
  14  000F              @HCCINIT .section 'data'
  14  000F              public _LearnRF
  11  000F              #line 11 "C:\Hamed-PC\Projects\HTK_Project\touch-24\TOUCH.h"
  11  0000              @BITDATASEC .section 'data'
  11  0000  00          _LearnRF	dbit 0
"File: TOUCH.h       Assembler  Version HGASM0202      Page 34

  11  0001              #pragma debug variable 2 1 _LearnRF "LearnRF"
  11  0001              public _bizer_rf
  11  0001              #line 11 "C:\Hamed-PC\Projects\HTK_Project\touch-24\TOUCH.h"
  11  0001              @BITDATASEC .section 'data'
  11  0000              _bizer_rf	dbit 0
  11  0001              #pragma debug variable 2 1 _bizer_rf "bizer_rf"
  11  0001              public _bizer
  11  0001              #line 11 "C:\Hamed-PC\Projects\HTK_Project\touch-24\TOUCH.h"
  11  0000              @BITDATASEC1 .section 'data'
  11  0000  00          _bizer	dbit 1
  11  0001              #pragma debug variable 2 1 _bizer "bizer"
  11  0001              public _Finish
  11  0001              #line 11 "C:\Hamed-PC\Projects\HTK_Project\touch-24\TOUCH.h"
  11  0001              @BITDATASEC .section 'data'
  11  0000              _Finish	dbit 0
  11  0001              #pragma debug variable 2 1 _Finish "Finish"
  11  0001              public _Frist
  11  0001              #line 11 "C:\Hamed-PC\Projects\HTK_Project\touch-24\TOUCH.h"
  11  0001              @BITDATASEC .section 'data'
  11  0000              _Frist	dbit 0
  11  0001              #pragma debug variable 2 1 _Frist "Frist"
  11  0001              public _Lock
  11  0001              #line 11 "C:\Hamed-PC\Projects\HTK_Project\touch-24\TOUCH.h"
  11  0001              @BITDATASEC .section 'data'
  11  0000              _Lock	dbit 0
  11  0001              #pragma debug variable 2 1 _Lock "Lock"
  11  0001              public _Start
  11  0001              #line 11 "C:\Hamed-PC\Projects\HTK_Project\touch-24\TOUCH.h"
  11  0001              @BITDATASEC .section 'data'
  11  0000              _Start	dbit 0
  11  0001              #pragma debug variable 2 1 _Start "Start"
  11  0001              public _i
   9  0001              #line 9 "C:\Hamed-PC\Projects\HTK_Project\touch-24\TOUCH.h"
   9  000F              @HCCINIT .section 'data'
   9  000F              _i label byte
   9  000F              #pragma debug variable 8 1 _i "i"
   9  000F              	db 0
   9  0008              @ROMDATA_BASE .section inpage 'code'
   9  0008              	db 0
   9  0010              @HCCINIT .section 'data'
   9  0010              public _count_RF_seve
   9  0010              #line 9 "C:\Hamed-PC\Projects\HTK_Project\touch-24\TOUCH.h"
   9  0010              @HCCINIT .section 'data'
   9  0010              _count_RF_seve label byte
   9  0010              #pragma debug variable 8 1 _count_RF_seve "count_RF_seve"
   9  0010              	db 0
   9  0008              @ROMDATA_BASE .section inpage 'code'
   9  0008              	db 0
   9  0011              @HCCINIT .section 'data'
   9  0011              public _Bit
   9  0011              #line 9 "C:\Hamed-PC\Projects\HTK_Project\touch-24\TOUCH.h"
   9  0011              @HCCINIT .section 'data'
   9  0011              _Bit label byte
   9  0011              #pragma debug variable 8 1 _Bit "Bit"
   9  0011              	db 0
   9  0009              @ROMDATA_BASE .section inpage 'code'
   9  0009              	db 0
   9  0012              @HCCINIT .section 'data'
   9  0012              public _Buffer
   9  0012              #line 9 "C:\Hamed-PC\Projects\HTK_Project\touch-24\TOUCH.h"
"File: TOUCH.h       Assembler  Version HGASM0202      Page 35

   9  0012              @HCCINIT .section 'data'
   9  0012              _Buffer label byte
   9  0012              #pragma debug variable 8 1 _Buffer "Buffer"
   9  0012              	db 0
   9  0009              @ROMDATA_BASE .section inpage 'code'
   9  0009              	db 0
   9  0013              @HCCINIT .section 'data'
   9  0013              public _Count_format
   9  0013              #line 9 "C:\Hamed-PC\Projects\HTK_Project\touch-24\TOUCH.h"
   9  0013              @HCCINIT .section 'data'
   9  0013              _Count_format label byte
   9  0013              #pragma debug variable 8 1 _Count_format "Count_format"
   9  0013              	db 0
   9  000A              @ROMDATA_BASE .section inpage 'code'
   9  000A              	db 0
   9  0014              @HCCINIT .section 'data'
   9  0014              public _Count
   9  0014              #line 9 "C:\Hamed-PC\Projects\HTK_Project\touch-24\TOUCH.h"
   9  0014              @HCCINIT .section 'data'
   9  0014              _Count label byte
   9  0014              #pragma debug variable 8 1 _Count "Count"
   9  0014              	db 0
   9  000A              @ROMDATA_BASE .section inpage 'code'
   9  000A              	db 0
   9  0015              @HCCINIT .section 'data'
   9  0015              public _eerom
   8  0015              #line 8 "C:\Hamed-PC\Projects\HTK_Project\touch-24\TOUCH.h"
   8  0015              @HCCINIT .section 'data'
   8  0015              _eerom label byte
   8  0015              #pragma debug variable 8 1 _eerom "eerom"
   8  0015              	db 0
   8  000B              @ROMDATA_BASE .section inpage 'code'
   8  000B              	db 0
   8  0016              @HCCINIT .section 'data'
   8  0016              #line 8 "C:\Hamed-PC\Projects\HTK_Project\touch-24\TOUCH.h"
   8  0016              public _RFData
   8  0004              @HCCINIT0 .section 'data'
   8  0004  0003[       _RFData	db 3 dup(0)
            00
            ]
   8  0007              #pragma debug variable 42 1 _RFData "RFData"
   8  0007              
   8  0016              @HCCINIT .section 'data'
   8  0016              #line 8 "C:\Hamed-PC\Projects\HTK_Project\touch-24\TOUCH.h"
   8  0016              public _DataM
   8  0007              @HCCINIT0 .section 'data'
   8  0007  0003[       _DataM	db 3 dup(0)
            00
            ]
   8  000A              #pragma debug variable 42 1 _DataM "DataM"
   8  000A              
   8  0016              @HCCINIT .section 'data'
   8  0016              #line 8 "C:\Hamed-PC\Projects\HTK_Project\touch-24\TOUCH.h"
   8  0016              public _Data
   8  000A              @HCCINIT0 .section 'data'
   8  000A  0003[       _Data	db 3 dup(0)
            00
            ]
   8  000D              #pragma debug variable 42 1 _Data "Data"
   8  000D              
"File: TOUCH.h       Assembler  Version HGASM0202      Page 36

   8  0016              @HCCINIT .section 'data'
   8  0016              public _Timedown
   8  0016              #line 8 "C:\Hamed-PC\Projects\HTK_Project\touch-24\TOUCH.h"
   8  0016              @HCCINIT .section 'data'
   8  0016              _Timedown label byte
   8  0016              #pragma debug variable 8 1 _Timedown "Timedown"
   8  0016              	db 0
   8  000B              @ROMDATA_BASE .section inpage 'code'
   8  000B              	db 0
   8  0017              @HCCINIT .section 'data'
   8  0017              public _CalibrSample
   4  0017              #line 4 "C:\Hamed-PC\Projects\HTK_Project\touch-24\TOUCH.h"
   4  0017              @HCCINIT .section 'data'
   4  0017              _CalibrSample label byte
   4  0017              #pragma debug variable 8 1 _CalibrSample "CalibrSample"
   4  0017              	db 0
   4  000C              @ROMDATA_BASE .section inpage 'code'
   4  000C              	db 0
   4  0018              @HCCINIT .section 'data'
   4  0018              public _CalibrCount
   4  0018              #line 4 "C:\Hamed-PC\Projects\HTK_Project\touch-24\TOUCH.h"
   4  0018              @HCCINIT .section 'data'
   4  0018              _CalibrCount label byte
   4  0018              #pragma debug variable 8 1 _CalibrCount "CalibrCount"
   4  0018              	db 0
   4  000C              @ROMDATA_BASE .section inpage 'code'
   4  000C              	db 0
   4  0019              @HCCINIT .section 'data'
   4  0019              public _Count_T1
   3  0019              #line 3 "C:\Hamed-PC\Projects\HTK_Project\touch-24\TOUCH.h"
   3  0019              @HCCINIT .section 'data'
   3  0019              _Count_T1 label byte
   3  0019              #pragma debug variable 12 1 _Count_T1 "Count_T1"
   3  0019              	db 0
   3  000D              @ROMDATA_BASE .section inpage 'code'
   3  000D              	db 0
   3  001A              @HCCINIT .section 'data'
   3  001A              	db 0
   3  000D              @ROMDATA_BASE .section inpage 'code'
   3  000D              	db 0
   3  001B              @HCCINIT .section 'data'
   3  001B              public _Count_S1
   2  001B              #line 2 "C:\Hamed-PC\Projects\HTK_Project\touch-24\TOUCH.h"
   2  001B              @HCCINIT .section 'data'
   2  001B              _Count_S1 label byte
   2  001B              #pragma debug variable 12 1 _Count_S1 "Count_S1"
   2  001B              	db 0
   2  000E              @ROMDATA_BASE .section inpage 'code'
   2  000E              	db 0
   2  001C              @HCCINIT .section 'data'
   2  001C              	db 0
   2  000E              @ROMDATA_BASE .section inpage 'code'
   2  000E              	db 0
   2  001D              @HCCINIT .section 'data'
   2  001D              public _Count_C1_Backup
   1  001D              #line 1 "C:\Hamed-PC\Projects\HTK_Project\touch-24\TOUCH.h"
   1  001D              @HCCINIT .section 'data'
   1  001D              _Count_C1_Backup label byte
   1  001D              #pragma debug variable 14 1 _Count_C1_Backup "Count_C1_Backup"
   1  001D              	db 0
"File: TOUCH.h       Assembler  Version HGASM0202      Page 37

   1  000F              @ROMDATA_BASE .section inpage 'code'
   1  000F              	db 0
   1  001E              @HCCINIT .section 'data'
   1  001E              	db 0
   1  000F              @ROMDATA_BASE .section inpage 'code'
   1  000F              	db 0
   1  001F              @HCCINIT .section 'data'
   1  001F              	db 0
   1  0010              @ROMDATA_BASE .section inpage 'code'
   1  0010              	db 0
   1  0020              @HCCINIT .section 'data'
   1  0020              	db 0
   1  0010              @ROMDATA_BASE .section inpage 'code'
   1  0010              	db 0
   1  0021              @HCCINIT .section 'data'
   1  0021              public _Count_C1
   1  0021              #line 1 "C:\Hamed-PC\Projects\HTK_Project\touch-24\TOUCH.h"
   1  0021              @HCCINIT .section 'data'
   1  0021              _Count_C1 label byte
   1  0021              #pragma debug variable 14 1 _Count_C1 "Count_C1"
   1  0021              	db 0
   1  0011              @ROMDATA_BASE .section inpage 'code'
   1  0011              	db 0
   1  0022              @HCCINIT .section 'data'
   1  0022              	db 0
   1  0011              @ROMDATA_BASE .section inpage 'code'
   1  0011              	db 0
   1  0023              @HCCINIT .section 'data'
   1  0023              	db 0
   1  0012              @ROMDATA_BASE .section inpage 'code'
   1  0012              	db 0
   1  0024              @HCCINIT .section 'data'
   1  0024              	db 0
   1  0012              @ROMDATA_BASE .section inpage 'code'
   1  0012              	db 0
   1  0025              @HCCINIT .section 'data'
   1  0025              #pragma debug variable 8 1 ___mp1 "__mp1" 1
   1  0025              #pragma debug struct_end
   1  0025              #pragma debug struct_end
   1  0025              #pragma debug union_end
   1  0025              #pragma debug union_end
   1  0025              #pragma debug variable 44 1 ___bp "__bp" 1
   1  0025              #pragma debug struct_end
   1  0025              #pragma debug struct_end
   1  0025              #pragma debug union_end
   1  0025              #pragma debug union_end
   1  0025              #pragma debug variable 46 1 ___smod "__smod" 1
   1  0025              #pragma debug struct_end
   1  0025              #pragma debug struct_end
   1  0025              #pragma debug union_end
   1  0025              #pragma debug union_end
   1  0025              #pragma debug variable 48 1 ___integ "__integ" 1
   1  0025              #pragma debug struct_end
   1  0025              #pragma debug struct_end
   1  0025              #pragma debug union_end
   1  0025              #pragma debug union_end
   1  0025              #pragma debug variable 50 1 ___intc0 "__intc0" 1
   1  0025              #pragma debug struct_end
   1  0025              #pragma debug struct_end
   1  0025              #pragma debug union_end
"File: TOUCH.h       Assembler  Version HGASM0202      Page 38

   1  0025              #pragma debug union_end
   1  0025              #pragma debug variable 52 1 ___pa "__pa" 1
   1  0025              #pragma debug struct_end
   1  0025              #pragma debug struct_end
   1  0025              #pragma debug union_end
   1  0025              #pragma debug union_end
   1  0025              #pragma debug variable 54 1 ___pac "__pac" 1
   1  0025              #pragma debug struct_end
   1  0025              #pragma debug struct_end
   1  0025              #pragma debug union_end
   1  0025              #pragma debug union_end
   1  0025              #pragma debug variable 56 1 ___tmrc "__tmrc" 1
   1  0025              #pragma debug variable 8 1 ___eea "__eea" 1
   1  0025              #pragma debug variable 8 1 ___eed "__eed" 1
   1  0025              #pragma debug variable 8 1 ___tktmr "__tktmr" 1
   1  0025              #pragma debug struct_end
   1  0025              #pragma debug struct_end
   1  0025              #pragma debug union_end
   1  0025              #pragma debug union_end
   1  0025              #pragma debug variable 58 1 ___tkc0 "__tkc0" 1
   1  0025              #pragma debug struct_end
   1  0025              #pragma debug struct_end
   1  0025              #pragma debug union_end
   1  0025              #pragma debug union_end
   1  0025              #pragma debug variable 60 1 ___tkc1 "__tkc1" 1
   1  0025              #pragma debug variable 8 1 ___tkm016dl "__tkm016dl" 1
   1  0025              #pragma debug variable 8 1 ___tkm016dh "__tkm016dh" 1
   1  0025              #pragma debug variable 8 1 ___tkm0rol "__tkm0rol" 1
   1  0025              #pragma debug variable 8 1 ___tkm0roh "__tkm0roh" 1
   1  0025              #pragma debug struct_end
   1  0025              #pragma debug struct_end
   1  0025              #pragma debug union_end
   1  0025              #pragma debug union_end
   1  0025              #pragma debug variable 62 1 ___tkm0c0 "__tkm0c0" 1
   1  0025              #pragma debug struct_end
   1  0025              #pragma debug struct_end
   1  0025              #pragma debug union_end
   1  0025              #pragma debug union_end
   1  0025              #pragma debug variable 64 1 ___tkm0c1 "__tkm0c1" 1
   1  0025              #pragma debug variable 8 1 ___iar1 "__iar1" 1
   1  0025              extern r1:byte
   1  0025              extern r2:byte
   1  0025              extern r3:byte
   1  0025              extern r4:byte
   1  0025              extern r5:byte

  24  0025              #line 24 "C:\Hamed-PC\Projects\HTK_Project\touch-24\touch-24.c"
  24  0000              @code .section at 0 'code'
  24  0000  2800     R  	jmp _main_startup1
  24  0001              
  24  0001              extern _builtin_holtek_mulsi3_2:byte
  24  0001              extern _builtin_holtek_mulsi3:near
  24  0001              extern _builtin_holtek_udivmodsi4_2:byte
  24  0001              extern _builtin_holtek_udivmodsi4:near
  24  0001              
  24  0001              ; 
  24  0001              ; Generated by holtek-gcc v3.19, Sun Jun 07 09:57:08 2026
  24  0001              ; Rebuild 718
  24  0001              ; end of file

"File: touch-24.c    Assembler  Version HGASM0202      Page 39


        0 Errors, 0