"File: touch-4key.c  Assembler  Version HGASM0202      Page 1


   1  0000              ; Generated by holtek-gcc v3.23, Tue Sep 01 11:29:48 2026
   2  0000              ; 
   3  0000              ; Configuration:
   4  0000              ;       without long instruction
   5  0000              ;       Single ROM, Multi-RAM
   6  0000              ;       bits_per_rom_unit:16
   7  0000              ;       with mp1
   8  0000              ;       with tbhp, address(0x9)
   9  0000              ;          Use tabrd-const
  10  0000              ;       
  11  0000              ;       
  12  0000              ;       
  13  0000              ; use 'tabrdc' instead of 'tabrd'
  14  0000              ;       
  15  0000              
  16  0000              #pragma translator "holtek-gcc 4.6.4" "3.23" "build 20130711"
  17  0000              ; Rebuild 1114
  18  0000              
  19  0000              ir equ [2]
  20  0000              mp equ [3]
  21  0000              sbp equ [1]
  22  0000              acc equ [5]
  23  0000              bp equ [4]
  24  0000              tblp equ [7]
  25  0000              tbhp equ [9]
  26  0000              status equ [10]
  27  0000              c equ [10].0
  28  0000              ac equ [10].1
  29  0000              z equ [10].2
  30  0000              ov equ [10].3
  31  0000              intc equ [11]
  32  0000              
  33  0000              extern ra:byte
  34  0000              extern rb:byte
  35  0000              extern rc:byte
  36  0000              extern rd:byte
  37  0000              extern re:byte
  38  0000              extern rf:byte
  39  0000              extern rg:byte
  40  0000              extern rh:byte
  41  0000              extern _Crom2Prom:near
  42  0000              extern _Crom2PromNext:near
  43  0000              
  44  0000              RAMBANK 0 @HCCINIT, @HCCINIT0
  45  0000              
  46  0000              RAMBANK 0 @BITDATASEC, @BITDATASEC1
  47  0000              @HCCINIT	.section 'data'
  48  0000              @HCCINIT0	.section 'data'
  49  0000              @BITDATASEC	 .section 'data'
  50  0000              @BITDATASEC1	 .section 'data'
  51  0000              
  52  0000              #pragma debug scope 1 1
  53  0000              	extern __DELAY3:near
  54  0000              	extern __DELAYX3:near
  55  0000              	extern __DELAYX6:near
  56  0000              	extern __DELAYY5:near
  57  0000              	extern __DELAYY3:near
  58  0000              	extern _builtin_holtek_delay_2:byte
  59  0000              public _delay_10us
"File: touch-4key.ASM  Assembler  Version HGASM0202      Page 2

  60  0000              #pragma debug scope 2 1

  11  0000              #line 11 "D:\hamed\project\htk-project\touch-4key\touch-4key\DELAY.h"
  11  0000              _delay_10us .section 'code'
  11  0000              _delay_10us proc
  11  0000              public _delay_10us_2
  11  0000  0004[           local _delay_10us_2 db 4 dup(?)	; 4,0
            00
            ]
  11  0004              #pragma debug variable 14 2 _delay_10us_2+0 "count_u"
  15  0004              #line 15 "D:\hamed\project\htk-project\touch-4key\touch-4key\DELAY.h"
  15  0000  1F00     E  	clr rd
  15  0001  1F00     E  	clr re
  15  0002  1F00     E  	clr rf
  15  0003  1F00     E  	clr rg
  15  0004  2800     R  	jmp _L2
  15  0005              _L3:
  17  0005              #line 17 "D:\hamed\project\htk-project\touch-4key\touch-4key\DELAY.h"
  17  0005              ;# 17 "D:\hamed\project\htk-project\touch-4key\touch-4key\DELAY.h" 1
  17  0005  0001        	clr wdt
  18  0006              #line 18 "D:\hamed\project\htk-project\touch-4key\touch-4key\DELAY.h"
  18  0006              ;# 18 "D:\hamed\project\htk-project\touch-4key\touch-4key\DELAY.h" 1
  18  0006  0000        	nop
  19  0007              #line 19 "D:\hamed\project\htk-project\touch-4key\touch-4key\DELAY.h"
  19  0007              ;# 19 "D:\hamed\project\htk-project\touch-4key\touch-4key\DELAY.h" 1
  19  0007  0000        	nop
  20  0008              #line 20 "D:\hamed\project\htk-project\touch-4key\touch-4key\DELAY.h"
  20  0008              ;# 20 "D:\hamed\project\htk-project\touch-4key\touch-4key\DELAY.h" 1
  20  0008  0000        	nop
  21  0009              #line 21 "D:\hamed\project\htk-project\touch-4key\touch-4key\DELAY.h"
  21  0009              ;# 21 "D:\hamed\project\htk-project\touch-4key\touch-4key\DELAY.h" 1
  21  0009  0000        	nop
  15  000A              #line 15 "D:\hamed\project\htk-project\touch-4key\touch-4key\DELAY.h"
  15  000A  0F01        	mov a,1
  15  000B  0380     E  	addm a,rd
  15  000C  0F00        	mov a,0
  15  000D  1380     E  	adcm a,re
  15  000E  1380     E  	adcm a,rf
  15  000F  1380     E  	adcm a,rg
  15  0010              _L2:
  15  0010  0700     E  	mov a,rd
  15  0011  0400     R  	xor a,_delay_10us_2[0]
  15  0012  0700     E  	mov a,re
  15  0013  3D0A        	sz z
  15  0014  0400     R  	xor a,_delay_10us_2[1]
  15  0015  0700     E  	mov a,rf
  15  0016  3D0A        	sz z
  15  0017  0400     R  	xor a,_delay_10us_2[2]
  15  0018  0700     E  	mov a,rg
  15  0019  3D0A        	sz z
  15  001A  0400     R  	xor a,_delay_10us_2[3]
  15  001B  390A        	snz z
  15  001C  2800     R  	jmp _L3
  15  001D  0003        	ret
  15  001E              _delay_10us endp
  15  001E              #line 15 "D:\hamed\project\htk-project\touch-4key\touch-4key\DELAY.h"
  15  001E              #pragma debug scope 1 1
  15  001E              public _delay_us
  15  001E              #pragma debug scope 3 1
  28  001E              #line 28 "D:\hamed\project\htk-project\touch-4key\touch-4key\DELAY.h"
"File: DELAY.h       Assembler  Version HGASM0202      Page 3

  28  0000              _delay_us .section 'code'
  28  0000              _delay_us proc
  28  0000              public _delay_us_2
  28  0000  0004[           local _delay_us_2 db 4 dup(?)	; 4,0
            00
            ]
  28  0004              #pragma debug variable 14 3 _delay_us_2+0 "count_u"
  32  0004              #line 32 "D:\hamed\project\htk-project\touch-4key\touch-4key\DELAY.h"
  32  0000  1F00     E  	clr rd
  32  0001  1F00     E  	clr re
  32  0002  1F00     E  	clr rf
  32  0003  1F00     E  	clr rg
  32  0004  2800     R  	jmp _L6
  32  0005              _L7:
  34  0005              #line 34 "D:\hamed\project\htk-project\touch-4key\touch-4key\DELAY.h"
  34  0005              ;# 34 "D:\hamed\project\htk-project\touch-4key\touch-4key\DELAY.h" 1
  34  0005  0001        	clr wdt
  35  0006              #line 35 "D:\hamed\project\htk-project\touch-4key\touch-4key\DELAY.h"
  35  0006              ;# 35 "D:\hamed\project\htk-project\touch-4key\touch-4key\DELAY.h" 1
  35  0006  0000        	nop
  32  0007              #line 32 "D:\hamed\project\htk-project\touch-4key\touch-4key\DELAY.h"
  32  0007  0F01        	mov a,1
  32  0008  0380     E  	addm a,rd
  32  0009  0F00        	mov a,0
  32  000A  1380     E  	adcm a,re
  32  000B  1380     E  	adcm a,rf
  32  000C  1380     E  	adcm a,rg
  32  000D              _L6:
  32  000D  0700     E  	mov a,rd
  32  000E  0400     R  	xor a,_delay_us_2[0]
  32  000F  0700     E  	mov a,re
  32  0010  3D0A        	sz z
  32  0011  0400     R  	xor a,_delay_us_2[1]
  32  0012  0700     E  	mov a,rf
  32  0013  3D0A        	sz z
  32  0014  0400     R  	xor a,_delay_us_2[2]
  32  0015  0700     E  	mov a,rg
  32  0016  3D0A        	sz z
  32  0017  0400     R  	xor a,_delay_us_2[3]
  32  0018  390A        	snz z
  32  0019  2800     R  	jmp _L7
  32  001A  0003        	ret
  32  001B              _delay_us endp
  32  001B              #line 32 "D:\hamed\project\htk-project\touch-4key\touch-4key\DELAY.h"
  32  001B              #pragma debug scope 1 1
  32  001B              public _delay_ms
  32  001B              #pragma debug scope 4 1
  42  001B              #line 42 "D:\hamed\project\htk-project\touch-4key\touch-4key\DELAY.h"
  42  0000              _delay_ms .section 'code'
  42  0000              _delay_ms proc
  42  0000              public _delay_ms_2
  42  0000  0008[           local _delay_ms_2 db 8 dup(?)	; 4,4
            00
            ]
  42  0008              #pragma debug variable 14 4 _delay_ms_2+0 "count_m"
  44  0008              #line 44 "D:\hamed\project\htk-project\touch-4key\touch-4key\DELAY.h"
  44  0000  0700     R  	mov a,_delay_ms_2[0]
  44  0001  0080     E  	mov _builtin_holtek_mulsi3_2[0],a
  44  0002  0700     R  	mov a,_delay_ms_2[1]
  44  0003  0080     E  	mov _builtin_holtek_mulsi3_2[1],a
"File: DELAY.h       Assembler  Version HGASM0202      Page 4

  44  0004  0700     R  	mov a,_delay_ms_2[2]
  44  0005  0080     E  	mov _builtin_holtek_mulsi3_2[2],a
  44  0006  0700     R  	mov a,_delay_ms_2[3]
  44  0007  0080     E  	mov _builtin_holtek_mulsi3_2[3],a
  44  0008  0F64        	mov a,100
  44  0009  0080     E  	mov _builtin_holtek_mulsi3_2[4],a
  44  000A  0F00        	mov a,0
  44  000B  0080     E  	mov _builtin_holtek_mulsi3_2[5],a
  44  000C  0F00        	mov a,0
  44  000D  0080     E  	mov _builtin_holtek_mulsi3_2[6],a
  44  000E  0F00        	mov a,0
  44  000F  0080     E  	mov _builtin_holtek_mulsi3_2[7],a
  44  0010  2000     E  	call _builtin_holtek_mulsi3
  44  0011  0700     E  	mov a,_builtin_holtek_mulsi3_2[8]
  44  0012  0080     R  	mov _delay_ms_2[4],a
  44  0013  0700     E  	mov a,_builtin_holtek_mulsi3_2[9]
  44  0014  0080     R  	mov _delay_ms_2[5],a
  44  0015  0700     E  	mov a,_builtin_holtek_mulsi3_2[10]
  44  0016  0080     R  	mov _delay_ms_2[6],a
  44  0017  0700     E  	mov a,_builtin_holtek_mulsi3_2[11]
  44  0018  0080     R  	mov _delay_ms_2[7],a
  45  0019              #line 45 "D:\hamed\project\htk-project\touch-4key\touch-4key\DELAY.h"
  45  0019  1F00     E  	clr rd
  45  001A  1F00     E  	clr re
  45  001B  1F00     E  	clr rf
  45  001C  1F00     E  	clr rg
  45  001D  2800     R  	jmp _L9
  45  001E              _L10:
  47  001E              #line 47 "D:\hamed\project\htk-project\touch-4key\touch-4key\DELAY.h"
  47  001E              ;# 47 "D:\hamed\project\htk-project\touch-4key\touch-4key\DELAY.h" 1
  47  001E  0001        	clr wdt
  48  001F              #line 48 "D:\hamed\project\htk-project\touch-4key\touch-4key\DELAY.h"
  48  001F              ;# 48 "D:\hamed\project\htk-project\touch-4key\touch-4key\DELAY.h" 1
  48  001F  0000        	nop
  49  0020              #line 49 "D:\hamed\project\htk-project\touch-4key\touch-4key\DELAY.h"
  49  0020              ;# 49 "D:\hamed\project\htk-project\touch-4key\touch-4key\DELAY.h" 1
  49  0020  0000        	nop
  50  0021              #line 50 "D:\hamed\project\htk-project\touch-4key\touch-4key\DELAY.h"
  50  0021              ;# 50 "D:\hamed\project\htk-project\touch-4key\touch-4key\DELAY.h" 1
  50  0021  0000        	nop
  51  0022              #line 51 "D:\hamed\project\htk-project\touch-4key\touch-4key\DELAY.h"
  51  0022              ;# 51 "D:\hamed\project\htk-project\touch-4key\touch-4key\DELAY.h" 1
  51  0022  0000        	nop
  45  0023              #line 45 "D:\hamed\project\htk-project\touch-4key\touch-4key\DELAY.h"
  45  0023  0F01        	mov a,1
  45  0024  0380     E  	addm a,rd
  45  0025  0F00        	mov a,0
  45  0026  1380     E  	adcm a,re
  45  0027  1380     E  	adcm a,rf
  45  0028  1380     E  	adcm a,rg
  45  0029              _L9:
  45  0029  0700     E  	mov a,rd
  45  002A  0400     R  	xor a,_delay_ms_2[4]
  45  002B  0700     E  	mov a,re
  45  002C  3D0A        	sz z
  45  002D  0400     R  	xor a,_delay_ms_2[5]
  45  002E  0700     E  	mov a,rf
  45  002F  3D0A        	sz z
  45  0030  0400     R  	xor a,_delay_ms_2[6]
  45  0031  0700     E  	mov a,rg
"File: DELAY.h       Assembler  Version HGASM0202      Page 5

  45  0032  3D0A        	sz z
  45  0033  0400     R  	xor a,_delay_ms_2[7]
  45  0034  390A        	snz z
  45  0035  2800     R  	jmp _L10
  45  0036  0003        	ret
  45  0037              _delay_ms endp
  45  0037              #line 45 "D:\hamed\project\htk-project\touch-4key\touch-4key\DELAY.h"
  45  0037              #pragma debug scope 1 1
  45  0037              ___intc0 equ [14]
  45  0037              ___tktmr equ [67]
  45  0037              ___tkc0 equ [68]
  45  0037              ___tkc1 equ [71]
  45  0037              ___tkm0c1 equ [77]
  45  0037              ___tkm0rol equ [74]
  45  0037              ___tkm0roh equ [75]
  45  0037              ___tkm0c0 equ [76]
  45  0037              public _TuochKeyInit
  45  0037              #pragma debug scope 5 1

 129  0037              #line 129 "D:\hamed\project\htk-project\touch-4key\touch-4key\TOUCH.h"
 129  0000              _TuochKeyInit .section 'code'
 129  0000              _TuochKeyInit proc
 131  0000              #line 131 "D:\hamed\project\htk-project\touch-4key\touch-4key\TOUCH.h"
 131  0000  350E        	clr [14].2
 132  0001              #line 132 "D:\hamed\project\htk-project\touch-4key\touch-4key\TOUCH.h"
 132  0001  368E        	clr [14].5
 133  0002              #line 133 "D:\hamed\project\htk-project\touch-4key\touch-4key\TOUCH.h"
 133  0002  1F43        	clr [67]
 134  0003              #line 134 "D:\hamed\project\htk-project\touch-4key\touch-4key\TOUCH.h"
 134  0003  34C4        	clr [68].1
 134  0004  3444        	clr [68].0
 135  0005              #line 135 "D:\hamed\project\htk-project\touch-4key\touch-4key\TOUCH.h"
 135  0005  30C7        	set [71].1
 135  0006  3047        	set [71].0
 138  0007              #line 138 "D:\hamed\project\htk-project\touch-4key\touch-4key\TOUCH.h"
 138  0007  31CD        	set [77].3
 138  0008  314D        	set [77].2
 138  0009  30CD        	set [77].1
 138  000A  304D        	set [77].0
 139  000B              #line 139 "D:\hamed\project\htk-project\touch-4key\touch-4key\TOUCH.h"
 139  000B  0FC8        	mov a,200
 139  000C  00CA        	mov [74],a
 139  000D  1F4B        	clr [75]
 140  000E              #line 140 "D:\hamed\project\htk-project\touch-4key\touch-4key\TOUCH.h"
 140  000E  32CC        	set [76].5
 141  000F              #line 141 "D:\hamed\project\htk-project\touch-4key\touch-4key\TOUCH.h"
 141  000F  324C        	set [76].4
 142  0010              #line 142 "D:\hamed\project\htk-project\touch-4key\touch-4key\TOUCH.h"
 142  0010  35CC        	clr [76].3
 143  0011              #line 143 "D:\hamed\project\htk-project\touch-4key\touch-4key\TOUCH.h"
 143  0011  314C        	set [76].2
 143  0012  30CC        	set [76].1
 143  0013  304C        	set [76].0
 144  0014              #line 144 "D:\hamed\project\htk-project\touch-4key\touch-4key\TOUCH.h"
 144  0014  37CD        	clr [77].7
 145  0015              #line 145 "D:\hamed\project\htk-project\touch-4key\touch-4key\TOUCH.h"
 145  0015  32CD        	set [77].5
 146  0016              #line 146 "D:\hamed\project\htk-project\touch-4key\touch-4key\TOUCH.h"
 146  0016  324D        	set [77].4
 146  0017  0003        	ret
"File: TOUCH.h       Assembler  Version HGASM0202      Page 6

 146  0018              _TuochKeyInit endp
 146  0018              #line 146 "D:\hamed\project\htk-project\touch-4key\touch-4key\TOUCH.h"
 146  0018              #pragma debug scope 1 1
 146  0018              ___pa equ [20]
 146  0018              public _Piezo_Tone
 146  0018              #pragma debug scope 6 1
 151  0018              #line 151 "D:\hamed\project\htk-project\touch-4key\touch-4key\TOUCH.h"
 151  0000              _Piezo_Tone .section 'code'
 151  0000              _Piezo_Tone proc
 151  0000              public _Piezo_Tone_2
 151  0000  000B[           local _Piezo_Tone_2 db 11 dup(?)	; 3,8
            00
            ]
 151  000B              #pragma debug variable 12 6 _Piezo_Tone_2+0 "duration_ms"
 151  000B              #pragma debug variable 8 6 _Piezo_Tone_2+2 "tone_delay"
 151  000B              #pragma debug variable 12 6 _Piezo_Tone_2+3 "i"
 154  000B              #line 154 "D:\hamed\project\htk-project\touch-4key\touch-4key\TOUCH.h"
 154  0000  340A        	clr c
 154  0001  1A00     R  	rlca _Piezo_Tone_2[0]
 154  0002  0080     E  	mov rb,a
 154  0003  1A00     R  	rlca _Piezo_Tone_2[1]
 154  0004  0080     E  	mov rc,a
 154  0005  0700     R  	mov a,_Piezo_Tone_2[0]
 154  0006  0380     E  	addm a,rb
 154  0007  0700     R  	mov a,_Piezo_Tone_2[1]
 154  0008  1380     E  	adcm a,rc
 154  0009  340A        	clr c
 154  000A  1A00     E  	rlca rb
 154  000B  0080     R  	mov _Piezo_Tone_2[9],a
 154  000C  1A00     E  	rlca rc
 154  000D  0080     R  	mov _Piezo_Tone_2[10],a
 154  000E  1F00     R  	clr _Piezo_Tone_2[3]
 154  000F  1F00     R  	clr _Piezo_Tone_2[4]
 154  0010              _L13:
 154  0010              #line 154 "D:\hamed\project\htk-project\touch-4key\touch-4key\TOUCH.h"
 154  0010  0700     R  	mov a,_Piezo_Tone_2[3]
 154  0011  0400     R  	xor a,_Piezo_Tone_2[9]
 154  0012  0700     R  	mov a,_Piezo_Tone_2[4]
 154  0013  3D0A        	sz z
 154  0014  0400     R  	xor a,_Piezo_Tone_2[10]
 154  0015  3D0A        	sz z
 154  0016  2800     R  	jmp _L15
 156  0017              #line 156 "D:\hamed\project\htk-project\touch-4key\touch-4key\TOUCH.h"
 156  0017  3114        	set [20].2
 157  0018              #line 157 "D:\hamed\project\htk-project\touch-4key\touch-4key\TOUCH.h"
 157  0018  0700     R  	mov a,_Piezo_Tone_2[2]
 157  0019  0080     R  	mov _Piezo_Tone_2[5],a
 157  001A  1F00     R  	clr _Piezo_Tone_2[6]
 157  001B  1F00     R  	clr _Piezo_Tone_2[7]
 157  001C  1F00     R  	clr _Piezo_Tone_2[8]
 157  001D  0700     R  	mov a,_Piezo_Tone_2[5]
 157  001E  0080     R  	mov _delay_us_2[0],a
 157  001F  0700     R  	mov a,_Piezo_Tone_2[6]
 157  0020  0080     R  	mov _delay_us_2[1],a
 157  0021  0700     R  	mov a,_Piezo_Tone_2[7]
 157  0022  0080     R  	mov _delay_us_2[2],a
 157  0023  0700     R  	mov a,_Piezo_Tone_2[8]
 157  0024  0080     R  	mov _delay_us_2[3],a
 157  0025  2000     R  	call _delay_us
 159  0026              #line 159 "D:\hamed\project\htk-project\touch-4key\touch-4key\TOUCH.h"
"File: TOUCH.h       Assembler  Version HGASM0202      Page 7

 159  0026  3514        	clr [20].2
 160  0027              #line 160 "D:\hamed\project\htk-project\touch-4key\touch-4key\TOUCH.h"
 160  0027  0700     R  	mov a,_Piezo_Tone_2[5]
 160  0028  0080     R  	mov _delay_us_2[0],a
 160  0029  0700     R  	mov a,_Piezo_Tone_2[6]
 160  002A  0080     R  	mov _delay_us_2[1],a
 160  002B  0700     R  	mov a,_Piezo_Tone_2[7]
 160  002C  0080     R  	mov _delay_us_2[2],a
 160  002D  0700     R  	mov a,_Piezo_Tone_2[8]
 160  002E  0080     R  	mov _delay_us_2[3],a
 160  002F  2000     R  	call _delay_us
 154  0030              #line 154 "D:\hamed\project\htk-project\touch-4key\touch-4key\TOUCH.h"
 154  0030  1480     R  	inc _Piezo_Tone_2[3]
 154  0031  3D0A        	sz z
 154  0032  1480     R  	inc _Piezo_Tone_2[4]
 154  0033  2800     R  	jmp _L13
 154  0034              _L15:
 163  0034              #line 163 "D:\hamed\project\htk-project\touch-4key\touch-4key\TOUCH.h"
 163  0034  3514        	clr [20].2
 163  0035  0003        	ret
 163  0036              _Piezo_Tone endp
 163  0036              #line 163 "D:\hamed\project\htk-project\touch-4key\touch-4key\TOUCH.h"
 163  0036              #pragma debug scope 1 1
 163  0036              public _Sound_Key
 163  0036              #pragma debug scope 7 1
 167  0036              #line 167 "D:\hamed\project\htk-project\touch-4key\touch-4key\TOUCH.h"
 167  0000              _Sound_Key .section 'code'
 167  0000              _Sound_Key proc
 168  0000              #line 168 "D:\hamed\project\htk-project\touch-4key\touch-4key\TOUCH.h"
 168  0000  0F05        	mov a,5
 168  0001  0080     R  	mov _Piezo_Tone_2[2],a
 168  0002  0F19        	mov a,25
 168  0003  0080     R  	mov _Piezo_Tone_2[0],a
 168  0004  1F00     R  	clr _Piezo_Tone_2[1]
 168  0005  2000     R  	call _Piezo_Tone
 169  0006              #line 169 "D:\hamed\project\htk-project\touch-4key\touch-4key\TOUCH.h"
 169  0006  0F07        	mov a,7
 169  0007  0080     R  	mov _Piezo_Tone_2[2],a
 169  0008  0F19        	mov a,25
 169  0009  0080     R  	mov _Piezo_Tone_2[0],a
 169  000A  1F00     R  	clr _Piezo_Tone_2[1]
 169  000B  2000     R  	call _Piezo_Tone
 170  000C              #line 170 "D:\hamed\project\htk-project\touch-4key\touch-4key\TOUCH.h"
 170  000C  0F09        	mov a,9
 170  000D  0080     R  	mov _Piezo_Tone_2[2],a
 170  000E  0F19        	mov a,25
 170  000F  0080     R  	mov _Piezo_Tone_2[0],a
 170  0010  1F00     R  	clr _Piezo_Tone_2[1]
 170  0011  2000     R  	call _Piezo_Tone
 170  0012  0003        	ret
 170  0013              _Sound_Key endp
 170  0013              #line 170 "D:\hamed\project\htk-project\touch-4key\touch-4key\TOUCH.h"
 170  0013              #pragma debug scope 1 1
 170  0013              public _Sound_Learn
 170  0013              #pragma debug scope 8 1
 173  0013              #line 173 "D:\hamed\project\htk-project\touch-4key\touch-4key\TOUCH.h"
 173  0000              _Sound_Learn .section 'code'
 173  0000              _Sound_Learn proc
 174  0000              #line 174 "D:\hamed\project\htk-project\touch-4key\touch-4key\TOUCH.h"
 174  0000  0F0E        	mov a,14
"File: TOUCH.h       Assembler  Version HGASM0202      Page 8

 174  0001  0080     R  	mov _Piezo_Tone_2[2],a
 174  0002  0F2D        	mov a,45
 174  0003  0080     R  	mov _Piezo_Tone_2[0],a
 174  0004  1F00     R  	clr _Piezo_Tone_2[1]
 174  0005  2000     R  	call _Piezo_Tone
 175  0006              #line 175 "D:\hamed\project\htk-project\touch-4key\touch-4key\TOUCH.h"
 175  0006  0F19        	mov a,25
 175  0007  0080     R  	mov _delay_ms_2[0],a
 175  0008  1F00     R  	clr _delay_ms_2[1]
 175  0009  1F00     R  	clr _delay_ms_2[2]
 175  000A  1F00     R  	clr _delay_ms_2[3]
 175  000B  2000     R  	call _delay_ms
 177  000C              #line 177 "D:\hamed\project\htk-project\touch-4key\touch-4key\TOUCH.h"
 177  000C  0F0A        	mov a,10
 177  000D  0080     R  	mov _Piezo_Tone_2[2],a
 177  000E  0F2D        	mov a,45
 177  000F  0080     R  	mov _Piezo_Tone_2[0],a
 177  0010  1F00     R  	clr _Piezo_Tone_2[1]
 177  0011  2000     R  	call _Piezo_Tone
 178  0012              #line 178 "D:\hamed\project\htk-project\touch-4key\touch-4key\TOUCH.h"
 178  0012  0F19        	mov a,25
 178  0013  0080     R  	mov _delay_ms_2[0],a
 178  0014  1F00     R  	clr _delay_ms_2[1]
 178  0015  1F00     R  	clr _delay_ms_2[2]
 178  0016  1F00     R  	clr _delay_ms_2[3]
 178  0017  2000     R  	call _delay_ms
 180  0018              #line 180 "D:\hamed\project\htk-project\touch-4key\touch-4key\TOUCH.h"
 180  0018  0F06        	mov a,6
 180  0019  0080     R  	mov _Piezo_Tone_2[2],a
 180  001A  0F78        	mov a,120
 180  001B  0080     R  	mov _Piezo_Tone_2[0],a
 180  001C  1F00     R  	clr _Piezo_Tone_2[1]
 180  001D  2000     R  	call _Piezo_Tone
 180  001E  0003        	ret
 180  001F              _Sound_Learn endp
 180  001F              #line 180 "D:\hamed\project\htk-project\touch-4key\touch-4key\TOUCH.h"
 180  001F              #pragma debug scope 1 1
 180  001F              public _Sound_Remove
 180  001F              #pragma debug scope 9 1
 183  001F              #line 183 "D:\hamed\project\htk-project\touch-4key\touch-4key\TOUCH.h"
 183  0000              _Sound_Remove .section 'code'
 183  0000              _Sound_Remove proc
 184  0000              #line 184 "D:\hamed\project\htk-project\touch-4key\touch-4key\TOUCH.h"
 184  0000  0F06        	mov a,6
 184  0001  0080     R  	mov _Piezo_Tone_2[2],a
 184  0002  0F28        	mov a,40
 184  0003  0080     R  	mov _Piezo_Tone_2[0],a
 184  0004  1F00     R  	clr _Piezo_Tone_2[1]
 184  0005  2000     R  	call _Piezo_Tone
 185  0006              #line 185 "D:\hamed\project\htk-project\touch-4key\touch-4key\TOUCH.h"
 185  0006  0F19        	mov a,25
 185  0007  0080     R  	mov _delay_ms_2[0],a
 185  0008  1F00     R  	clr _delay_ms_2[1]
 185  0009  1F00     R  	clr _delay_ms_2[2]
 185  000A  1F00     R  	clr _delay_ms_2[3]
 185  000B  2000     R  	call _delay_ms
 187  000C              #line 187 "D:\hamed\project\htk-project\touch-4key\touch-4key\TOUCH.h"
 187  000C  0F0A        	mov a,10
 187  000D  0080     R  	mov _Piezo_Tone_2[2],a
 187  000E  0F1E        	mov a,30
"File: TOUCH.h       Assembler  Version HGASM0202      Page 9

 187  000F  0080     R  	mov _Piezo_Tone_2[0],a
 187  0010  1F00     R  	clr _Piezo_Tone_2[1]
 187  0011  2000     R  	call _Piezo_Tone
 188  0012              #line 188 "D:\hamed\project\htk-project\touch-4key\touch-4key\TOUCH.h"
 188  0012  0F19        	mov a,25
 188  0013  0080     R  	mov _delay_ms_2[0],a
 188  0014  1F00     R  	clr _delay_ms_2[1]
 188  0015  1F00     R  	clr _delay_ms_2[2]
 188  0016  1F00     R  	clr _delay_ms_2[3]
 188  0017  2000     R  	call _delay_ms
 190  0018              #line 190 "D:\hamed\project\htk-project\touch-4key\touch-4key\TOUCH.h"
 190  0018  0F0E        	mov a,14
 190  0019  0080     R  	mov _Piezo_Tone_2[2],a
 190  001A  0F37        	mov a,55
 190  001B  0080     R  	mov _Piezo_Tone_2[0],a
 190  001C  1F00     R  	clr _Piezo_Tone_2[1]
 190  001D  2000     R  	call _Piezo_Tone
 190  001E  0003        	ret
 190  001F              _Sound_Remove endp
 190  001F              #line 190 "D:\hamed\project\htk-project\touch-4key\touch-4key\TOUCH.h"
 190  001F              #pragma debug scope 1 1
 190  001F              public _Sound_Startup
 190  001F              #pragma debug scope 10 1
 197  001F              #line 197 "D:\hamed\project\htk-project\touch-4key\touch-4key\TOUCH.h"
 197  0000              _Sound_Startup .section 'code'
 197  0000              _Sound_Startup proc
 198  0000              #line 198 "D:\hamed\project\htk-project\touch-4key\touch-4key\TOUCH.h"
 198  0000  0F0A        	mov a,10
 198  0001  0080     R  	mov _Piezo_Tone_2[2],a
 198  0002  0F23        	mov a,35
 198  0003  0080     R  	mov _Piezo_Tone_2[0],a
 198  0004  1F00     R  	clr _Piezo_Tone_2[1]
 198  0005  2000     R  	call _Piezo_Tone
 199  0006              #line 199 "D:\hamed\project\htk-project\touch-4key\touch-4key\TOUCH.h"
 199  0006  0F37        	mov a,55
 199  0007  0080     R  	mov _delay_ms_2[0],a
 199  0008  1F00     R  	clr _delay_ms_2[1]
 199  0009  1F00     R  	clr _delay_ms_2[2]
 199  000A  1F00     R  	clr _delay_ms_2[3]
 199  000B  2000     R  	call _delay_ms
 201  000C              #line 201 "D:\hamed\project\htk-project\touch-4key\touch-4key\TOUCH.h"
 201  000C  0F09        	mov a,9
 201  000D  0080     R  	mov _Piezo_Tone_2[2],a
 201  000E  0F23        	mov a,35
 201  000F  0080     R  	mov _Piezo_Tone_2[0],a
 201  0010  1F00     R  	clr _Piezo_Tone_2[1]
 201  0011  2000     R  	call _Piezo_Tone
 202  0012              #line 202 "D:\hamed\project\htk-project\touch-4key\touch-4key\TOUCH.h"
 202  0012  0F37        	mov a,55
 202  0013  0080     R  	mov _delay_ms_2[0],a
 202  0014  1F00     R  	clr _delay_ms_2[1]
 202  0015  1F00     R  	clr _delay_ms_2[2]
 202  0016  1F00     R  	clr _delay_ms_2[3]
 202  0017  2000     R  	call _delay_ms
 204  0018              #line 204 "D:\hamed\project\htk-project\touch-4key\touch-4key\TOUCH.h"
 204  0018  0F08        	mov a,8
 204  0019  0080     R  	mov _Piezo_Tone_2[2],a
 204  001A  0F23        	mov a,35
 204  001B  0080     R  	mov _Piezo_Tone_2[0],a
 204  001C  1F00     R  	clr _Piezo_Tone_2[1]
"File: TOUCH.h       Assembler  Version HGASM0202      Page 10

 204  001D  2000     R  	call _Piezo_Tone
 205  001E              #line 205 "D:\hamed\project\htk-project\touch-4key\touch-4key\TOUCH.h"
 205  001E  0F46        	mov a,70
 205  001F  0080     R  	mov _delay_ms_2[0],a
 205  0020  1F00     R  	clr _delay_ms_2[1]
 205  0021  1F00     R  	clr _delay_ms_2[2]
 205  0022  1F00     R  	clr _delay_ms_2[3]
 205  0023  2000     R  	call _delay_ms
 208  0024              #line 208 "D:\hamed\project\htk-project\touch-4key\touch-4key\TOUCH.h"
 208  0024  0F06        	mov a,6
 208  0025  0080     R  	mov _Piezo_Tone_2[2],a
 208  0026  0FB4        	mov a,-76
 208  0027  0080     R  	mov _Piezo_Tone_2[0],a
 208  0028  1F00     R  	clr _Piezo_Tone_2[1]
 208  0029  2000     R  	call _Piezo_Tone
 210  002A              #line 210 "D:\hamed\project\htk-project\touch-4key\touch-4key\TOUCH.h"
 210  002A  3514        	clr [20].2
 210  002B  0003        	ret
 210  002C              _Sound_Startup endp
 210  002C              #line 210 "D:\hamed\project\htk-project\touch-4key\touch-4key\TOUCH.h"
 210  002C              #pragma debug scope 1 1
 210  002C              public _Send_Command
 210  002C              #pragma debug scope 11 1
 216  002C              #line 216 "D:\hamed\project\htk-project\touch-4key\touch-4key\TOUCH.h"
 216  0000              _Send_Command .section 'code'
 216  0000              _Send_Command proc
 216  0000  0002[           local _Send_Command_2 db 2 dup(?)	; 0,2
            00
            ]
 216  0000  0080     E  	mov ra,a
 216  0001  0080     R  	mov _Send_Command_2[0],a
 216  0002              #pragma debug variable 8 11 _Send_Command_2+0 "key"
 216  0002              #pragma debug variable 8 11 _Send_Command_2+1 "pulse_time"
 219  0002              #line 219 "D:\hamed\project\htk-project\touch-4key\touch-4key\TOUCH.h"
 219  0002  0700     E  	mov a,ra
 219  0003  0A01        	sub a,1
 219  0004  3D0A        	sz z
 219  0005  2800     R  	jmp _L23
 219  0006  0A01        	sub a,(2)-(1)
 219  0007  3D0A        	sz z
 219  0008  2800     R  	jmp _L24
 223  0009              #line 223 "D:\hamed\project\htk-project\touch-4key\touch-4key\TOUCH.h"
 223  0009  0700     E  	mov a,ra
 223  000A  0A03        	sub a,3
 223  000B  3D0A        	sz z
 223  000C  2800     R  	jmp _L25
 225  000D              #line 225 "D:\hamed\project\htk-project\touch-4key\touch-4key\TOUCH.h"
 225  000D  0700     E  	mov a,ra
 225  000E  0A04        	sub a,4
 225  000F  390A        	snz z
 225  0010  2800     R  	jmp _L20
 226  0011              #line 226 "D:\hamed\project\htk-project\touch-4key\touch-4key\TOUCH.h"
 226  0011  0F23        	mov a,35
 226  0012  0080     R  	mov _Send_Command_2[1],a
 226  0013  2800     R  	jmp _L21
 226  0014              _L23:
 220  0014              #line 220 "D:\hamed\project\htk-project\touch-4key\touch-4key\TOUCH.h"
 220  0014  0F19        	mov a,25
 220  0015  0080     R  	mov _Send_Command_2[1],a
 220  0016  2800     R  	jmp _L21
"File: TOUCH.h       Assembler  Version HGASM0202      Page 11

 220  0017              _L24:
 222  0017              #line 222 "D:\hamed\project\htk-project\touch-4key\touch-4key\TOUCH.h"
 222  0017  0F05        	mov a,5
 222  0018  0080     R  	mov _Send_Command_2[1],a
 222  0019  2800     R  	jmp _L21
 222  001A              _L25:
 224  001A              #line 224 "D:\hamed\project\htk-project\touch-4key\touch-4key\TOUCH.h"
 224  001A  0F0F        	mov a,15
 224  001B  0080     R  	mov _Send_Command_2[1],a
 224  001C              _L21:
 230  001C              #line 230 "D:\hamed\project\htk-project\touch-4key\touch-4key\TOUCH.h"
 230  001C  3414        	clr [20].0
 231  001D              #line 231 "D:\hamed\project\htk-project\touch-4key\touch-4key\TOUCH.h"
 231  001D  0F0A        	mov a,10
 231  001E  0080     R  	mov _delay_ms_2[0],a
 231  001F  1F00     R  	clr _delay_ms_2[1]
 231  0020  1F00     R  	clr _delay_ms_2[2]
 231  0021  1F00     R  	clr _delay_ms_2[3]
 231  0022  2000     R  	call _delay_ms
 233  0023              #line 233 "D:\hamed\project\htk-project\touch-4key\touch-4key\TOUCH.h"
 233  0023  3014        	set [20].0
 234  0024              #line 234 "D:\hamed\project\htk-project\touch-4key\touch-4key\TOUCH.h"
 234  0024  0F05        	mov a,5
 234  0025  0080     R  	mov _delay_ms_2[0],a
 234  0026  1F00     R  	clr _delay_ms_2[1]
 234  0027  1F00     R  	clr _delay_ms_2[2]
 234  0028  1F00     R  	clr _delay_ms_2[3]
 234  0029  2000     R  	call _delay_ms
 236  002A              #line 236 "D:\hamed\project\htk-project\touch-4key\touch-4key\TOUCH.h"
 236  002A  3414        	clr [20].0
 237  002B              #line 237 "D:\hamed\project\htk-project\touch-4key\touch-4key\TOUCH.h"
 237  002B  0700     R  	mov a,_Send_Command_2[1]
 237  002C  0080     R  	mov _delay_ms_2[0],a
 237  002D  1F00     R  	clr _delay_ms_2[1]
 237  002E  1F00     R  	clr _delay_ms_2[2]
 237  002F  1F00     R  	clr _delay_ms_2[3]
 237  0030  2000     R  	call _delay_ms
 239  0031              #line 239 "D:\hamed\project\htk-project\touch-4key\touch-4key\TOUCH.h"
 239  0031  3014        	set [20].0
 240  0032              #line 240 "D:\hamed\project\htk-project\touch-4key\touch-4key\TOUCH.h"
 240  0032  0F14        	mov a,20
 240  0033  0080     R  	mov _delay_ms_2[0],a
 240  0034  1F00     R  	clr _delay_ms_2[1]
 240  0035  1F00     R  	clr _delay_ms_2[2]
 240  0036  1F00     R  	clr _delay_ms_2[3]
 240  0037  2000     R  	call _delay_ms
 240  0038              _L20:
 240  0038  0003        	ret
 240  0039              _Send_Command endp
 240  0039              #line 240 "D:\hamed\project\htk-project\touch-4key\touch-4key\TOUCH.h"
 240  0039              #pragma debug scope 1 1
 240  0039              public _Key_Touch
 240  0039              #pragma debug scope 12 1
 245  0039              #line 245 "D:\hamed\project\htk-project\touch-4key\touch-4key\TOUCH.h"
 245  0000              _Key_Touch .section 'code'
 245  0000              _Key_Touch proc
 245  0000  00              local _Key_Touch_2 db 1 dup(?)	; 0,1
 250  0001              #line 250 "D:\hamed\project\htk-project\touch-4key\touch-4key\TOUCH.h"
 250  0000  0FC9        	mov a,201
 250  0001  0300     R  	add a,_Count_C1[0]
"File: TOUCH.h       Assembler  Version HGASM0202      Page 12

 250  0002  0080     E  	mov rd,a
 250  0003  0FFF        	mov a,255
 250  0004  1300     R  	adc a,_Count_C1[1]
 250  0005  0080     E  	mov re,a
 250  0006  0FFF        	mov a,255
 250  0007  1300     R  	adc a,_Count_C1[2]
 250  0008  0080     E  	mov rf,a
 250  0009  0FFF        	mov a,255
 250  000A  1300     R  	adc a,_Count_C1[3]
 250  000B  0080     E  	mov rg,a
 250  000C  0700     R  	mov a,_Count_S1[0]
 250  000D  0200     E  	sub a,rd
 250  000E  0700     R  	mov a,_Count_S1[1]
 250  000F  1200     E  	sbc a,re
 250  0010  1F05        	clr acc
 250  0011  1200     E  	sbc a,rf
 250  0012  1F05        	clr acc
 250  0013  1200     E  	sbc a,rg
 250  0014  3C0A        	sz c
 250  0015  2800     R  	jmp _L27
 252  0016              #line 252 "D:\hamed\project\htk-project\touch-4key\touch-4key\TOUCH.h"
 252  0016  0F87        	mov a,135
 252  0017  0200     R  	sub a,_Count_T1[0]
 252  0018  0F13        	mov a,19
 252  0019  1200     R  	sbc a,_Count_T1[1]
 252  001A  380A        	snz c
 252  001B  2800     R  	jmp _L28
 252  001C  1480     R  	inc _Count_T1[0]
 252  001D  3D0A        	sz z
 252  001E  1480     R  	inc _Count_T1[1]
 252  001F  2800     R  	jmp _L28
 252  0020              _L27:
 254  0020              #line 254 "D:\hamed\project\htk-project\touch-4key\touch-4key\TOUCH.h"
 254  0020  0FF8        	mov a,248
 254  0021  0300     R  	add a,_Count_C1[0]
 254  0022  0080     E  	mov rd,a
 254  0023  0FFF        	mov a,255
 254  0024  1300     R  	adc a,_Count_C1[1]
 254  0025  0080     E  	mov re,a
 254  0026  0FFF        	mov a,255
 254  0027  1300     R  	adc a,_Count_C1[2]
 254  0028  0080     E  	mov rf,a
 254  0029  0FFF        	mov a,255
 254  002A  1300     R  	adc a,_Count_C1[3]
 254  002B  0080     E  	mov rg,a
 254  002C  1080     E  	sz rg
 254  002D  2800     R  	jmp _L28
 254  002E  1080     E  	sz rf
 254  002F  2800     R  	jmp _L28
 254  0030  0700     E  	mov a,rd
 254  0031  0200     R  	sub a,_Count_S1[0]
 254  0032  0700     E  	mov a,re
 254  0033  1200     R  	sbc a,_Count_S1[1]
 254  0034  3C0A        	sz c
 254  0035  2800     R  	jmp _L28
 256  0036              #line 256 "D:\hamed\project\htk-project\touch-4key\touch-4key\TOUCH.h"
 256  0036  1F00     R  	clr _Count_T1[0]
 256  0037  1F00     R  	clr _Count_T1[1]
 256  0038              _L28:
 260  0038              #line 260 "D:\hamed\project\htk-project\touch-4key\touch-4key\TOUCH.h"
"File: TOUCH.h       Assembler  Version HGASM0202      Page 13

 260  0038  0FC9        	mov a,201
 260  0039  0300     R  	add a,_Count_C2[0]
 260  003A  0080     E  	mov rd,a
 260  003B  0FFF        	mov a,255
 260  003C  1300     R  	adc a,_Count_C2[1]
 260  003D  0080     E  	mov re,a
 260  003E  0FFF        	mov a,255
 260  003F  1300     R  	adc a,_Count_C2[2]
 260  0040  0080     E  	mov rf,a
 260  0041  0FFF        	mov a,255
 260  0042  1300     R  	adc a,_Count_C2[3]
 260  0043  0080     E  	mov rg,a
 260  0044  0700     R  	mov a,_Count_S2[0]
 260  0045  0200     E  	sub a,rd
 260  0046  0700     R  	mov a,_Count_S2[1]
 260  0047  1200     E  	sbc a,re
 260  0048  1F05        	clr acc
 260  0049  1200     E  	sbc a,rf
 260  004A  1F05        	clr acc
 260  004B  1200     E  	sbc a,rg
 260  004C  3C0A        	sz c
 260  004D  2800     R  	jmp _L29
 262  004E              #line 262 "D:\hamed\project\htk-project\touch-4key\touch-4key\TOUCH.h"
 262  004E  0F87        	mov a,135
 262  004F  0200     R  	sub a,_Count_T2[0]
 262  0050  0F13        	mov a,19
 262  0051  1200     R  	sbc a,_Count_T2[1]
 262  0052  380A        	snz c
 262  0053  2800     R  	jmp _L30
 262  0054  1480     R  	inc _Count_T2[0]
 262  0055  3D0A        	sz z
 262  0056  1480     R  	inc _Count_T2[1]
 262  0057  2800     R  	jmp _L30
 262  0058              _L29:
 264  0058              #line 264 "D:\hamed\project\htk-project\touch-4key\touch-4key\TOUCH.h"
 264  0058  0FF8        	mov a,248
 264  0059  0300     R  	add a,_Count_C2[0]
 264  005A  0080     E  	mov rd,a
 264  005B  0FFF        	mov a,255
 264  005C  1300     R  	adc a,_Count_C2[1]
 264  005D  0080     E  	mov re,a
 264  005E  0FFF        	mov a,255
 264  005F  1300     R  	adc a,_Count_C2[2]
 264  0060  0080     E  	mov rf,a
 264  0061  0FFF        	mov a,255
 264  0062  1300     R  	adc a,_Count_C2[3]
 264  0063  0080     E  	mov rg,a
 264  0064  1080     E  	sz rg
 264  0065  2800     R  	jmp _L30
 264  0066  1080     E  	sz rf
 264  0067  2800     R  	jmp _L30
 264  0068  0700     E  	mov a,rd
 264  0069  0200     R  	sub a,_Count_S2[0]
 264  006A  0700     E  	mov a,re
 264  006B  1200     R  	sbc a,_Count_S2[1]
 264  006C  3C0A        	sz c
 264  006D  2800     R  	jmp _L30
 266  006E              #line 266 "D:\hamed\project\htk-project\touch-4key\touch-4key\TOUCH.h"
 266  006E  1F00     R  	clr _Count_T2[0]
 266  006F  1F00     R  	clr _Count_T2[1]
"File: TOUCH.h       Assembler  Version HGASM0202      Page 14

 266  0070              _L30:
 270  0070              #line 270 "D:\hamed\project\htk-project\touch-4key\touch-4key\TOUCH.h"
 270  0070  0FC9        	mov a,201
 270  0071  0300     R  	add a,_Count_C3[0]
 270  0072  0080     E  	mov rd,a
 270  0073  0FFF        	mov a,255
 270  0074  1300     R  	adc a,_Count_C3[1]
 270  0075  0080     E  	mov re,a
 270  0076  0FFF        	mov a,255
 270  0077  1300     R  	adc a,_Count_C3[2]
 270  0078  0080     E  	mov rf,a
 270  0079  0FFF        	mov a,255
 270  007A  1300     R  	adc a,_Count_C3[3]
 270  007B  0080     E  	mov rg,a
 270  007C  0700     R  	mov a,_Count_S3[0]
 270  007D  0200     E  	sub a,rd
 270  007E  0700     R  	mov a,_Count_S3[1]
 270  007F  1200     E  	sbc a,re
 270  0080  1F05        	clr acc
 270  0081  1200     E  	sbc a,rf
 270  0082  1F05        	clr acc
 270  0083  1200     E  	sbc a,rg
 270  0084  3C0A        	sz c
 270  0085  2800     R  	jmp _L31
 272  0086              #line 272 "D:\hamed\project\htk-project\touch-4key\touch-4key\TOUCH.h"
 272  0086  0F87        	mov a,135
 272  0087  0200     R  	sub a,_Count_T3[0]
 272  0088  0F13        	mov a,19
 272  0089  1200     R  	sbc a,_Count_T3[1]
 272  008A  380A        	snz c
 272  008B  2800     R  	jmp _L32
 272  008C  1480     R  	inc _Count_T3[0]
 272  008D  3D0A        	sz z
 272  008E  1480     R  	inc _Count_T3[1]
 272  008F  2800     R  	jmp _L32
 272  0090              _L31:
 274  0090              #line 274 "D:\hamed\project\htk-project\touch-4key\touch-4key\TOUCH.h"
 274  0090  0FF8        	mov a,248
 274  0091  0300     R  	add a,_Count_C3[0]
 274  0092  0080     E  	mov rd,a
 274  0093  0FFF        	mov a,255
 274  0094  1300     R  	adc a,_Count_C3[1]
 274  0095  0080     E  	mov re,a
 274  0096  0FFF        	mov a,255
 274  0097  1300     R  	adc a,_Count_C3[2]
 274  0098  0080     E  	mov rf,a
 274  0099  0FFF        	mov a,255
 274  009A  1300     R  	adc a,_Count_C3[3]
 274  009B  0080     E  	mov rg,a
 274  009C  1080     E  	sz rg
 274  009D  2800     R  	jmp _L32
 274  009E  1080     E  	sz rf
 274  009F  2800     R  	jmp _L32
 274  00A0  0700     E  	mov a,rd
 274  00A1  0200     R  	sub a,_Count_S3[0]
 274  00A2  0700     E  	mov a,re
 274  00A3  1200     R  	sbc a,_Count_S3[1]
 274  00A4  3C0A        	sz c
 274  00A5  2800     R  	jmp _L32
 276  00A6              #line 276 "D:\hamed\project\htk-project\touch-4key\touch-4key\TOUCH.h"
"File: TOUCH.h       Assembler  Version HGASM0202      Page 15

 276  00A6  1F00     R  	clr _Count_T3[0]
 276  00A7  1F00     R  	clr _Count_T3[1]
 276  00A8              _L32:
 280  00A8              #line 280 "D:\hamed\project\htk-project\touch-4key\touch-4key\TOUCH.h"
 280  00A8  0FC9        	mov a,201
 280  00A9  0300     R  	add a,_Count_C4[0]
 280  00AA  0080     E  	mov rd,a
 280  00AB  0FFF        	mov a,255
 280  00AC  1300     R  	adc a,_Count_C4[1]
 280  00AD  0080     E  	mov re,a
 280  00AE  0FFF        	mov a,255
 280  00AF  1300     R  	adc a,_Count_C4[2]
 280  00B0  0080     E  	mov rf,a
 280  00B1  0FFF        	mov a,255
 280  00B2  1300     R  	adc a,_Count_C4[3]
 280  00B3  0080     E  	mov rg,a
 280  00B4  0700     R  	mov a,_Count_S4[0]
 280  00B5  0200     E  	sub a,rd
 280  00B6  0700     R  	mov a,_Count_S4[1]
 280  00B7  1200     E  	sbc a,re
 280  00B8  1F05        	clr acc
 280  00B9  1200     E  	sbc a,rf
 280  00BA  1F05        	clr acc
 280  00BB  1200     E  	sbc a,rg
 280  00BC  3C0A        	sz c
 280  00BD  2800     R  	jmp _L33
 282  00BE              #line 282 "D:\hamed\project\htk-project\touch-4key\touch-4key\TOUCH.h"
 282  00BE  0F87        	mov a,135
 282  00BF  0200     R  	sub a,_Count_T4[0]
 282  00C0  0F13        	mov a,19
 282  00C1  1200     R  	sbc a,_Count_T4[1]
 282  00C2  380A        	snz c
 282  00C3  2800     R  	jmp _L34
 282  00C4  1480     R  	inc _Count_T4[0]
 282  00C5  3D0A        	sz z
 282  00C6  1480     R  	inc _Count_T4[1]
 282  00C7  2800     R  	jmp _L34
 282  00C8              _L33:
 284  00C8              #line 284 "D:\hamed\project\htk-project\touch-4key\touch-4key\TOUCH.h"
 284  00C8  0FF8        	mov a,248
 284  00C9  0300     R  	add a,_Count_C4[0]
 284  00CA  0080     E  	mov rd,a
 284  00CB  0FFF        	mov a,255
 284  00CC  1300     R  	adc a,_Count_C4[1]
 284  00CD  0080     E  	mov re,a
 284  00CE  0FFF        	mov a,255
 284  00CF  1300     R  	adc a,_Count_C4[2]
 284  00D0  0080     E  	mov rf,a
 284  00D1  0FFF        	mov a,255
 284  00D2  1300     R  	adc a,_Count_C4[3]
 284  00D3  0080     E  	mov rg,a
 284  00D4  1080     E  	sz rg
 284  00D5  2800     R  	jmp _L34
 284  00D6  1080     E  	sz rf
 284  00D7  2800     R  	jmp _L34
 284  00D8  0700     E  	mov a,rd
 284  00D9  0200     R  	sub a,_Count_S4[0]
 284  00DA  0700     E  	mov a,re
 284  00DB  1200     R  	sbc a,_Count_S4[1]
 284  00DC  3C0A        	sz c
"File: TOUCH.h       Assembler  Version HGASM0202      Page 16

 284  00DD  2800     R  	jmp _L34
 286  00DE              #line 286 "D:\hamed\project\htk-project\touch-4key\touch-4key\TOUCH.h"
 286  00DE  1F00     R  	clr _Count_T4[0]
 286  00DF  1F00     R  	clr _Count_T4[1]
 286  00E0              _L34:
 294  00E0              #line 294 "D:\hamed\project\htk-project\touch-4key\touch-4key\TOUCH.h"
 294  00E0  0FE2        	mov a,226
 294  00E1  0300     R  	add a,_Count_C1[0]
 294  00E2  0080     E  	mov rd,a
 294  00E3  0FFF        	mov a,255
 294  00E4  1300     R  	adc a,_Count_C1[1]
 294  00E5  0080     E  	mov re,a
 294  00E6  0FFF        	mov a,255
 294  00E7  1300     R  	adc a,_Count_C1[2]
 294  00E8  0080     E  	mov rf,a
 294  00E9  0FFF        	mov a,255
 294  00EA  1300     R  	adc a,_Count_C1[3]
 294  00EB  0080     E  	mov rg,a
 294  00EC  0F01        	mov a,1
 294  00ED  0080     E  	mov rc,a
 294  00EE  0700     R  	mov a,_Count_S1[0]
 294  00EF  0200     E  	sub a,rd
 294  00F0  0700     R  	mov a,_Count_S1[1]
 294  00F1  1200     E  	sbc a,re
 294  00F2  1F05        	clr acc
 294  00F3  1200     E  	sbc a,rf
 294  00F4  1F05        	clr acc
 294  00F5  1200     E  	sbc a,rg
 294  00F6  380A        	snz c
 294  00F7  2800     R  	jmp _L35
 294  00F8  1F00     E  	clr rc
 294  00F9              _L35:
 294  00F9  0700     E  	mov a,rc
 294  00FA  0080     R  	mov _Touch1_Active[0],a
 295  00FB              #line 295 "D:\hamed\project\htk-project\touch-4key\touch-4key\TOUCH.h"
 295  00FB  0FE2        	mov a,226
 295  00FC  0300     R  	add a,_Count_C2[0]
 295  00FD  0080     E  	mov rd,a
 295  00FE  0FFF        	mov a,255
 295  00FF  1300     R  	adc a,_Count_C2[1]
 295  0100  0080     E  	mov re,a
 295  0101  0FFF        	mov a,255
 295  0102  1300     R  	adc a,_Count_C2[2]
 295  0103  0080     E  	mov rf,a
 295  0104  0FFF        	mov a,255
 295  0105  1300     R  	adc a,_Count_C2[3]
 295  0106  0080     E  	mov rg,a
 295  0107  0F01        	mov a,1
 295  0108  0080     E  	mov rb,a
 295  0109  0700     R  	mov a,_Count_S2[0]
 295  010A  0200     E  	sub a,rd
 295  010B  0700     R  	mov a,_Count_S2[1]
 295  010C  1200     E  	sbc a,re
 295  010D  1F05        	clr acc
 295  010E  1200     E  	sbc a,rf
 295  010F  1F05        	clr acc
 295  0110  1200     E  	sbc a,rg
 295  0111  380A        	snz c
 295  0112  2800     R  	jmp _L36
 295  0113  1F00     E  	clr rb
"File: TOUCH.h       Assembler  Version HGASM0202      Page 17

 295  0114              _L36:
 295  0114  0700     E  	mov a,rb
 295  0115  0080     R  	mov _Touch2_Active[0],a
 296  0116              #line 296 "D:\hamed\project\htk-project\touch-4key\touch-4key\TOUCH.h"
 296  0116  0FE2        	mov a,226
 296  0117  0300     R  	add a,_Count_C3[0]
 296  0118  0080     E  	mov rd,a
 296  0119  0FFF        	mov a,255
 296  011A  1300     R  	adc a,_Count_C3[1]
 296  011B  0080     E  	mov re,a
 296  011C  0FFF        	mov a,255
 296  011D  1300     R  	adc a,_Count_C3[2]
 296  011E  0080     E  	mov rf,a
 296  011F  0FFF        	mov a,255
 296  0120  1300     R  	adc a,_Count_C3[3]
 296  0121  0080     E  	mov rg,a
 296  0122  0F01        	mov a,1
 296  0123  0080     E  	mov ra,a
 296  0124  0700     R  	mov a,_Count_S3[0]
 296  0125  0200     E  	sub a,rd
 296  0126  0700     R  	mov a,_Count_S3[1]
 296  0127  1200     E  	sbc a,re
 296  0128  1F05        	clr acc
 296  0129  1200     E  	sbc a,rf
 296  012A  1F05        	clr acc
 296  012B  1200     E  	sbc a,rg
 296  012C  380A        	snz c
 296  012D  2800     R  	jmp _L37
 296  012E  1F00     E  	clr ra
 296  012F              _L37:
 296  012F  0700     E  	mov a,ra
 296  0130  0080     R  	mov _Touch3_Active[0],a
 297  0131              #line 297 "D:\hamed\project\htk-project\touch-4key\touch-4key\TOUCH.h"
 297  0131  0FE2        	mov a,226
 297  0132  0300     R  	add a,_Count_C4[0]
 297  0133  0080     E  	mov rd,a
 297  0134  0FFF        	mov a,255
 297  0135  1300     R  	adc a,_Count_C4[1]
 297  0136  0080     E  	mov re,a
 297  0137  0FFF        	mov a,255
 297  0138  1300     R  	adc a,_Count_C4[2]
 297  0139  0080     E  	mov rf,a
 297  013A  0FFF        	mov a,255
 297  013B  1300     R  	adc a,_Count_C4[3]
 297  013C  0080     E  	mov rg,a
 297  013D  0F01        	mov a,1
 297  013E  0080     E  	mov rh,a
 297  013F  0700     R  	mov a,_Count_S4[0]
 297  0140  0200     E  	sub a,rd
 297  0141  0700     R  	mov a,_Count_S4[1]
 297  0142  1200     E  	sbc a,re
 297  0143  1F05        	clr acc
 297  0144  1200     E  	sbc a,rf
 297  0145  1F05        	clr acc
 297  0146  1200     E  	sbc a,rg
 297  0147  380A        	snz c
 297  0148  2800     R  	jmp _L38
 297  0149  1F00     E  	clr rh
 297  014A              _L38:
 297  014A  0700     E  	mov a,rh
"File: TOUCH.h       Assembler  Version HGASM0202      Page 18

 297  014B  0080     R  	mov _Touch4_Active[0],a
 299  014C              #line 299 "D:\hamed\project\htk-project\touch-4key\touch-4key\TOUCH.h"
 299  014C  0700     E  	mov a,rh
 299  014D  0300     E  	add a,ra
 299  014E  0080     E  	mov re,a
 299  014F  0700     E  	mov a,rb
 299  0150  0300     E  	add a,rc
 299  0151  0080     E  	mov rd,a
 299  0152  0700     E  	mov a,re
 299  0153  0380     E  	addm a,rd
 299  0154  0700     E  	mov a,rd
 299  0155  0080     R  	mov _Touch_Count[0],a
 309  0156              #line 309 "D:\hamed\project\htk-project\touch-4key\touch-4key\TOUCH.h"
 309  0156  1080     R  	sz _Tx_Busy[0]
 309  0157  2800     R  	jmp _L39
 309  0158  1700     E  	sdza rd
 309  0159  2800     R  	jmp _L39
 311  015A              #line 311 "D:\hamed\project\htk-project\touch-4key\touch-4key\TOUCH.h"
 311  015A  1080     E  	sz rc
 311  015B  2800     R  	jmp _LI1
 311  015C  2800     R  	jmp _L40
 311  015D              _LI1:
 313  015D              #line 313 "D:\hamed\project\htk-project\touch-4key\touch-4key\TOUCH.h"
 313  015D  0F01        	mov a,1
 313  015E  0080     R  	mov _Tx_Key[0],a
 313  015F  2800     R  	jmp _L62
 313  0160              _L40:
 316  0160              #line 316 "D:\hamed\project\htk-project\touch-4key\touch-4key\TOUCH.h"
 316  0160  1080     E  	sz rb
 316  0161  2800     R  	jmp _LI2
 316  0162  2800     R  	jmp _L41
 316  0163              _LI2:
 318  0163              #line 318 "D:\hamed\project\htk-project\touch-4key\touch-4key\TOUCH.h"
 318  0163  0F02        	mov a,2
 318  0164  0080     R  	mov _Tx_Key[0],a
 318  0165  2800     R  	jmp _L62
 318  0166              _L41:
 321  0166              #line 321 "D:\hamed\project\htk-project\touch-4key\touch-4key\TOUCH.h"
 321  0166  1080     E  	sz ra
 321  0167  2800     R  	jmp _LI3
 321  0168  2800     R  	jmp _L42
 321  0169              _LI3:
 323  0169              #line 323 "D:\hamed\project\htk-project\touch-4key\touch-4key\TOUCH.h"
 323  0169  0F03        	mov a,3
 323  016A  0080     R  	mov _Tx_Key[0],a
 323  016B  2800     R  	jmp _L62
 323  016C              _L42:
 326  016C              #line 326 "D:\hamed\project\htk-project\touch-4key\touch-4key\TOUCH.h"
 326  016C  1080     E  	sz rh
 326  016D  2800     R  	jmp _LI4
 326  016E  2800     R  	jmp _L39
 326  016F              _LI4:
 328  016F              #line 328 "D:\hamed\project\htk-project\touch-4key\touch-4key\TOUCH.h"
 328  016F  0F04        	mov a,4
 328  0170  0080     R  	mov _Tx_Key[0],a
 328  0171              _L62:
 329  0171              #line 329 "D:\hamed\project\htk-project\touch-4key\touch-4key\TOUCH.h"
 329  0171  0F01        	mov a,1
 329  0172  0080     R  	mov _Tx_Busy[0],a
 329  0173              _L39:
"File: TOUCH.h       Assembler  Version HGASM0202      Page 19

 338  0173              #line 338 "D:\hamed\project\htk-project\touch-4key\touch-4key\TOUCH.h"
 338  0173  1700     R  	sdza _Tx_Busy[0]
 338  0174  2800     R  	jmp _L53
 338  0175  1080     R  	sz _Key_Sent[0]
 338  0176  2800     R  	jmp _L44
 340  0177              #line 340 "D:\hamed\project\htk-project\touch-4key\touch-4key\TOUCH.h"
 340  0177  0700     R  	mov a,_Tx_Key[0]
 340  0178  0080     R  	mov _Key_Touch_2[0],a
 339  0179              #line 339 "D:\hamed\project\htk-project\touch-4key\touch-4key\TOUCH.h"
 339  0179  1500     R  	deca _Key_Touch_2[0]
 339  017A  0080     E  	mov ra,a
 339  017B  0F03        	mov a,3
 339  017C  0200     E  	sub a,ra
 339  017D  380A        	snz c
 339  017E  2800     R  	jmp _L44
 343  017F              #line 343 "D:\hamed\project\htk-project\touch-4key\touch-4key\TOUCH.h"
 343  017F  1700     R  	sdza _Key_Touch_2[0]
 343  0180  2800     R  	jmp _L46
 343  0181  0F31        	mov a,49
 343  0182  0200     R  	sub a,_Count_T1[0]
 343  0183  0F00        	mov a,0
 343  0184  1200     R  	sbc a,_Count_T1[1]
 343  0185  380A        	snz c
 343  0186  2800     R  	jmp _L47
 343  0187  2800     R  	jmp _L44
 343  0188              _L46:
 343  0188  0700     R  	mov a,_Key_Touch_2[0]
 343  0189  0A02        	sub a,2
 343  018A  390A        	snz z
 343  018B  2800     R  	jmp _L48
 344  018C              #line 344 "D:\hamed\project\htk-project\touch-4key\touch-4key\TOUCH.h"
 344  018C  0F31        	mov a,49
 344  018D  0200     R  	sub a,_Count_T2[0]
 344  018E  0F00        	mov a,0
 344  018F  1200     R  	sbc a,_Count_T2[1]
 344  0190  380A        	snz c
 344  0191  2800     R  	jmp _L47
 344  0192  2800     R  	jmp _L44
 344  0193              _L48:
 344  0193  0700     R  	mov a,_Key_Touch_2[0]
 344  0194  0A03        	sub a,3
 344  0195  390A        	snz z
 344  0196  2800     R  	jmp _L49
 345  0197              #line 345 "D:\hamed\project\htk-project\touch-4key\touch-4key\TOUCH.h"
 345  0197  0F31        	mov a,49
 345  0198  0200     R  	sub a,_Count_T3[0]
 345  0199  0F00        	mov a,0
 345  019A  1200     R  	sbc a,_Count_T3[1]
 345  019B  380A        	snz c
 345  019C  2800     R  	jmp _L47
 345  019D  2800     R  	jmp _L44
 345  019E              _L49:
 345  019E  0700     R  	mov a,_Key_Touch_2[0]
 345  019F  0A04        	sub a,4
 345  01A0  390A        	snz z
 345  01A1  2800     R  	jmp _L44
 346  01A2              #line 346 "D:\hamed\project\htk-project\touch-4key\touch-4key\TOUCH.h"
 346  01A2  0F31        	mov a,49
 346  01A3  0200     R  	sub a,_Count_T4[0]
 346  01A4  0F00        	mov a,0
"File: TOUCH.h       Assembler  Version HGASM0202      Page 20

 346  01A5  1200     R  	sbc a,_Count_T4[1]
 346  01A6  3C0A        	sz c
 346  01A7  2800     R  	jmp _L44
 346  01A8              _L47:
 348  01A8              #line 348 "D:\hamed\project\htk-project\touch-4key\touch-4key\TOUCH.h"
 348  01A8  0F01        	mov a,1
 348  01A9  0080     R  	mov _Key_Sent[0],a
 349  01AA              #line 349 "D:\hamed\project\htk-project\touch-4key\touch-4key\TOUCH.h"
 349  01AA  3000     R  	set _lock
 351  01AB              #line 351 "D:\hamed\project\htk-project\touch-4key\touch-4key\TOUCH.h"
 351  01AB  0700     R  	mov a,_Key_Touch_2[0]
 351  01AC  2000     R  	call _Send_Command
 353  01AD              #line 353 "D:\hamed\project\htk-project\touch-4key\touch-4key\TOUCH.h"
 353  01AD  2000     R  	call _Sound_Key
 355  01AE              #line 355 "D:\hamed\project\htk-project\touch-4key\touch-4key\TOUCH.h"
 355  01AE  0700     R  	mov a,_Tx_Key[0]
 355  01AF  0080     R  	mov _Key_Touch_2[0],a
 355  01B0  1700     R  	sdza _Key_Touch_2[0]
 355  01B1  2800     R  	jmp _L50
 357  01B2              #line 357 "D:\hamed\project\htk-project\touch-4key\touch-4key\TOUCH.h"
 357  01B2  1F00     R  	clr _CalibrCount1[0]
 358  01B3              #line 358 "D:\hamed\project\htk-project\touch-4key\touch-4key\TOUCH.h"
 358  01B3  1F00     R  	clr _CalibrSample1[0]
 359  01B4              #line 359 "D:\hamed\project\htk-project\touch-4key\touch-4key\TOUCH.h"
 359  01B4  1F00     R  	clr _Count_C1_Backup[0]
 359  01B5  1F00     R  	clr _Count_C1_Backup[1]
 359  01B6  1F00     R  	clr _Count_C1_Backup[2]
 359  01B7  1F00     R  	clr _Count_C1_Backup[3]
 359  01B8  2800     R  	jmp _L44
 359  01B9              _L50:
 361  01B9              #line 361 "D:\hamed\project\htk-project\touch-4key\touch-4key\TOUCH.h"
 361  01B9  0700     R  	mov a,_Key_Touch_2[0]
 361  01BA  0A02        	sub a,2
 361  01BB  390A        	snz z
 361  01BC  2800     R  	jmp _L51
 363  01BD              #line 363 "D:\hamed\project\htk-project\touch-4key\touch-4key\TOUCH.h"
 363  01BD  1F00     R  	clr _CalibrCount2[0]
 364  01BE              #line 364 "D:\hamed\project\htk-project\touch-4key\touch-4key\TOUCH.h"
 364  01BE  1F00     R  	clr _CalibrSample2[0]
 365  01BF              #line 365 "D:\hamed\project\htk-project\touch-4key\touch-4key\TOUCH.h"
 365  01BF  1F00     R  	clr _Count_C2_Backup[0]
 365  01C0  1F00     R  	clr _Count_C2_Backup[1]
 365  01C1  1F00     R  	clr _Count_C2_Backup[2]
 365  01C2  1F00     R  	clr _Count_C2_Backup[3]
 365  01C3  2800     R  	jmp _L44
 365  01C4              _L51:
 367  01C4              #line 367 "D:\hamed\project\htk-project\touch-4key\touch-4key\TOUCH.h"
 367  01C4  0700     R  	mov a,_Key_Touch_2[0]
 367  01C5  0A03        	sub a,3
 367  01C6  390A        	snz z
 367  01C7  2800     R  	jmp _L52
 369  01C8              #line 369 "D:\hamed\project\htk-project\touch-4key\touch-4key\TOUCH.h"
 369  01C8  1F00     R  	clr _CalibrCount3[0]
 370  01C9              #line 370 "D:\hamed\project\htk-project\touch-4key\touch-4key\TOUCH.h"
 370  01C9  1F00     R  	clr _CalibrSample3[0]
 371  01CA              #line 371 "D:\hamed\project\htk-project\touch-4key\touch-4key\TOUCH.h"
 371  01CA  1F00     R  	clr _Count_C3_Backup[0]
 371  01CB  1F00     R  	clr _Count_C3_Backup[1]
 371  01CC  1F00     R  	clr _Count_C3_Backup[2]
 371  01CD  1F00     R  	clr _Count_C3_Backup[3]
"File: TOUCH.h       Assembler  Version HGASM0202      Page 21

 371  01CE  2800     R  	jmp _L44
 371  01CF              _L52:
 373  01CF              #line 373 "D:\hamed\project\htk-project\touch-4key\touch-4key\TOUCH.h"
 373  01CF  0700     R  	mov a,_Key_Touch_2[0]
 373  01D0  0A04        	sub a,4
 373  01D1  390A        	snz z
 373  01D2  2800     R  	jmp _L44
 375  01D3              #line 375 "D:\hamed\project\htk-project\touch-4key\touch-4key\TOUCH.h"
 375  01D3  1F00     R  	clr _CalibrCount4[0]
 376  01D4              #line 376 "D:\hamed\project\htk-project\touch-4key\touch-4key\TOUCH.h"
 376  01D4  1F00     R  	clr _CalibrSample4[0]
 377  01D5              #line 377 "D:\hamed\project\htk-project\touch-4key\touch-4key\TOUCH.h"
 377  01D5  1F00     R  	clr _Count_C4_Backup[0]
 377  01D6  1F00     R  	clr _Count_C4_Backup[1]
 377  01D7  1F00     R  	clr _Count_C4_Backup[2]
 377  01D8  1F00     R  	clr _Count_C4_Backup[3]
 377  01D9              _L44:
 387  01D9              #line 387 "D:\hamed\project\htk-project\touch-4key\touch-4key\TOUCH.h"
 387  01D9  1700     R  	sdza _Tx_Busy[0]
 387  01DA  2800     R  	jmp _L53
 387  01DB  1700     R  	sdza _Key_Sent[0]
 387  01DC  2800     R  	jmp _L53
 388  01DD              #line 388 "D:\hamed\project\htk-project\touch-4key\touch-4key\TOUCH.h"
 388  01DD  1080     R  	sz _Learn_Sent[0]
 388  01DE  2800     R  	jmp _L53
 391  01DF              #line 391 "D:\hamed\project\htk-project\touch-4key\touch-4key\TOUCH.h"
 391  01DF  0700     R  	mov a,_Tx_Key[0]
 391  01E0  0080     R  	mov _Key_Touch_2[0],a
 389  01E1              #line 389 "D:\hamed\project\htk-project\touch-4key\touch-4key\TOUCH.h"
 389  01E1  1700     R  	sdza _Key_Touch_2[0]
 389  01E2  2800     R  	jmp _L54
 391  01E3              #line 391 "D:\hamed\project\htk-project\touch-4key\touch-4key\TOUCH.h"
 391  01E3  0FAF        	mov a,175
 391  01E4  0200     R  	sub a,_Count_T1[0]
 391  01E5  0F04        	mov a,4
 391  01E6  1200     R  	sbc a,_Count_T1[1]
 391  01E7  380A        	snz c
 391  01E8  2800     R  	jmp _L55
 391  01E9  2800     R  	jmp _L53
 391  01EA              _L54:
 391  01EA  0700     R  	mov a,_Key_Touch_2[0]
 391  01EB  0A02        	sub a,2
 391  01EC  390A        	snz z
 391  01ED  2800     R  	jmp _L56
 392  01EE              #line 392 "D:\hamed\project\htk-project\touch-4key\touch-4key\TOUCH.h"
 392  01EE  0FAF        	mov a,175
 392  01EF  0200     R  	sub a,_Count_T2[0]
 392  01F0  0F04        	mov a,4
 392  01F1  1200     R  	sbc a,_Count_T2[1]
 392  01F2  380A        	snz c
 392  01F3  2800     R  	jmp _L55
 392  01F4  2800     R  	jmp _L53
 392  01F5              _L56:
 392  01F5  0700     R  	mov a,_Key_Touch_2[0]
 392  01F6  0A03        	sub a,3
 392  01F7  390A        	snz z
 392  01F8  2800     R  	jmp _L57
 393  01F9              #line 393 "D:\hamed\project\htk-project\touch-4key\touch-4key\TOUCH.h"
 393  01F9  0FAF        	mov a,175
 393  01FA  0200     R  	sub a,_Count_T3[0]
"File: TOUCH.h       Assembler  Version HGASM0202      Page 22

 393  01FB  0F04        	mov a,4
 393  01FC  1200     R  	sbc a,_Count_T3[1]
 393  01FD  380A        	snz c
 393  01FE  2800     R  	jmp _L55
 393  01FF  2800     R  	jmp _L53
 393  0200              _L57:
 393  0200  0700     R  	mov a,_Key_Touch_2[0]
 393  0201  0A04        	sub a,4
 393  0202  390A        	snz z
 393  0203  2800     R  	jmp _L53
 394  0204              #line 394 "D:\hamed\project\htk-project\touch-4key\touch-4key\TOUCH.h"
 394  0204  0FAF        	mov a,175
 394  0205  0200     R  	sub a,_Count_T4[0]
 394  0206  0F04        	mov a,4
 394  0207  1200     R  	sbc a,_Count_T4[1]
 394  0208  3C0A        	sz c
 394  0209  2800     R  	jmp _L53
 394  020A              _L55:
 397  020A              #line 397 "D:\hamed\project\htk-project\touch-4key\touch-4key\TOUCH.h"
 397  020A  0F01        	mov a,1
 397  020B  0080     R  	mov _Learn_Sent[0],a
 399  020C              #line 399 "D:\hamed\project\htk-project\touch-4key\touch-4key\TOUCH.h"
 399  020C  2000     R  	call _Sound_Learn
 401  020D              #line 401 "D:\hamed\project\htk-project\touch-4key\touch-4key\TOUCH.h"
 401  020D  3414        	clr [20].0
 402  020E              #line 402 "D:\hamed\project\htk-project\touch-4key\touch-4key\TOUCH.h"
 402  020E  0F0A        	mov a,10
 402  020F  0080     R  	mov _delay_ms_2[0],a
 402  0210  1F00     R  	clr _delay_ms_2[1]
 402  0211  1F00     R  	clr _delay_ms_2[2]
 402  0212  1F00     R  	clr _delay_ms_2[3]
 402  0213  2000     R  	call _delay_ms
 404  0214              #line 404 "D:\hamed\project\htk-project\touch-4key\touch-4key\TOUCH.h"
 404  0214  3014        	set [20].0
 405  0215              #line 405 "D:\hamed\project\htk-project\touch-4key\touch-4key\TOUCH.h"
 405  0215  0F05        	mov a,5
 405  0216  0080     R  	mov _delay_ms_2[0],a
 405  0217  1F00     R  	clr _delay_ms_2[1]
 405  0218  1F00     R  	clr _delay_ms_2[2]
 405  0219  1F00     R  	clr _delay_ms_2[3]
 405  021A  2000     R  	call _delay_ms
 407  021B              #line 407 "D:\hamed\project\htk-project\touch-4key\touch-4key\TOUCH.h"
 407  021B  3414        	clr [20].0
 408  021C              #line 408 "D:\hamed\project\htk-project\touch-4key\touch-4key\TOUCH.h"
 408  021C  0F37        	mov a,55
 408  021D  0080     R  	mov _delay_ms_2[0],a
 408  021E  1F00     R  	clr _delay_ms_2[1]
 408  021F  1F00     R  	clr _delay_ms_2[2]
 408  0220  1F00     R  	clr _delay_ms_2[3]
 408  0221  2000     R  	call _delay_ms
 410  0222              #line 410 "D:\hamed\project\htk-project\touch-4key\touch-4key\TOUCH.h"
 410  0222  3014        	set [20].0
 411  0223              #line 411 "D:\hamed\project\htk-project\touch-4key\touch-4key\TOUCH.h"
 411  0223  0F14        	mov a,20
 411  0224  0080     R  	mov _delay_ms_2[0],a
 411  0225  1F00     R  	clr _delay_ms_2[1]
 411  0226  1F00     R  	clr _delay_ms_2[2]
 411  0227  1F00     R  	clr _delay_ms_2[3]
 411  0228  2000     R  	call _delay_ms
 411  0229              _L53:
"File: TOUCH.h       Assembler  Version HGASM0202      Page 23

 419  0229              #line 419 "D:\hamed\project\htk-project\touch-4key\touch-4key\TOUCH.h"
 419  0229  1080     R  	sz _Touch1_Active[0]
 419  022A  2800     R  	jmp _L26
 419  022B  1080     R  	sz _Touch2_Active[0]
 419  022C  2800     R  	jmp _L26
 420  022D              #line 420 "D:\hamed\project\htk-project\touch-4key\touch-4key\TOUCH.h"
 420  022D  1080     R  	sz _Touch3_Active[0]
 420  022E  2800     R  	jmp _L26
 421  022F              #line 421 "D:\hamed\project\htk-project\touch-4key\touch-4key\TOUCH.h"
 421  022F  1080     R  	sz _Touch4_Active[0]
 421  0230  2800     R  	jmp _L26
 424  0231              #line 424 "D:\hamed\project\htk-project\touch-4key\touch-4key\TOUCH.h"
 424  0231  1F00     R  	clr _Tx_Key[0]
 425  0232              #line 425 "D:\hamed\project\htk-project\touch-4key\touch-4key\TOUCH.h"
 425  0232  1F00     R  	clr _Tx_Busy[0]
 426  0233              #line 426 "D:\hamed\project\htk-project\touch-4key\touch-4key\TOUCH.h"
 426  0233  1F00     R  	clr _Key_Sent[0]
 427  0234              #line 427 "D:\hamed\project\htk-project\touch-4key\touch-4key\TOUCH.h"
 427  0234  1F00     R  	clr _Learn_Sent[0]
 428  0235              #line 428 "D:\hamed\project\htk-project\touch-4key\touch-4key\TOUCH.h"
 428  0235  3400     R  	clr _lock
 428  0236              _L26:
 428  0236  0003        	ret
 428  0237              _Key_Touch endp
 428  0237              #line 428 "D:\hamed\project\htk-project\touch-4key\touch-4key\TOUCH.h"
 428  0237              #pragma debug scope 1 1
 428  0237              ___tkm016dh equ [73]
 428  0237              ___tkm016dl equ [72]
 428  0237              public _CalibrTuoch
 428  0237              #pragma debug scope 13 1
 435  0237              #line 435 "D:\hamed\project\htk-project\touch-4key\touch-4key\TOUCH.h"
 435  0000              _CalibrTuoch .section 'code'
 435  0000              _CalibrTuoch proc
 435  0000  0008[           local _CalibrTuoch_2 db 8 dup(?)	; 0,8
            00
            ]
 437  0008              #line 437 "D:\hamed\project\htk-project\touch-4key\touch-4key\TOUCH.h"
 437  0000  36C4        	clr [68].5
 438  0001              #line 438 "D:\hamed\project\htk-project\touch-4key\touch-4key\TOUCH.h"
 438  0001  37CC        	clr [76].7
 438  0002  374C        	clr [76].6
 438  0003  0FF4        	mov a,-12
 438  0004  0080     R  	mov _delay_10us_2[0],a
 438  0005  0F01        	mov a,1
 438  0006  0080     R  	mov _delay_10us_2[1],a
 438  0007  1F00     R  	clr _delay_10us_2[2]
 438  0008  1F00     R  	clr _delay_10us_2[3]
 438  0009  2000     R  	call _delay_10us
 439  000A              #line 439 "D:\hamed\project\htk-project\touch-4key\touch-4key\TOUCH.h"
 439  000A              ;# 439 "D:\hamed\project\htk-project\touch-4key\touch-4key\TOUCH.h" 1
 439  000A  0001        	clr wdt
 440  000B              #line 440 "D:\hamed\project\htk-project\touch-4key\touch-4key\TOUCH.h"
 440  000B  1F00     R  	clr _i[0]
 440  000C              _L64:
 440  000C              #line 440 "D:\hamed\project\htk-project\touch-4key\touch-4key\TOUCH.h"
 440  000C  0F13        	mov a,19
 440  000D  0200     R  	sub a,_i[0]
 440  000E  380A        	snz c
 440  000F  2800     R  	jmp _L80
 442  0010              #line 442 "D:\hamed\project\htk-project\touch-4key\touch-4key\TOUCH.h"
"File: TOUCH.h       Assembler  Version HGASM0202      Page 24

 442  0010  32CD        	set [77].5
 443  0011              #line 443 "D:\hamed\project\htk-project\touch-4key\touch-4key\TOUCH.h"
 443  0011  324D        	set [77].4
 444  0012              #line 444 "D:\hamed\project\htk-project\touch-4key\touch-4key\TOUCH.h"
 444  0012  32C4        	set [68].5
 446  0013              #line 446 "D:\hamed\project\htk-project\touch-4key\touch-4key\TOUCH.h"
 446  0013              ;# 446 "D:\hamed\project\htk-project\touch-4key\touch-4key\TOUCH.h" 1
 446  0013  0001        	clr wdt
 446  0014              _L66:
 447  0014              #line 447 "D:\hamed\project\htk-project\touch-4key\touch-4key\TOUCH.h"
 447  0014  3B44        	snz [68].6
 447  0015  2800     R  	jmp _L66
 448  0016              #line 448 "D:\hamed\project\htk-project\touch-4key\touch-4key\TOUCH.h"
 448  0016  0749        	mov a,[73]
 448  0017  0080     R  	mov _CalibrTuoch_2[1],a
 448  0018  1F00     R  	clr _CalibrTuoch_2[0]
 448  0019  0700     R  	mov a,_CalibrTuoch_2[1]
 448  001A  0080     R  	mov _Count_S1[1],a
 448  001B  0748        	mov a,[72]
 448  001C  0500     R  	or a,_CalibrTuoch_2[0]
 448  001D  0080     R  	mov _Count_S1[0],a
 449  001E              #line 449 "D:\hamed\project\htk-project\touch-4key\touch-4key\TOUCH.h"
 449  001E  0700     R  	mov a,_Count_S1[0]
 449  001F  0380     R  	addm a,_Count_C1[0]
 449  0020  0700     R  	mov a,_Count_S1[1]
 449  0021  1380     R  	adcm a,_Count_C1[1]
 449  0022  1F05        	clr acc
 449  0023  1380     R  	adcm a,_Count_C1[2]
 449  0024  1380     R  	adcm a,_Count_C1[3]
 450  0025              #line 450 "D:\hamed\project\htk-project\touch-4key\touch-4key\TOUCH.h"
 450  0025  3744        	clr [68].6
 451  0026              #line 451 "D:\hamed\project\htk-project\touch-4key\touch-4key\TOUCH.h"
 451  0026  36C4        	clr [68].5
 452  0027              #line 452 "D:\hamed\project\htk-project\touch-4key\touch-4key\TOUCH.h"
 452  0027              ;# 452 "D:\hamed\project\htk-project\touch-4key\touch-4key\TOUCH.h" 1
 452  0027  0001        	clr wdt
 453  0028              #line 453 "D:\hamed\project\htk-project\touch-4key\touch-4key\TOUCH.h"
 453  0028  0F05        	mov a,5
 453  0029  0080     R  	mov _delay_ms_2[0],a
 453  002A  1F00     R  	clr _delay_ms_2[1]
 453  002B  1F00     R  	clr _delay_ms_2[2]
 453  002C  1F00     R  	clr _delay_ms_2[3]
 453  002D  2000     R  	call _delay_ms
 440  002E              #line 440 "D:\hamed\project\htk-project\touch-4key\touch-4key\TOUCH.h"
 440  002E  1480     R  	inc _i[0]
 440  002F  2800     R  	jmp _L64
 440  0030              _L80:
 455  0030              #line 455 "D:\hamed\project\htk-project\touch-4key\touch-4key\TOUCH.h"
 455  0030  1F00     E  	clr _builtin_holtek_udivmodsi4_2[12]
 455  0031  0700     R  	mov a,_Count_C1[0]  
 455  0032  0080     E  	mov _builtin_holtek_udivmodsi4_2[0],a  
 455  0033  0700     R  	mov a,_Count_C1[1]  
 455  0034  0080     E  	mov _builtin_holtek_udivmodsi4_2[1],a
 455  0035  0700     R  	mov a,_Count_C1[2]  
 455  0036  0080     E  	mov _builtin_holtek_udivmodsi4_2[2],a  
 455  0037  0700     R  	mov a,_Count_C1[3]  
 455  0038  0080     E  	mov _builtin_holtek_udivmodsi4_2[3],a
 455  0039  0F14        	mov a,20  
 455  003A  0080     E  	mov _builtin_holtek_udivmodsi4_2[4],a  
 455  003B  0F00        	mov a,0  
"File: TOUCH.h       Assembler  Version HGASM0202      Page 25

 455  003C  0080     E  	mov _builtin_holtek_udivmodsi4_2[5],a
 455  003D  1F00     E  	clr _builtin_holtek_udivmodsi4_2[6]
 455  003E  1F00     E  	clr _builtin_holtek_udivmodsi4_2[7]
 455  003F  2000     E  	call _builtin_holtek_udivmodsi4
 455  0040  0700     E  	mov a,_builtin_holtek_udivmodsi4_2[0]  
 455  0041  0080     R  	mov _Count_C1[0],a  
 455  0042  0700     E  	mov a,_builtin_holtek_udivmodsi4_2[1]  
 455  0043  0080     R  	mov _Count_C1[1],a
 455  0044  0700     E  	mov a,_builtin_holtek_udivmodsi4_2[2]  
 455  0045  0080     R  	mov _Count_C1[2],a  
 455  0046  0700     E  	mov a,_builtin_holtek_udivmodsi4_2[3]  
 455  0047  0080     R  	mov _Count_C1[3],a
 458  0048              #line 458 "D:\hamed\project\htk-project\touch-4key\touch-4key\TOUCH.h"
 458  0048  36C4        	clr [68].5
 459  0049              #line 459 "D:\hamed\project\htk-project\touch-4key\touch-4key\TOUCH.h"
 459  0049  37CC        	clr [76].7
 459  004A  334C        	set [76].6
 459  004B  0FF4        	mov a,-12
 459  004C  0080     R  	mov _delay_10us_2[0],a
 459  004D  0F01        	mov a,1
 459  004E  0080     R  	mov _delay_10us_2[1],a
 459  004F  1F00     R  	clr _delay_10us_2[2]
 459  0050  1F00     R  	clr _delay_10us_2[3]
 459  0051  2000     R  	call _delay_10us
 460  0052              #line 460 "D:\hamed\project\htk-project\touch-4key\touch-4key\TOUCH.h"
 460  0052              ;# 460 "D:\hamed\project\htk-project\touch-4key\touch-4key\TOUCH.h" 1
 460  0052  0001        	clr wdt
 461  0053              #line 461 "D:\hamed\project\htk-project\touch-4key\touch-4key\TOUCH.h"
 461  0053  1F00     R  	clr _i[0]
 461  0054              _L68:
 461  0054  0F13        	mov a,19
 461  0055  0200     R  	sub a,_i[0]
 461  0056  380A        	snz c
 461  0057  2800     R  	jmp _L81
 463  0058              #line 463 "D:\hamed\project\htk-project\touch-4key\touch-4key\TOUCH.h"
 463  0058  32CD        	set [77].5
 464  0059              #line 464 "D:\hamed\project\htk-project\touch-4key\touch-4key\TOUCH.h"
 464  0059  324D        	set [77].4
 465  005A              #line 465 "D:\hamed\project\htk-project\touch-4key\touch-4key\TOUCH.h"
 465  005A  32C4        	set [68].5
 467  005B              #line 467 "D:\hamed\project\htk-project\touch-4key\touch-4key\TOUCH.h"
 467  005B              ;# 467 "D:\hamed\project\htk-project\touch-4key\touch-4key\TOUCH.h" 1
 467  005B  0001        	clr wdt
 467  005C              _L70:
 468  005C              #line 468 "D:\hamed\project\htk-project\touch-4key\touch-4key\TOUCH.h"
 468  005C  3B44        	snz [68].6
 468  005D  2800     R  	jmp _L70
 469  005E              #line 469 "D:\hamed\project\htk-project\touch-4key\touch-4key\TOUCH.h"
 469  005E  0749        	mov a,[73]
 469  005F  0080     R  	mov _CalibrTuoch_2[3],a
 469  0060  1F00     R  	clr _CalibrTuoch_2[2]
 469  0061  0700     R  	mov a,_CalibrTuoch_2[3]
 469  0062  0080     R  	mov _Count_S2[1],a
 469  0063  0748        	mov a,[72]
 469  0064  0500     R  	or a,_CalibrTuoch_2[2]
 469  0065  0080     R  	mov _Count_S2[0],a
 470  0066              #line 470 "D:\hamed\project\htk-project\touch-4key\touch-4key\TOUCH.h"
 470  0066  0700     R  	mov a,_Count_S2[0]
 470  0067  0380     R  	addm a,_Count_C2[0]
 470  0068  0700     R  	mov a,_Count_S2[1]
"File: TOUCH.h       Assembler  Version HGASM0202      Page 26

 470  0069  1380     R  	adcm a,_Count_C2[1]
 470  006A  1F05        	clr acc
 470  006B  1380     R  	adcm a,_Count_C2[2]
 470  006C  1380     R  	adcm a,_Count_C2[3]
 471  006D              #line 471 "D:\hamed\project\htk-project\touch-4key\touch-4key\TOUCH.h"
 471  006D  3744        	clr [68].6
 472  006E              #line 472 "D:\hamed\project\htk-project\touch-4key\touch-4key\TOUCH.h"
 472  006E  36C4        	clr [68].5
 473  006F              #line 473 "D:\hamed\project\htk-project\touch-4key\touch-4key\TOUCH.h"
 473  006F              ;# 473 "D:\hamed\project\htk-project\touch-4key\touch-4key\TOUCH.h" 1
 473  006F  0001        	clr wdt
 474  0070              #line 474 "D:\hamed\project\htk-project\touch-4key\touch-4key\TOUCH.h"
 474  0070  0F05        	mov a,5
 474  0071  0080     R  	mov _delay_ms_2[0],a
 474  0072  1F00     R  	clr _delay_ms_2[1]
 474  0073  1F00     R  	clr _delay_ms_2[2]
 474  0074  1F00     R  	clr _delay_ms_2[3]
 474  0075  2000     R  	call _delay_ms
 461  0076              #line 461 "D:\hamed\project\htk-project\touch-4key\touch-4key\TOUCH.h"
 461  0076  1480     R  	inc _i[0]
 461  0077  2800     R  	jmp _L68
 461  0078              _L81:
 476  0078              #line 476 "D:\hamed\project\htk-project\touch-4key\touch-4key\TOUCH.h"
 476  0078  1F00     E  	clr _builtin_holtek_udivmodsi4_2[12]
 476  0079  0700     R  	mov a,_Count_C2[0]  
 476  007A  0080     E  	mov _builtin_holtek_udivmodsi4_2[0],a  
 476  007B  0700     R  	mov a,_Count_C2[1]  
 476  007C  0080     E  	mov _builtin_holtek_udivmodsi4_2[1],a
 476  007D  0700     R  	mov a,_Count_C2[2]  
 476  007E  0080     E  	mov _builtin_holtek_udivmodsi4_2[2],a  
 476  007F  0700     R  	mov a,_Count_C2[3]  
 476  0080  0080     E  	mov _builtin_holtek_udivmodsi4_2[3],a
 476  0081  0F14        	mov a,20  
 476  0082  0080     E  	mov _builtin_holtek_udivmodsi4_2[4],a  
 476  0083  0F00        	mov a,0  
 476  0084  0080     E  	mov _builtin_holtek_udivmodsi4_2[5],a
 476  0085  1F00     E  	clr _builtin_holtek_udivmodsi4_2[6]
 476  0086  1F00     E  	clr _builtin_holtek_udivmodsi4_2[7]
 476  0087  2000     E  	call _builtin_holtek_udivmodsi4
 476  0088  0700     E  	mov a,_builtin_holtek_udivmodsi4_2[0]  
 476  0089  0080     R  	mov _Count_C2[0],a  
 476  008A  0700     E  	mov a,_builtin_holtek_udivmodsi4_2[1]  
 476  008B  0080     R  	mov _Count_C2[1],a
 476  008C  0700     E  	mov a,_builtin_holtek_udivmodsi4_2[2]  
 476  008D  0080     R  	mov _Count_C2[2],a  
 476  008E  0700     E  	mov a,_builtin_holtek_udivmodsi4_2[3]  
 476  008F  0080     R  	mov _Count_C2[3],a
 479  0090              #line 479 "D:\hamed\project\htk-project\touch-4key\touch-4key\TOUCH.h"
 479  0090  36C4        	clr [68].5
 480  0091              #line 480 "D:\hamed\project\htk-project\touch-4key\touch-4key\TOUCH.h"
 480  0091  33CC        	set [76].7
 480  0092  374C        	clr [76].6
 480  0093  0FF4        	mov a,-12
 480  0094  0080     R  	mov _delay_10us_2[0],a
 480  0095  0F01        	mov a,1
 480  0096  0080     R  	mov _delay_10us_2[1],a
 480  0097  1F00     R  	clr _delay_10us_2[2]
 480  0098  1F00     R  	clr _delay_10us_2[3]
 480  0099  2000     R  	call _delay_10us
 481  009A              #line 481 "D:\hamed\project\htk-project\touch-4key\touch-4key\TOUCH.h"
"File: TOUCH.h       Assembler  Version HGASM0202      Page 27

 481  009A              ;# 481 "D:\hamed\project\htk-project\touch-4key\touch-4key\TOUCH.h" 1
 481  009A  0001        	clr wdt
 482  009B              #line 482 "D:\hamed\project\htk-project\touch-4key\touch-4key\TOUCH.h"
 482  009B  1F00     R  	clr _i[0]
 482  009C              _L72:
 482  009C  0F13        	mov a,19
 482  009D  0200     R  	sub a,_i[0]
 482  009E  380A        	snz c
 482  009F  2800     R  	jmp _L82
 484  00A0              #line 484 "D:\hamed\project\htk-project\touch-4key\touch-4key\TOUCH.h"
 484  00A0  32CD        	set [77].5
 485  00A1              #line 485 "D:\hamed\project\htk-project\touch-4key\touch-4key\TOUCH.h"
 485  00A1  324D        	set [77].4
 486  00A2              #line 486 "D:\hamed\project\htk-project\touch-4key\touch-4key\TOUCH.h"
 486  00A2  32C4        	set [68].5
 488  00A3              #line 488 "D:\hamed\project\htk-project\touch-4key\touch-4key\TOUCH.h"
 488  00A3              ;# 488 "D:\hamed\project\htk-project\touch-4key\touch-4key\TOUCH.h" 1
 488  00A3  0001        	clr wdt
 488  00A4              _L74:
 489  00A4              #line 489 "D:\hamed\project\htk-project\touch-4key\touch-4key\TOUCH.h"
 489  00A4  3B44        	snz [68].6
 489  00A5  2800     R  	jmp _L74
 490  00A6              #line 490 "D:\hamed\project\htk-project\touch-4key\touch-4key\TOUCH.h"
 490  00A6  0749        	mov a,[73]
 490  00A7  0080     R  	mov _CalibrTuoch_2[5],a
 490  00A8  1F00     R  	clr _CalibrTuoch_2[4]
 490  00A9  0700     R  	mov a,_CalibrTuoch_2[5]
 490  00AA  0080     R  	mov _Count_S3[1],a
 490  00AB  0748        	mov a,[72]
 490  00AC  0500     R  	or a,_CalibrTuoch_2[4]
 490  00AD  0080     R  	mov _Count_S3[0],a
 491  00AE              #line 491 "D:\hamed\project\htk-project\touch-4key\touch-4key\TOUCH.h"
 491  00AE  0700     R  	mov a,_Count_S3[0]
 491  00AF  0380     R  	addm a,_Count_C3[0]
 491  00B0  0700     R  	mov a,_Count_S3[1]
 491  00B1  1380     R  	adcm a,_Count_C3[1]
 491  00B2  1F05        	clr acc
 491  00B3  1380     R  	adcm a,_Count_C3[2]
 491  00B4  1380     R  	adcm a,_Count_C3[3]
 492  00B5              #line 492 "D:\hamed\project\htk-project\touch-4key\touch-4key\TOUCH.h"
 492  00B5  3744        	clr [68].6
 493  00B6              #line 493 "D:\hamed\project\htk-project\touch-4key\touch-4key\TOUCH.h"
 493  00B6  36C4        	clr [68].5
 494  00B7              #line 494 "D:\hamed\project\htk-project\touch-4key\touch-4key\TOUCH.h"
 494  00B7              ;# 494 "D:\hamed\project\htk-project\touch-4key\touch-4key\TOUCH.h" 1
 494  00B7  0001        	clr wdt
 495  00B8              #line 495 "D:\hamed\project\htk-project\touch-4key\touch-4key\TOUCH.h"
 495  00B8  0F05        	mov a,5
 495  00B9  0080     R  	mov _delay_ms_2[0],a
 495  00BA  1F00     R  	clr _delay_ms_2[1]
 495  00BB  1F00     R  	clr _delay_ms_2[2]
 495  00BC  1F00     R  	clr _delay_ms_2[3]
 495  00BD  2000     R  	call _delay_ms
 482  00BE              #line 482 "D:\hamed\project\htk-project\touch-4key\touch-4key\TOUCH.h"
 482  00BE  1480     R  	inc _i[0]
 482  00BF  2800     R  	jmp _L72
 482  00C0              _L82:
 497  00C0              #line 497 "D:\hamed\project\htk-project\touch-4key\touch-4key\TOUCH.h"
 497  00C0  1F00     E  	clr _builtin_holtek_udivmodsi4_2[12]
 497  00C1  0700     R  	mov a,_Count_C3[0]  
"File: TOUCH.h       Assembler  Version HGASM0202      Page 28

 497  00C2  0080     E  	mov _builtin_holtek_udivmodsi4_2[0],a  
 497  00C3  0700     R  	mov a,_Count_C3[1]  
 497  00C4  0080     E  	mov _builtin_holtek_udivmodsi4_2[1],a
 497  00C5  0700     R  	mov a,_Count_C3[2]  
 497  00C6  0080     E  	mov _builtin_holtek_udivmodsi4_2[2],a  
 497  00C7  0700     R  	mov a,_Count_C3[3]  
 497  00C8  0080     E  	mov _builtin_holtek_udivmodsi4_2[3],a
 497  00C9  0F14        	mov a,20  
 497  00CA  0080     E  	mov _builtin_holtek_udivmodsi4_2[4],a  
 497  00CB  0F00        	mov a,0  
 497  00CC  0080     E  	mov _builtin_holtek_udivmodsi4_2[5],a
 497  00CD  1F00     E  	clr _builtin_holtek_udivmodsi4_2[6]
 497  00CE  1F00     E  	clr _builtin_holtek_udivmodsi4_2[7]
 497  00CF  2000     E  	call _builtin_holtek_udivmodsi4
 497  00D0  0700     E  	mov a,_builtin_holtek_udivmodsi4_2[0]  
 497  00D1  0080     R  	mov _Count_C3[0],a  
 497  00D2  0700     E  	mov a,_builtin_holtek_udivmodsi4_2[1]  
 497  00D3  0080     R  	mov _Count_C3[1],a
 497  00D4  0700     E  	mov a,_builtin_holtek_udivmodsi4_2[2]  
 497  00D5  0080     R  	mov _Count_C3[2],a  
 497  00D6  0700     E  	mov a,_builtin_holtek_udivmodsi4_2[3]  
 497  00D7  0080     R  	mov _Count_C3[3],a
 500  00D8              #line 500 "D:\hamed\project\htk-project\touch-4key\touch-4key\TOUCH.h"
 500  00D8  36C4        	clr [68].5
 501  00D9              #line 501 "D:\hamed\project\htk-project\touch-4key\touch-4key\TOUCH.h"
 501  00D9  33CC        	set [76].7
 501  00DA  334C        	set [76].6
 501  00DB  0FF4        	mov a,-12
 501  00DC  0080     R  	mov _delay_10us_2[0],a
 501  00DD  0F01        	mov a,1
 501  00DE  0080     R  	mov _delay_10us_2[1],a
 501  00DF  1F00     R  	clr _delay_10us_2[2]
 501  00E0  1F00     R  	clr _delay_10us_2[3]
 501  00E1  2000     R  	call _delay_10us
 502  00E2              #line 502 "D:\hamed\project\htk-project\touch-4key\touch-4key\TOUCH.h"
 502  00E2              ;# 502 "D:\hamed\project\htk-project\touch-4key\touch-4key\TOUCH.h" 1
 502  00E2  0001        	clr wdt
 503  00E3              #line 503 "D:\hamed\project\htk-project\touch-4key\touch-4key\TOUCH.h"
 503  00E3  1F00     R  	clr _i[0]
 503  00E4              _L76:
 503  00E4  0F13        	mov a,19
 503  00E5  0200     R  	sub a,_i[0]
 503  00E6  380A        	snz c
 503  00E7  2800     R  	jmp _L83
 505  00E8              #line 505 "D:\hamed\project\htk-project\touch-4key\touch-4key\TOUCH.h"
 505  00E8  32CD        	set [77].5
 506  00E9              #line 506 "D:\hamed\project\htk-project\touch-4key\touch-4key\TOUCH.h"
 506  00E9  324D        	set [77].4
 507  00EA              #line 507 "D:\hamed\project\htk-project\touch-4key\touch-4key\TOUCH.h"
 507  00EA  32C4        	set [68].5
 509  00EB              #line 509 "D:\hamed\project\htk-project\touch-4key\touch-4key\TOUCH.h"
 509  00EB              ;# 509 "D:\hamed\project\htk-project\touch-4key\touch-4key\TOUCH.h" 1
 509  00EB  0001        	clr wdt
 509  00EC              _L78:
 510  00EC              #line 510 "D:\hamed\project\htk-project\touch-4key\touch-4key\TOUCH.h"
 510  00EC  3B44        	snz [68].6
 510  00ED  2800     R  	jmp _L78
 511  00EE              #line 511 "D:\hamed\project\htk-project\touch-4key\touch-4key\TOUCH.h"
 511  00EE  0749        	mov a,[73]
 511  00EF  0080     R  	mov _CalibrTuoch_2[7],a
"File: TOUCH.h       Assembler  Version HGASM0202      Page 29

 511  00F0  1F00     R  	clr _CalibrTuoch_2[6]
 511  00F1  0700     R  	mov a,_CalibrTuoch_2[7]
 511  00F2  0080     R  	mov _Count_S4[1],a
 511  00F3  0748        	mov a,[72]
 511  00F4  0500     R  	or a,_CalibrTuoch_2[6]
 511  00F5  0080     R  	mov _Count_S4[0],a
 512  00F6              #line 512 "D:\hamed\project\htk-project\touch-4key\touch-4key\TOUCH.h"
 512  00F6  0700     R  	mov a,_Count_S4[0]
 512  00F7  0380     R  	addm a,_Count_C4[0]
 512  00F8  0700     R  	mov a,_Count_S4[1]
 512  00F9  1380     R  	adcm a,_Count_C4[1]
 512  00FA  1F05        	clr acc
 512  00FB  1380     R  	adcm a,_Count_C4[2]
 512  00FC  1380     R  	adcm a,_Count_C4[3]
 513  00FD              #line 513 "D:\hamed\project\htk-project\touch-4key\touch-4key\TOUCH.h"
 513  00FD  3744        	clr [68].6
 514  00FE              #line 514 "D:\hamed\project\htk-project\touch-4key\touch-4key\TOUCH.h"
 514  00FE  36C4        	clr [68].5
 515  00FF              #line 515 "D:\hamed\project\htk-project\touch-4key\touch-4key\TOUCH.h"
 515  00FF              ;# 515 "D:\hamed\project\htk-project\touch-4key\touch-4key\TOUCH.h" 1
 515  00FF  0001        	clr wdt
 516  0100              #line 516 "D:\hamed\project\htk-project\touch-4key\touch-4key\TOUCH.h"
 516  0100  0F05        	mov a,5
 516  0101  0080     R  	mov _delay_ms_2[0],a
 516  0102  1F00     R  	clr _delay_ms_2[1]
 516  0103  1F00     R  	clr _delay_ms_2[2]
 516  0104  1F00     R  	clr _delay_ms_2[3]
 516  0105  2000     R  	call _delay_ms
 503  0106              #line 503 "D:\hamed\project\htk-project\touch-4key\touch-4key\TOUCH.h"
 503  0106  1480     R  	inc _i[0]
 503  0107  2800     R  	jmp _L76
 503  0108              _L83:
 518  0108              #line 518 "D:\hamed\project\htk-project\touch-4key\touch-4key\TOUCH.h"
 518  0108  1F00     E  	clr _builtin_holtek_udivmodsi4_2[12]
 518  0109  0700     R  	mov a,_Count_C4[0]  
 518  010A  0080     E  	mov _builtin_holtek_udivmodsi4_2[0],a  
 518  010B  0700     R  	mov a,_Count_C4[1]  
 518  010C  0080     E  	mov _builtin_holtek_udivmodsi4_2[1],a
 518  010D  0700     R  	mov a,_Count_C4[2]  
 518  010E  0080     E  	mov _builtin_holtek_udivmodsi4_2[2],a  
 518  010F  0700     R  	mov a,_Count_C4[3]  
 518  0110  0080     E  	mov _builtin_holtek_udivmodsi4_2[3],a
 518  0111  0F14        	mov a,20  
 518  0112  0080     E  	mov _builtin_holtek_udivmodsi4_2[4],a  
 518  0113  0F00        	mov a,0  
 518  0114  0080     E  	mov _builtin_holtek_udivmodsi4_2[5],a
 518  0115  1F00     E  	clr _builtin_holtek_udivmodsi4_2[6]
 518  0116  1F00     E  	clr _builtin_holtek_udivmodsi4_2[7]
 518  0117  2000     E  	call _builtin_holtek_udivmodsi4
 518  0118  0700     E  	mov a,_builtin_holtek_udivmodsi4_2[0]  
 518  0119  0080     R  	mov _Count_C4[0],a  
 518  011A  0700     E  	mov a,_builtin_holtek_udivmodsi4_2[1]  
 518  011B  0080     R  	mov _Count_C4[1],a
 518  011C  0700     E  	mov a,_builtin_holtek_udivmodsi4_2[2]  
 518  011D  0080     R  	mov _Count_C4[2],a  
 518  011E  0700     E  	mov a,_builtin_holtek_udivmodsi4_2[3]  
 518  011F  0080     R  	mov _Count_C4[3],a
 521  0120              #line 521 "D:\hamed\project\htk-project\touch-4key\touch-4key\TOUCH.h"
 521  0120              ;# 521 "D:\hamed\project\htk-project\touch-4key\touch-4key\TOUCH.h" 1
 521  0120  0001        	clr wdt
"File: TOUCH.h       Assembler  Version HGASM0202      Page 30

 521  0121  0003        	ret
 521  0122              _CalibrTuoch endp
 521  0122              #line 521 "D:\hamed\project\htk-project\touch-4key\touch-4key\TOUCH.h"
 521  0122              #pragma debug scope 1 1
 521  0122              public _Key_Select
 521  0122              #pragma debug scope 14 1
 526  0122              #line 526 "D:\hamed\project\htk-project\touch-4key\touch-4key\TOUCH.h"
 526  0000              _Key_Select .section 'code'
 526  0000              _Key_Select proc
 526  0000  00              local _Key_Select_2 db 1 dup(?)	; 0,1
 526  0000  0080     E  	mov ra,a
 526  0001  0080     R  	mov _Key_Select_2[0],a
 526  0002              #pragma debug variable 7 14 _Key_Select_2+0 "sel"
 528  0002              #line 528 "D:\hamed\project\htk-project\touch-4key\touch-4key\TOUCH.h"
 528  0002  1080     E  	sz ra
 528  0003  2800     R  	jmp _L85
 529  0004              #line 529 "D:\hamed\project\htk-project\touch-4key\touch-4key\TOUCH.h"
 529  0004  32CD        	set [77].5
 529  0005  324D        	set [77].4
 529  0006  32C4        	set [68].5
 529  0007  37CC        	clr [76].7
 529  0008  374C        	clr [76].6
 529  0009              _L86:
 531  0009              #line 531 "D:\hamed\project\htk-project\touch-4key\touch-4key\TOUCH.h"
 531  0009  3F44        	sz [68].6
 531  000A  2800     R  	jmp _L113
 531  000B              ;# 531 "D:\hamed\project\htk-project\touch-4key\touch-4key\TOUCH.h" 1
 531  000B  0000        	nop
 531  000C  2800     R  	jmp _L86
 531  000D              _L113:
 532  000D              #line 532 "D:\hamed\project\htk-project\touch-4key\touch-4key\TOUCH.h"
 532  000D  0749        	mov a,[73]
 532  000E  0080     E  	mov rc,a
 532  000F  1F00     E  	clr rb
 532  0010  0700     E  	mov a,rc
 532  0011  0080     R  	mov _Count_S1[1],a
 532  0012  0748        	mov a,[72]
 532  0013  0500     E  	or a,rb
 532  0014  0080     R  	mov _Count_S1[0],a
 533  0015              #line 533 "D:\hamed\project\htk-project\touch-4key\touch-4key\TOUCH.h"
 533  0015  3C00     R  	sz _lock
 533  0016  2800     R  	jmp _L88
 533  0017  1480     R  	inc _CalibrCount1[0]
 533  0018              _L88:
 534  0018              #line 534 "D:\hamed\project\htk-project\touch-4key\touch-4key\TOUCH.h"
 534  0018  0F0A        	mov a,10
 534  0019  0200     R  	sub a,_CalibrCount1[0]
 534  001A  3C0A        	sz c
 534  001B  2800     R  	jmp _L111
 536  001C              #line 536 "D:\hamed\project\htk-project\touch-4key\touch-4key\TOUCH.h"
 536  001C  1F00     R  	clr _CalibrCount1[0]
 537  001D              #line 537 "D:\hamed\project\htk-project\touch-4key\touch-4key\TOUCH.h"
 537  001D  0700     R  	mov a,_Count_S1[0]
 537  001E  0380     R  	addm a,_Count_C1_Backup[0]
 537  001F  0700     R  	mov a,_Count_S1[1]
 537  0020  1380     R  	adcm a,_Count_C1_Backup[1]
 537  0021  1F05        	clr acc
 537  0022  1380     R  	adcm a,_Count_C1_Backup[2]
 537  0023  1380     R  	adcm a,_Count_C1_Backup[3]
 538  0024              #line 538 "D:\hamed\project\htk-project\touch-4key\touch-4key\TOUCH.h"
"File: TOUCH.h       Assembler  Version HGASM0202      Page 31

 538  0024  1480     R  	inc _CalibrSample1[0]
 539  0025              #line 539 "D:\hamed\project\htk-project\touch-4key\touch-4key\TOUCH.h"
 539  0025  0F13        	mov a,19
 539  0026  0200     R  	sub a,_CalibrSample1[0]
 539  0027  3C0A        	sz c
 539  0028  2800     R  	jmp _L111
 541  0029              #line 541 "D:\hamed\project\htk-project\touch-4key\touch-4key\TOUCH.h"
 541  0029  1F00     R  	clr _CalibrSample1[0]
 542  002A              #line 542 "D:\hamed\project\htk-project\touch-4key\touch-4key\TOUCH.h"
 542  002A  1F00     E  	clr _builtin_holtek_udivmodsi4_2[12]
 542  002B  0700     R  	mov a,_Count_C1_Backup[0]  
 542  002C  0080     E  	mov _builtin_holtek_udivmodsi4_2[0],a  
 542  002D  0700     R  	mov a,_Count_C1_Backup[1]  
 542  002E  0080     E  	mov _builtin_holtek_udivmodsi4_2[1],a
 542  002F  0700     R  	mov a,_Count_C1_Backup[2]  
 542  0030  0080     E  	mov _builtin_holtek_udivmodsi4_2[2],a  
 542  0031  0700     R  	mov a,_Count_C1_Backup[3]  
 542  0032  0080     E  	mov _builtin_holtek_udivmodsi4_2[3],a
 542  0033  0F14        	mov a,20  
 542  0034  0080     E  	mov _builtin_holtek_udivmodsi4_2[4],a  
 542  0035  0F00        	mov a,0  
 542  0036  0080     E  	mov _builtin_holtek_udivmodsi4_2[5],a
 542  0037  1F00     E  	clr _builtin_holtek_udivmodsi4_2[6]
 542  0038  1F00     E  	clr _builtin_holtek_udivmodsi4_2[7]
 542  0039  2000     E  	call _builtin_holtek_udivmodsi4
 542  003A  0700     E  	mov a,_builtin_holtek_udivmodsi4_2[0]  
 542  003B  0080     R  	mov _Count_C1[0],a  
 542  003C  0700     E  	mov a,_builtin_holtek_udivmodsi4_2[1]  
 542  003D  0080     R  	mov _Count_C1[1],a
 542  003E  0700     E  	mov a,_builtin_holtek_udivmodsi4_2[2]  
 542  003F  0080     R  	mov _Count_C1[2],a  
 542  0040  0700     E  	mov a,_builtin_holtek_udivmodsi4_2[3]  
 542  0041  0080     R  	mov _Count_C1[3],a
 543  0042              #line 543 "D:\hamed\project\htk-project\touch-4key\touch-4key\TOUCH.h"
 543  0042  1F00     R  	clr _Count_C1_Backup[0]
 543  0043  1F00     R  	clr _Count_C1_Backup[1]
 543  0044  1F00     R  	clr _Count_C1_Backup[2]
 543  0045  1F00     R  	clr _Count_C1_Backup[3]
 543  0046  2800     R  	jmp _L111
 543  0047              _L85:
 551  0047              #line 551 "D:\hamed\project\htk-project\touch-4key\touch-4key\TOUCH.h"
 551  0047  1700     R  	sdza _Key_Select_2[0]
 551  0048  2800     R  	jmp _L93
 552  0049              #line 552 "D:\hamed\project\htk-project\touch-4key\touch-4key\TOUCH.h"
 552  0049  32CD        	set [77].5
 552  004A  324D        	set [77].4
 552  004B  32C4        	set [68].5
 552  004C  37CC        	clr [76].7
 552  004D  334C        	set [76].6
 552  004E              _L94:
 554  004E              #line 554 "D:\hamed\project\htk-project\touch-4key\touch-4key\TOUCH.h"
 554  004E  3F44        	sz [68].6
 554  004F  2800     R  	jmp _L114
 554  0050              ;# 554 "D:\hamed\project\htk-project\touch-4key\touch-4key\TOUCH.h" 1
 554  0050  0000        	nop
 554  0051  2800     R  	jmp _L94
 554  0052              _L114:
 555  0052              #line 555 "D:\hamed\project\htk-project\touch-4key\touch-4key\TOUCH.h"
 555  0052  0749        	mov a,[73]
 555  0053  0080     E  	mov rc,a
"File: TOUCH.h       Assembler  Version HGASM0202      Page 32

 555  0054  1F00     E  	clr rb
 555  0055  0700     E  	mov a,rc
 555  0056  0080     R  	mov _Count_S2[1],a
 555  0057  0748        	mov a,[72]
 555  0058  0500     E  	or a,rb
 555  0059  0080     R  	mov _Count_S2[0],a
 556  005A              #line 556 "D:\hamed\project\htk-project\touch-4key\touch-4key\TOUCH.h"
 556  005A  3C00     R  	sz _lock
 556  005B  2800     R  	jmp _L96
 556  005C  1480     R  	inc _CalibrCount2[0]
 556  005D              _L96:
 557  005D              #line 557 "D:\hamed\project\htk-project\touch-4key\touch-4key\TOUCH.h"
 557  005D  0F0A        	mov a,10
 557  005E  0200     R  	sub a,_CalibrCount2[0]
 557  005F  3C0A        	sz c
 557  0060  2800     R  	jmp _L111
 559  0061              #line 559 "D:\hamed\project\htk-project\touch-4key\touch-4key\TOUCH.h"
 559  0061  1F00     R  	clr _CalibrCount2[0]
 560  0062              #line 560 "D:\hamed\project\htk-project\touch-4key\touch-4key\TOUCH.h"
 560  0062  0700     R  	mov a,_Count_S2[0]
 560  0063  0380     R  	addm a,_Count_C2_Backup[0]
 560  0064  0700     R  	mov a,_Count_S2[1]
 560  0065  1380     R  	adcm a,_Count_C2_Backup[1]
 560  0066  1F05        	clr acc
 560  0067  1380     R  	adcm a,_Count_C2_Backup[2]
 560  0068  1380     R  	adcm a,_Count_C2_Backup[3]
 561  0069              #line 561 "D:\hamed\project\htk-project\touch-4key\touch-4key\TOUCH.h"
 561  0069  1480     R  	inc _CalibrSample2[0]
 562  006A              #line 562 "D:\hamed\project\htk-project\touch-4key\touch-4key\TOUCH.h"
 562  006A  0F13        	mov a,19
 562  006B  0200     R  	sub a,_CalibrSample2[0]
 562  006C  3C0A        	sz c
 562  006D  2800     R  	jmp _L111
 564  006E              #line 564 "D:\hamed\project\htk-project\touch-4key\touch-4key\TOUCH.h"
 564  006E  1F00     R  	clr _CalibrSample2[0]
 565  006F              #line 565 "D:\hamed\project\htk-project\touch-4key\touch-4key\TOUCH.h"
 565  006F  1F00     E  	clr _builtin_holtek_udivmodsi4_2[12]
 565  0070  0700     R  	mov a,_Count_C2_Backup[0]  
 565  0071  0080     E  	mov _builtin_holtek_udivmodsi4_2[0],a  
 565  0072  0700     R  	mov a,_Count_C2_Backup[1]  
 565  0073  0080     E  	mov _builtin_holtek_udivmodsi4_2[1],a
 565  0074  0700     R  	mov a,_Count_C2_Backup[2]  
 565  0075  0080     E  	mov _builtin_holtek_udivmodsi4_2[2],a  
 565  0076  0700     R  	mov a,_Count_C2_Backup[3]  
 565  0077  0080     E  	mov _builtin_holtek_udivmodsi4_2[3],a
 565  0078  0F14        	mov a,20  
 565  0079  0080     E  	mov _builtin_holtek_udivmodsi4_2[4],a  
 565  007A  0F00        	mov a,0  
 565  007B  0080     E  	mov _builtin_holtek_udivmodsi4_2[5],a
 565  007C  1F00     E  	clr _builtin_holtek_udivmodsi4_2[6]
 565  007D  1F00     E  	clr _builtin_holtek_udivmodsi4_2[7]
 565  007E  2000     E  	call _builtin_holtek_udivmodsi4
 565  007F  0700     E  	mov a,_builtin_holtek_udivmodsi4_2[0]  
 565  0080  0080     R  	mov _Count_C2[0],a  
 565  0081  0700     E  	mov a,_builtin_holtek_udivmodsi4_2[1]  
 565  0082  0080     R  	mov _Count_C2[1],a
 565  0083  0700     E  	mov a,_builtin_holtek_udivmodsi4_2[2]  
 565  0084  0080     R  	mov _Count_C2[2],a  
 565  0085  0700     E  	mov a,_builtin_holtek_udivmodsi4_2[3]  
 565  0086  0080     R  	mov _Count_C2[3],a
"File: TOUCH.h       Assembler  Version HGASM0202      Page 33

 566  0087              #line 566 "D:\hamed\project\htk-project\touch-4key\touch-4key\TOUCH.h"
 566  0087  1F00     R  	clr _Count_C2_Backup[0]
 566  0088  1F00     R  	clr _Count_C2_Backup[1]
 566  0089  1F00     R  	clr _Count_C2_Backup[2]
 566  008A  1F00     R  	clr _Count_C2_Backup[3]
 566  008B  2800     R  	jmp _L111
 566  008C              _L93:
 574  008C              #line 574 "D:\hamed\project\htk-project\touch-4key\touch-4key\TOUCH.h"
 574  008C  0700     R  	mov a,_Key_Select_2[0]
 574  008D  0A02        	sub a,2
 574  008E  390A        	snz z
 574  008F  2800     R  	jmp _L100
 575  0090              #line 575 "D:\hamed\project\htk-project\touch-4key\touch-4key\TOUCH.h"
 575  0090  32CD        	set [77].5
 575  0091  324D        	set [77].4
 575  0092  32C4        	set [68].5
 575  0093  33CC        	set [76].7
 575  0094  374C        	clr [76].6
 575  0095              _L101:
 577  0095              #line 577 "D:\hamed\project\htk-project\touch-4key\touch-4key\TOUCH.h"
 577  0095  3F44        	sz [68].6
 577  0096  2800     R  	jmp _L115
 577  0097              ;# 577 "D:\hamed\project\htk-project\touch-4key\touch-4key\TOUCH.h" 1
 577  0097  0000        	nop
 577  0098  2800     R  	jmp _L101
 577  0099              _L115:
 578  0099              #line 578 "D:\hamed\project\htk-project\touch-4key\touch-4key\TOUCH.h"
 578  0099  0749        	mov a,[73]
 578  009A  0080     E  	mov rc,a
 578  009B  1F00     E  	clr rb
 578  009C  0700     E  	mov a,rc
 578  009D  0080     R  	mov _Count_S3[1],a
 578  009E  0748        	mov a,[72]
 578  009F  0500     E  	or a,rb
 578  00A0  0080     R  	mov _Count_S3[0],a
 579  00A1              #line 579 "D:\hamed\project\htk-project\touch-4key\touch-4key\TOUCH.h"
 579  00A1  3C00     R  	sz _lock
 579  00A2  2800     R  	jmp _L103
 579  00A3  1480     R  	inc _CalibrCount3[0]
 579  00A4              _L103:
 580  00A4              #line 580 "D:\hamed\project\htk-project\touch-4key\touch-4key\TOUCH.h"
 580  00A4  0F0A        	mov a,10
 580  00A5  0200     R  	sub a,_CalibrCount3[0]
 580  00A6  3C0A        	sz c
 580  00A7  2800     R  	jmp _L111
 582  00A8              #line 582 "D:\hamed\project\htk-project\touch-4key\touch-4key\TOUCH.h"
 582  00A8  1F00     R  	clr _CalibrCount3[0]
 583  00A9              #line 583 "D:\hamed\project\htk-project\touch-4key\touch-4key\TOUCH.h"
 583  00A9  0700     R  	mov a,_Count_S3[0]
 583  00AA  0380     R  	addm a,_Count_C3_Backup[0]
 583  00AB  0700     R  	mov a,_Count_S3[1]
 583  00AC  1380     R  	adcm a,_Count_C3_Backup[1]
 583  00AD  1F05        	clr acc
 583  00AE  1380     R  	adcm a,_Count_C3_Backup[2]
 583  00AF  1380     R  	adcm a,_Count_C3_Backup[3]
 584  00B0              #line 584 "D:\hamed\project\htk-project\touch-4key\touch-4key\TOUCH.h"
 584  00B0  1480     R  	inc _CalibrSample3[0]
 585  00B1              #line 585 "D:\hamed\project\htk-project\touch-4key\touch-4key\TOUCH.h"
 585  00B1  0F13        	mov a,19
 585  00B2  0200     R  	sub a,_CalibrSample3[0]
"File: TOUCH.h       Assembler  Version HGASM0202      Page 34

 585  00B3  3C0A        	sz c
 585  00B4  2800     R  	jmp _L111
 587  00B5              #line 587 "D:\hamed\project\htk-project\touch-4key\touch-4key\TOUCH.h"
 587  00B5  1F00     R  	clr _CalibrSample3[0]
 588  00B6              #line 588 "D:\hamed\project\htk-project\touch-4key\touch-4key\TOUCH.h"
 588  00B6  1F00     E  	clr _builtin_holtek_udivmodsi4_2[12]
 588  00B7  0700     R  	mov a,_Count_C3_Backup[0]  
 588  00B8  0080     E  	mov _builtin_holtek_udivmodsi4_2[0],a  
 588  00B9  0700     R  	mov a,_Count_C3_Backup[1]  
 588  00BA  0080     E  	mov _builtin_holtek_udivmodsi4_2[1],a
 588  00BB  0700     R  	mov a,_Count_C3_Backup[2]  
 588  00BC  0080     E  	mov _builtin_holtek_udivmodsi4_2[2],a  
 588  00BD  0700     R  	mov a,_Count_C3_Backup[3]  
 588  00BE  0080     E  	mov _builtin_holtek_udivmodsi4_2[3],a
 588  00BF  0F14        	mov a,20  
 588  00C0  0080     E  	mov _builtin_holtek_udivmodsi4_2[4],a  
 588  00C1  0F00        	mov a,0  
 588  00C2  0080     E  	mov _builtin_holtek_udivmodsi4_2[5],a
 588  00C3  1F00     E  	clr _builtin_holtek_udivmodsi4_2[6]
 588  00C4  1F00     E  	clr _builtin_holtek_udivmodsi4_2[7]
 588  00C5  2000     E  	call _builtin_holtek_udivmodsi4
 588  00C6  0700     E  	mov a,_builtin_holtek_udivmodsi4_2[0]  
 588  00C7  0080     R  	mov _Count_C3[0],a  
 588  00C8  0700     E  	mov a,_builtin_holtek_udivmodsi4_2[1]  
 588  00C9  0080     R  	mov _Count_C3[1],a
 588  00CA  0700     E  	mov a,_builtin_holtek_udivmodsi4_2[2]  
 588  00CB  0080     R  	mov _Count_C3[2],a  
 588  00CC  0700     E  	mov a,_builtin_holtek_udivmodsi4_2[3]  
 588  00CD  0080     R  	mov _Count_C3[3],a
 589  00CE              #line 589 "D:\hamed\project\htk-project\touch-4key\touch-4key\TOUCH.h"
 589  00CE  1F00     R  	clr _Count_C3_Backup[0]
 589  00CF  1F00     R  	clr _Count_C3_Backup[1]
 589  00D0  1F00     R  	clr _Count_C3_Backup[2]
 589  00D1  1F00     R  	clr _Count_C3_Backup[3]
 589  00D2  2800     R  	jmp _L111
 589  00D3              _L100:
 597  00D3              #line 597 "D:\hamed\project\htk-project\touch-4key\touch-4key\TOUCH.h"
 597  00D3  0700     R  	mov a,_Key_Select_2[0]
 597  00D4  0A03        	sub a,3
 597  00D5  390A        	snz z
 597  00D6  2800     R  	jmp _L84
 598  00D7              #line 598 "D:\hamed\project\htk-project\touch-4key\touch-4key\TOUCH.h"
 598  00D7  32CD        	set [77].5
 598  00D8  324D        	set [77].4
 598  00D9  32C4        	set [68].5
 598  00DA  33CC        	set [76].7
 598  00DB  334C        	set [76].6
 598  00DC              _L107:
 600  00DC              #line 600 "D:\hamed\project\htk-project\touch-4key\touch-4key\TOUCH.h"
 600  00DC  3F44        	sz [68].6
 600  00DD  2800     R  	jmp _L116
 600  00DE              ;# 600 "D:\hamed\project\htk-project\touch-4key\touch-4key\TOUCH.h" 1
 600  00DE  0000        	nop
 600  00DF  2800     R  	jmp _L107
 600  00E0              _L116:
 601  00E0              #line 601 "D:\hamed\project\htk-project\touch-4key\touch-4key\TOUCH.h"
 601  00E0  0749        	mov a,[73]
 601  00E1  0080     E  	mov rc,a
 601  00E2  1F00     E  	clr rb
 601  00E3  0700     E  	mov a,rc
"File: TOUCH.h       Assembler  Version HGASM0202      Page 35

 601  00E4  0080     R  	mov _Count_S4[1],a
 601  00E5  0748        	mov a,[72]
 601  00E6  0500     E  	or a,rb
 601  00E7  0080     R  	mov _Count_S4[0],a
 602  00E8              #line 602 "D:\hamed\project\htk-project\touch-4key\touch-4key\TOUCH.h"
 602  00E8  3C00     R  	sz _lock
 602  00E9  2800     R  	jmp _L109
 602  00EA  1480     R  	inc _CalibrCount4[0]
 602  00EB              _L109:
 603  00EB              #line 603 "D:\hamed\project\htk-project\touch-4key\touch-4key\TOUCH.h"
 603  00EB  0F0A        	mov a,10
 603  00EC  0200     R  	sub a,_CalibrCount4[0]
 603  00ED  3C0A        	sz c
 603  00EE  2800     R  	jmp _L111
 605  00EF              #line 605 "D:\hamed\project\htk-project\touch-4key\touch-4key\TOUCH.h"
 605  00EF  1F00     R  	clr _CalibrCount4[0]
 606  00F0              #line 606 "D:\hamed\project\htk-project\touch-4key\touch-4key\TOUCH.h"
 606  00F0  0700     R  	mov a,_Count_S4[0]
 606  00F1  0380     R  	addm a,_Count_C4_Backup[0]
 606  00F2  0700     R  	mov a,_Count_S4[1]
 606  00F3  1380     R  	adcm a,_Count_C4_Backup[1]
 606  00F4  1F05        	clr acc
 606  00F5  1380     R  	adcm a,_Count_C4_Backup[2]
 606  00F6  1380     R  	adcm a,_Count_C4_Backup[3]
 607  00F7              #line 607 "D:\hamed\project\htk-project\touch-4key\touch-4key\TOUCH.h"
 607  00F7  1480     R  	inc _CalibrSample4[0]
 608  00F8              #line 608 "D:\hamed\project\htk-project\touch-4key\touch-4key\TOUCH.h"
 608  00F8  0F13        	mov a,19
 608  00F9  0200     R  	sub a,_CalibrSample4[0]
 608  00FA  3C0A        	sz c
 608  00FB  2800     R  	jmp _L111
 610  00FC              #line 610 "D:\hamed\project\htk-project\touch-4key\touch-4key\TOUCH.h"
 610  00FC  1F00     R  	clr _CalibrSample4[0]
 611  00FD              #line 611 "D:\hamed\project\htk-project\touch-4key\touch-4key\TOUCH.h"
 611  00FD  1F00     E  	clr _builtin_holtek_udivmodsi4_2[12]
 611  00FE  0700     R  	mov a,_Count_C4_Backup[0]  
 611  00FF  0080     E  	mov _builtin_holtek_udivmodsi4_2[0],a  
 611  0100  0700     R  	mov a,_Count_C4_Backup[1]  
 611  0101  0080     E  	mov _builtin_holtek_udivmodsi4_2[1],a
 611  0102  0700     R  	mov a,_Count_C4_Backup[2]  
 611  0103  0080     E  	mov _builtin_holtek_udivmodsi4_2[2],a  
 611  0104  0700     R  	mov a,_Count_C4_Backup[3]  
 611  0105  0080     E  	mov _builtin_holtek_udivmodsi4_2[3],a
 611  0106  0F14        	mov a,20  
 611  0107  0080     E  	mov _builtin_holtek_udivmodsi4_2[4],a  
 611  0108  0F00        	mov a,0  
 611  0109  0080     E  	mov _builtin_holtek_udivmodsi4_2[5],a
 611  010A  1F00     E  	clr _builtin_holtek_udivmodsi4_2[6]
 611  010B  1F00     E  	clr _builtin_holtek_udivmodsi4_2[7]
 611  010C  2000     E  	call _builtin_holtek_udivmodsi4
 611  010D  0700     E  	mov a,_builtin_holtek_udivmodsi4_2[0]  
 611  010E  0080     R  	mov _Count_C4[0],a  
 611  010F  0700     E  	mov a,_builtin_holtek_udivmodsi4_2[1]  
 611  0110  0080     R  	mov _Count_C4[1],a
 611  0111  0700     E  	mov a,_builtin_holtek_udivmodsi4_2[2]  
 611  0112  0080     R  	mov _Count_C4[2],a  
 611  0113  0700     E  	mov a,_builtin_holtek_udivmodsi4_2[3]  
 611  0114  0080     R  	mov _Count_C4[3],a
 612  0115              #line 612 "D:\hamed\project\htk-project\touch-4key\touch-4key\TOUCH.h"
 612  0115  1F00     R  	clr _Count_C4_Backup[0]
"File: TOUCH.h       Assembler  Version HGASM0202      Page 36

 612  0116  1F00     R  	clr _Count_C4_Backup[1]
 612  0117  1F00     R  	clr _Count_C4_Backup[2]
 612  0118  1F00     R  	clr _Count_C4_Backup[3]
 612  0119              _L111:
 616  0119              #line 616 "D:\hamed\project\htk-project\touch-4key\touch-4key\TOUCH.h"
 616  0119  3744        	clr [68].6
 617  011A              #line 617 "D:\hamed\project\htk-project\touch-4key\touch-4key\TOUCH.h"
 617  011A  36C4        	clr [68].5
 617  011B              _L84:
 617  011B  0003        	ret
 617  011C              _Key_Select endp
 617  011C              #line 617 "D:\hamed\project\htk-project\touch-4key\touch-4key\TOUCH.h"
 617  011C              #pragma debug scope 1 1
 617  011C              public _TOUCH_ISR
 617  011C              #pragma debug scope 15 1
 624  011C              #line 624 "D:\hamed\project\htk-project\touch-4key\touch-4key\TOUCH.h"
 624  0000              @TOUCH_ISR_code .section at 40 'code'
 624  0000              _TOUCH_ISR:
 624  0000  0004        	reti
 624  0001              #line 624 "D:\hamed\project\htk-project\touch-4key\touch-4key\TOUCH.h"
 624  0001              #pragma debug scope 1 1
 624  0001              public _timer
 624  0001              #pragma debug scope 16 1
 630  0001              #line 630 "D:\hamed\project\htk-project\touch-4key\touch-4key\TOUCH.h"
 630  0000              @timer_code .section at 12 'code'
 630  0000              _timer:
 630  0000  0004        	reti
 630  0001              #line 630 "D:\hamed\project\htk-project\touch-4key\touch-4key\TOUCH.h"
 630  0001              #pragma debug scope 1 1
 630  0001              ___tmrc equ [29]
 630  0001              ___smod equ [11]
 630  0001              ___pac equ [21]
 630  0001              public _main
 630  0001              #pragma debug scope 17 1

  30  0001              #line 30 "D:\hamed\project\htk-project\touch-4key\touch-4key\touch-4key.c"
  30  0001              IFDEF WITH_DEFAULT_STARTUP
  30  0001              extern _main_initial0:near
  30  0001              extern _main_startup:near
  30  0001              ENDIF
  30  0001              
  30  0001              ROMBANK 0 @start
  30  0000              @start .section com_l 'code'
  30  0000              _main_startup1:
  30  0000              @start .section com_e 'code'
  30  0000  2800     R  	jmp _main
  30  0001              
  30  0000              _main .section 'code'
  30  0000              _main proc
  33  0000              #line 33 "D:\hamed\project\htk-project\touch-4key\touch-4key\touch-4key.c"
  33  0000  369D        	clr [29].5
  34  0001              #line 34 "D:\hamed\project\htk-project\touch-4key\touch-4key\touch-4key.c"
  34  0001  321D        	set [29].4
  36  0002              #line 36 "D:\hamed\project\htk-project\touch-4key\touch-4key\touch-4key.c"
  36  0002  301D        	set [29].0
  37  0003              #line 37 "D:\hamed\project\htk-project\touch-4key\touch-4key\touch-4key.c"
  37  0003  349D        	clr [29].1
  38  0004              #line 38 "D:\hamed\project\htk-project\touch-4key\touch-4key\touch-4key.c"
  38  0004  351D        	clr [29].2
  41  0005              #line 41 "D:\hamed\project\htk-project\touch-4key\touch-4key\touch-4key.c"
"File: touch-4key.c  Assembler  Version HGASM0202      Page 37

  41  0005  300E        	set [14].0
  42  0006              #line 42 "D:\hamed\project\htk-project\touch-4key\touch-4key\touch-4key.c"
  42  0006  300B        	set [11].0
  44  0007              #line 44 "D:\hamed\project\htk-project\touch-4key\touch-4key\touch-4key.c"
  44  0007  330E        	set [14].6
  45  0008              #line 45 "D:\hamed\project\htk-project\touch-4key\touch-4key\touch-4key.c"
  45  0008  318E        	set [14].3
  49  0009              #line 49 "D:\hamed\project\htk-project\touch-4key\touch-4key\touch-4key.c"
  49  0009  3515        	clr [21].2
  49  000A  3415        	clr [21].0
  51  000B              #line 51 "D:\hamed\project\htk-project\touch-4key\touch-4key\touch-4key.c"
  51  000B  3514        	clr [20].2
  52  000C              #line 52 "D:\hamed\project\htk-project\touch-4key\touch-4key\touch-4key.c"
  52  000C  3014        	set [20].0
  54  000D              #line 54 "D:\hamed\project\htk-project\touch-4key\touch-4key\touch-4key.c"
  54  000D  0F01        	mov a,1
  54  000E  0080     R  	mov _delay_ms_2[0],a
  54  000F  1F00     R  	clr _delay_ms_2[1]
  54  0010  1F00     R  	clr _delay_ms_2[2]
  54  0011  1F00     R  	clr _delay_ms_2[3]
  54  0012  2000     R  	call _delay_ms
  55  0013              #line 55 "D:\hamed\project\htk-project\touch-4key\touch-4key\touch-4key.c"
  55  0013  2000     R  	call _TuochKeyInit
  56  0014              #line 56 "D:\hamed\project\htk-project\touch-4key\touch-4key\touch-4key.c"
  56  0014  0F01        	mov a,1
  56  0015  0080     R  	mov _delay_ms_2[0],a
  56  0016  1F00     R  	clr _delay_ms_2[1]
  56  0017  1F00     R  	clr _delay_ms_2[2]
  56  0018  1F00     R  	clr _delay_ms_2[3]
  56  0019  2000     R  	call _delay_ms
  57  001A              #line 57 "D:\hamed\project\htk-project\touch-4key\touch-4key\touch-4key.c"
  57  001A  2000     R  	call _CalibrTuoch
  59  001B              #line 59 "D:\hamed\project\htk-project\touch-4key\touch-4key\touch-4key.c"
  59  001B  3514        	clr [20].2
  61  001C              #line 61 "D:\hamed\project\htk-project\touch-4key\touch-4key\touch-4key.c"
  61  001C  2000     R  	call _Sound_Startup
  61  001D              _L121:
  66  001D              #line 66 "D:\hamed\project\htk-project\touch-4key\touch-4key\touch-4key.c"
  66  001D              ;# 66 "D:\hamed\project\htk-project\touch-4key\touch-4key\touch-4key.c" 1
  66  001D  0001        	clr wdt
  68  001E              #line 68 "D:\hamed\project\htk-project\touch-4key\touch-4key\touch-4key.c"
  68  001E  0700     R  	mov a,_i[0]
  68  001F  0080     E  	mov ra,a
  68  0020  0700     E  	mov a,ra
  68  0021  2000     R  	call _Key_Select
  69  0022              #line 69 "D:\hamed\project\htk-project\touch-4key\touch-4key\touch-4key.c"
  69  0022  1480     R  	inc _i[0]
  69  0023  0F03        	mov a,3
  69  0024  0200     R  	sub a,_i[0]
  69  0025  3C0A        	sz c
  69  0026  2800     R  	jmp _L120
  69  0027  1F00     R  	clr _i[0]
  69  0028              _L120:
  70  0028              #line 70 "D:\hamed\project\htk-project\touch-4key\touch-4key\touch-4key.c"
  70  0028  2000     R  	call _Key_Touch
  71  0029              #line 71 "D:\hamed\project\htk-project\touch-4key\touch-4key\touch-4key.c"
  71  0029  2800     R  	jmp _L121
  71  002A  2800     R  	jmp $
  71  002B              _main endp
  71  002B              
"File: touch-4key.c  Assembler  Version HGASM0202      Page 38

  71  002B              @dummy endp
  71  002B              
  71  002B              #line 71 "D:\hamed\project\htk-project\touch-4key\touch-4key\touch-4key.c"
  71  002B              #pragma debug scope 1 1

  54  002B              #line 54 "D:\hamed\project\htk-project\touch-4key\touch-4key\TOUCH.h"
  54  002B              public _Touch_Count
  54  0000              @HCCINIT0 .section 'data'
  54  0000              _Touch_Count	db 0
  54  0001              #pragma debug variable 8 1 _Touch_Count "Touch_Count"
  54  0001              
  54  0000              @HCCINIT .section 'data'
  53  0000              #line 53 "D:\hamed\project\htk-project\touch-4key\touch-4key\TOUCH.h"
  53  0000              public _Touch4_Active
  53  0001              @HCCINIT0 .section 'data'
  53  0001              _Touch4_Active	db 0
  53  0002              #pragma debug variable 8 1 _Touch4_Active "Touch4_Active"
  53  0002              
  53  0000              @HCCINIT .section 'data'
  52  0000              #line 52 "D:\hamed\project\htk-project\touch-4key\touch-4key\TOUCH.h"
  52  0000              public _Touch3_Active
  52  0002              @HCCINIT0 .section 'data'
  52  0002              _Touch3_Active	db 0
  52  0003              #pragma debug variable 8 1 _Touch3_Active "Touch3_Active"
  52  0003              
  52  0000              @HCCINIT .section 'data'
  51  0000              #line 51 "D:\hamed\project\htk-project\touch-4key\touch-4key\TOUCH.h"
  51  0000              public _Touch2_Active
  51  0003              @HCCINIT0 .section 'data'
  51  0003              _Touch2_Active	db 0
  51  0004              #pragma debug variable 8 1 _Touch2_Active "Touch2_Active"
  51  0004              
  51  0000              @HCCINIT .section 'data'
  50  0000              #line 50 "D:\hamed\project\htk-project\touch-4key\touch-4key\TOUCH.h"
  50  0000              public _Touch1_Active
  50  0004              @HCCINIT0 .section 'data'
  50  0004              _Touch1_Active	db 0
  50  0005              #pragma debug variable 8 1 _Touch1_Active "Touch1_Active"
  50  0005              
  50  0000              @HCCINIT .section 'data'
  50  0000              public _Learn_Sent
  50  0000              @HCCINIT	.section 'data'
  48  0000              #line 48 "D:\hamed\project\htk-project\touch-4key\touch-4key\TOUCH.h"
  48  0000              @HCCINIT .section 'data'
  48  0000              _Learn_Sent label byte
  48  0000              #pragma debug variable 8 1 _Learn_Sent "Learn_Sent"
  48  0000              	db 0
  48  0000              @ROMDATA_BASE .section inpage 'code'
  48  0000              	db 0
  48  0001              @HCCINIT .section 'data'
  48  0001              public _Key_Sent
  47  0001              #line 47 "D:\hamed\project\htk-project\touch-4key\touch-4key\TOUCH.h"
  47  0001              @HCCINIT .section 'data'
  47  0001              _Key_Sent label byte
  47  0001              #pragma debug variable 8 1 _Key_Sent "Key_Sent"
  47  0001              	db 0
  47  0001              @ROMDATA_BASE .section inpage 'code'
  47  0001              	db 0
  47  0002              @HCCINIT .section 'data'
  47  0002              public _Tx_Busy
"File: TOUCH.h       Assembler  Version HGASM0202      Page 39

  46  0002              #line 46 "D:\hamed\project\htk-project\touch-4key\touch-4key\TOUCH.h"
  46  0002              @HCCINIT .section 'data'
  46  0002              _Tx_Busy label byte
  46  0002              #pragma debug variable 8 1 _Tx_Busy "Tx_Busy"
  46  0002              	db 0
  46  0001              @ROMDATA_BASE .section inpage 'code'
  46  0001              	db 0
  46  0003              @HCCINIT .section 'data'
  46  0003              public _Tx_Key
  45  0003              #line 45 "D:\hamed\project\htk-project\touch-4key\touch-4key\TOUCH.h"
  45  0003              @HCCINIT .section 'data'
  45  0003              _Tx_Key label byte
  45  0003              #pragma debug variable 8 1 _Tx_Key "Tx_Key"
  45  0003              	db 0
  45  0002              @ROMDATA_BASE .section inpage 'code'
  45  0002              	db 0
  45  0004              @HCCINIT .section 'data'
  45  0004              public _lock
  43  0004              #line 43 "D:\hamed\project\htk-project\touch-4key\touch-4key\TOUCH.h"
  43  0000              @BITDATASEC .section 'data'
  43  0000  00          _lock	dbit 0
  43  0001              #pragma debug variable 2 1 _lock "lock"
  43  0001              public _q4
  43  0001              #line 43 "D:\hamed\project\htk-project\touch-4key\touch-4key\TOUCH.h"
  43  0001              @BITDATASEC .section 'data'
  43  0000              _q4	dbit 0
  43  0001              #pragma debug variable 2 1 _q4 "q4"
  43  0001              public _q3
  43  0001              #line 43 "D:\hamed\project\htk-project\touch-4key\touch-4key\TOUCH.h"
  43  0001              @BITDATASEC .section 'data'
  43  0000              _q3	dbit 0
  43  0001              #pragma debug variable 2 1 _q3 "q3"
  43  0001              public _q2
  43  0001              #line 43 "D:\hamed\project\htk-project\touch-4key\touch-4key\TOUCH.h"
  43  0001              @BITDATASEC .section 'data'
  43  0000              _q2	dbit 0
  43  0001              #pragma debug variable 2 1 _q2 "q2"
  43  0001              public _q1
  43  0001              #line 43 "D:\hamed\project\htk-project\touch-4key\touch-4key\TOUCH.h"
  43  0001              @BITDATASEC .section 'data'
  43  0000              _q1	dbit 0
  43  0001              #pragma debug variable 2 1 _q1 "q1"
  43  0001              public _CalibrSample4
  40  0001              #line 40 "D:\hamed\project\htk-project\touch-4key\touch-4key\TOUCH.h"
  40  0004              @HCCINIT .section 'data'
  40  0004              _CalibrSample4 label byte
  40  0004              #pragma debug variable 8 1 _CalibrSample4 "CalibrSample4"
  40  0004              	db 0
  40  0002              @ROMDATA_BASE .section inpage 'code'
  40  0002              	db 0
  40  0005              @HCCINIT .section 'data'
  40  0005              public _CalibrCount4
  40  0005              #line 40 "D:\hamed\project\htk-project\touch-4key\touch-4key\TOUCH.h"
  40  0005              @HCCINIT .section 'data'
  40  0005              _CalibrCount4 label byte
  40  0005              #pragma debug variable 8 1 _CalibrCount4 "CalibrCount4"
  40  0005              	db 0
  40  0003              @ROMDATA_BASE .section inpage 'code'
  40  0003              	db 0
  40  0006              @HCCINIT .section 'data'
"File: TOUCH.h       Assembler  Version HGASM0202      Page 40

  40  0006              public _Count_T4
  39  0006              #line 39 "D:\hamed\project\htk-project\touch-4key\touch-4key\TOUCH.h"
  39  0006              @HCCINIT .section 'data'
  39  0006              _Count_T4 label byte
  39  0006              #pragma debug variable 12 1 _Count_T4 "Count_T4"
  39  0006              	db 0
  39  0003              @ROMDATA_BASE .section inpage 'code'
  39  0003              	db 0
  39  0007              @HCCINIT .section 'data'
  39  0007              	db 0
  39  0004              @ROMDATA_BASE .section inpage 'code'
  39  0004              	db 0
  39  0008              @HCCINIT .section 'data'
  39  0008              public _Count_S4
  38  0008              #line 38 "D:\hamed\project\htk-project\touch-4key\touch-4key\TOUCH.h"
  38  0008              @HCCINIT .section 'data'
  38  0008              _Count_S4 label byte
  38  0008              #pragma debug variable 12 1 _Count_S4 "Count_S4"
  38  0008              	db 0
  38  0004              @ROMDATA_BASE .section inpage 'code'
  38  0004              	db 0
  38  0009              @HCCINIT .section 'data'
  38  0009              	db 0
  38  0005              @ROMDATA_BASE .section inpage 'code'
  38  0005              	db 0
  38  000A              @HCCINIT .section 'data'
  38  000A              public _Count_C4_Backup
  37  000A              #line 37 "D:\hamed\project\htk-project\touch-4key\touch-4key\TOUCH.h"
  37  000A              @HCCINIT .section 'data'
  37  000A              _Count_C4_Backup label byte
  37  000A              #pragma debug variable 14 1 _Count_C4_Backup "Count_C4_Backup"
  37  000A              	db 0
  37  0005              @ROMDATA_BASE .section inpage 'code'
  37  0005              	db 0
  37  000B              @HCCINIT .section 'data'
  37  000B              	db 0
  37  0006              @ROMDATA_BASE .section inpage 'code'
  37  0006              	db 0
  37  000C              @HCCINIT .section 'data'
  37  000C              	db 0
  37  0006              @ROMDATA_BASE .section inpage 'code'
  37  0006              	db 0
  37  000D              @HCCINIT .section 'data'
  37  000D              	db 0
  37  0007              @ROMDATA_BASE .section inpage 'code'
  37  0007              	db 0
  37  000E              @HCCINIT .section 'data'
  37  000E              public _Count_C4
  37  000E              #line 37 "D:\hamed\project\htk-project\touch-4key\touch-4key\TOUCH.h"
  37  000E              @HCCINIT .section 'data'
  37  000E              _Count_C4 label byte
  37  000E              #pragma debug variable 14 1 _Count_C4 "Count_C4"
  37  000E              	db 0
  37  0007              @ROMDATA_BASE .section inpage 'code'
  37  0007              	db 0
  37  000F              @HCCINIT .section 'data'
  37  000F              	db 0
  37  0008              @ROMDATA_BASE .section inpage 'code'
  37  0008              	db 0
  37  0010              @HCCINIT .section 'data'
"File: TOUCH.h       Assembler  Version HGASM0202      Page 41

  37  0010              	db 0
  37  0008              @ROMDATA_BASE .section inpage 'code'
  37  0008              	db 0
  37  0011              @HCCINIT .section 'data'
  37  0011              	db 0
  37  0009              @ROMDATA_BASE .section inpage 'code'
  37  0009              	db 0
  37  0012              @HCCINIT .section 'data'
  37  0012              public _CalibrSample3
  34  0012              #line 34 "D:\hamed\project\htk-project\touch-4key\touch-4key\TOUCH.h"
  34  0012              @HCCINIT .section 'data'
  34  0012              _CalibrSample3 label byte
  34  0012              #pragma debug variable 8 1 _CalibrSample3 "CalibrSample3"
  34  0012              	db 0
  34  0009              @ROMDATA_BASE .section inpage 'code'
  34  0009              	db 0
  34  0013              @HCCINIT .section 'data'
  34  0013              public _CalibrCount3
  34  0013              #line 34 "D:\hamed\project\htk-project\touch-4key\touch-4key\TOUCH.h"
  34  0013              @HCCINIT .section 'data'
  34  0013              _CalibrCount3 label byte
  34  0013              #pragma debug variable 8 1 _CalibrCount3 "CalibrCount3"
  34  0013              	db 0
  34  000A              @ROMDATA_BASE .section inpage 'code'
  34  000A              	db 0
  34  0014              @HCCINIT .section 'data'
  34  0014              public _Count_T3
  33  0014              #line 33 "D:\hamed\project\htk-project\touch-4key\touch-4key\TOUCH.h"
  33  0014              @HCCINIT .section 'data'
  33  0014              _Count_T3 label byte
  33  0014              #pragma debug variable 12 1 _Count_T3 "Count_T3"
  33  0014              	db 0
  33  000A              @ROMDATA_BASE .section inpage 'code'
  33  000A              	db 0
  33  0015              @HCCINIT .section 'data'
  33  0015              	db 0
  33  000B              @ROMDATA_BASE .section inpage 'code'
  33  000B              	db 0
  33  0016              @HCCINIT .section 'data'
  33  0016              public _Count_S3
  32  0016              #line 32 "D:\hamed\project\htk-project\touch-4key\touch-4key\TOUCH.h"
  32  0016              @HCCINIT .section 'data'
  32  0016              _Count_S3 label byte
  32  0016              #pragma debug variable 12 1 _Count_S3 "Count_S3"
  32  0016              	db 0
  32  000B              @ROMDATA_BASE .section inpage 'code'
  32  000B              	db 0
  32  0017              @HCCINIT .section 'data'
  32  0017              	db 0
  32  000C              @ROMDATA_BASE .section inpage 'code'
  32  000C              	db 0
  32  0018              @HCCINIT .section 'data'
  32  0018              public _Count_C3_Backup
  31  0018              #line 31 "D:\hamed\project\htk-project\touch-4key\touch-4key\TOUCH.h"
  31  0018              @HCCINIT .section 'data'
  31  0018              _Count_C3_Backup label byte
  31  0018              #pragma debug variable 14 1 _Count_C3_Backup "Count_C3_Backup"
  31  0018              	db 0
  31  000C              @ROMDATA_BASE .section inpage 'code'
  31  000C              	db 0
"File: TOUCH.h       Assembler  Version HGASM0202      Page 42

  31  0019              @HCCINIT .section 'data'
  31  0019              	db 0
  31  000D              @ROMDATA_BASE .section inpage 'code'
  31  000D              	db 0
  31  001A              @HCCINIT .section 'data'
  31  001A              	db 0
  31  000D              @ROMDATA_BASE .section inpage 'code'
  31  000D              	db 0
  31  001B              @HCCINIT .section 'data'
  31  001B              	db 0
  31  000E              @ROMDATA_BASE .section inpage 'code'
  31  000E              	db 0
  31  001C              @HCCINIT .section 'data'
  31  001C              public _Count_C3
  31  001C              #line 31 "D:\hamed\project\htk-project\touch-4key\touch-4key\TOUCH.h"
  31  001C              @HCCINIT .section 'data'
  31  001C              _Count_C3 label byte
  31  001C              #pragma debug variable 14 1 _Count_C3 "Count_C3"
  31  001C              	db 0
  31  000E              @ROMDATA_BASE .section inpage 'code'
  31  000E              	db 0
  31  001D              @HCCINIT .section 'data'
  31  001D              	db 0
  31  000F              @ROMDATA_BASE .section inpage 'code'
  31  000F              	db 0
  31  001E              @HCCINIT .section 'data'
  31  001E              	db 0
  31  000F              @ROMDATA_BASE .section inpage 'code'
  31  000F              	db 0
  31  001F              @HCCINIT .section 'data'
  31  001F              	db 0
  31  0010              @ROMDATA_BASE .section inpage 'code'
  31  0010              	db 0
  31  0020              @HCCINIT .section 'data'
  31  0020              public _CalibrSample2
  29  0020              #line 29 "D:\hamed\project\htk-project\touch-4key\touch-4key\TOUCH.h"
  29  0020              @HCCINIT .section 'data'
  29  0020              _CalibrSample2 label byte
  29  0020              #pragma debug variable 8 1 _CalibrSample2 "CalibrSample2"
  29  0020              	db 0
  29  0010              @ROMDATA_BASE .section inpage 'code'
  29  0010              	db 0
  29  0021              @HCCINIT .section 'data'
  29  0021              public _CalibrCount2
  29  0021              #line 29 "D:\hamed\project\htk-project\touch-4key\touch-4key\TOUCH.h"
  29  0021              @HCCINIT .section 'data'
  29  0021              _CalibrCount2 label byte
  29  0021              #pragma debug variable 8 1 _CalibrCount2 "CalibrCount2"
  29  0021              	db 0
  29  0011              @ROMDATA_BASE .section inpage 'code'
  29  0011              	db 0
  29  0022              @HCCINIT .section 'data'
  29  0022              public _Count_T2
  28  0022              #line 28 "D:\hamed\project\htk-project\touch-4key\touch-4key\TOUCH.h"
  28  0022              @HCCINIT .section 'data'
  28  0022              _Count_T2 label byte
  28  0022              #pragma debug variable 12 1 _Count_T2 "Count_T2"
  28  0022              	db 0
  28  0011              @ROMDATA_BASE .section inpage 'code'
  28  0011              	db 0
"File: TOUCH.h       Assembler  Version HGASM0202      Page 43

  28  0023              @HCCINIT .section 'data'
  28  0023              	db 0
  28  0012              @ROMDATA_BASE .section inpage 'code'
  28  0012              	db 0
  28  0024              @HCCINIT .section 'data'
  28  0024              public _Count_S2
  27  0024              #line 27 "D:\hamed\project\htk-project\touch-4key\touch-4key\TOUCH.h"
  27  0024              @HCCINIT .section 'data'
  27  0024              _Count_S2 label byte
  27  0024              #pragma debug variable 12 1 _Count_S2 "Count_S2"
  27  0024              	db 0
  27  0012              @ROMDATA_BASE .section inpage 'code'
  27  0012              	db 0
  27  0025              @HCCINIT .section 'data'
  27  0025              	db 0
  27  0013              @ROMDATA_BASE .section inpage 'code'
  27  0013              	db 0
  27  0026              @HCCINIT .section 'data'
  27  0026              public _Count_C2_Backup
  26  0026              #line 26 "D:\hamed\project\htk-project\touch-4key\touch-4key\TOUCH.h"
  26  0026              @HCCINIT .section 'data'
  26  0026              _Count_C2_Backup label byte
  26  0026              #pragma debug variable 14 1 _Count_C2_Backup "Count_C2_Backup"
  26  0026              	db 0
  26  0013              @ROMDATA_BASE .section inpage 'code'
  26  0013              	db 0
  26  0027              @HCCINIT .section 'data'
  26  0027              	db 0
  26  0014              @ROMDATA_BASE .section inpage 'code'
  26  0014              	db 0
  26  0028              @HCCINIT .section 'data'
  26  0028              	db 0
  26  0014              @ROMDATA_BASE .section inpage 'code'
  26  0014              	db 0
  26  0029              @HCCINIT .section 'data'
  26  0029              	db 0
  26  0015              @ROMDATA_BASE .section inpage 'code'
  26  0015              	db 0
  26  002A              @HCCINIT .section 'data'
  26  002A              public _Count_C2
  26  002A              #line 26 "D:\hamed\project\htk-project\touch-4key\touch-4key\TOUCH.h"
  26  002A              @HCCINIT .section 'data'
  26  002A              _Count_C2 label byte
  26  002A              #pragma debug variable 14 1 _Count_C2 "Count_C2"
  26  002A              	db 0
  26  0015              @ROMDATA_BASE .section inpage 'code'
  26  0015              	db 0
  26  002B              @HCCINIT .section 'data'
  26  002B              	db 0
  26  0016              @ROMDATA_BASE .section inpage 'code'
  26  0016              	db 0
  26  002C              @HCCINIT .section 'data'
  26  002C              	db 0
  26  0016              @ROMDATA_BASE .section inpage 'code'
  26  0016              	db 0
  26  002D              @HCCINIT .section 'data'
  26  002D              	db 0
  26  0017              @ROMDATA_BASE .section inpage 'code'
  26  0017              	db 0
  26  002E              @HCCINIT .section 'data'
"File: TOUCH.h       Assembler  Version HGASM0202      Page 44

  26  002E              public _CalibrSample1
  24  002E              #line 24 "D:\hamed\project\htk-project\touch-4key\touch-4key\TOUCH.h"
  24  002E              @HCCINIT .section 'data'
  24  002E              _CalibrSample1 label byte
  24  002E              #pragma debug variable 8 1 _CalibrSample1 "CalibrSample1"
  24  002E              	db 0
  24  0017              @ROMDATA_BASE .section inpage 'code'
  24  0017              	db 0
  24  002F              @HCCINIT .section 'data'
  24  002F              public _CalibrCount1
  24  002F              #line 24 "D:\hamed\project\htk-project\touch-4key\touch-4key\TOUCH.h"
  24  002F              @HCCINIT .section 'data'
  24  002F              _CalibrCount1 label byte
  24  002F              #pragma debug variable 8 1 _CalibrCount1 "CalibrCount1"
  24  002F              	db 0
  24  0018              @ROMDATA_BASE .section inpage 'code'
  24  0018              	db 0
  24  0030              @HCCINIT .section 'data'
  24  0030              public _counter
  24  0030              #line 24 "D:\hamed\project\htk-project\touch-4key\touch-4key\TOUCH.h"
  24  0030              @HCCINIT .section 'data'
  24  0030              _counter label byte
  24  0030              #pragma debug variable 8 1 _counter "counter"
  24  0030              	db 0
  24  0018              @ROMDATA_BASE .section inpage 'code'
  24  0018              	db 0
  24  0031              @HCCINIT .section 'data'
  24  0031              public _i
  24  0031              #line 24 "D:\hamed\project\htk-project\touch-4key\touch-4key\TOUCH.h"
  24  0031              @HCCINIT .section 'data'
  24  0031              _i label byte
  24  0031              #pragma debug variable 8 1 _i "i"
  24  0031              	db 0
  24  0019              @ROMDATA_BASE .section inpage 'code'
  24  0019              	db 0
  24  0032              @HCCINIT .section 'data'
  24  0032              public _Count_T1
  23  0032              #line 23 "D:\hamed\project\htk-project\touch-4key\touch-4key\TOUCH.h"
  23  0032              @HCCINIT .section 'data'
  23  0032              _Count_T1 label byte
  23  0032              #pragma debug variable 12 1 _Count_T1 "Count_T1"
  23  0032              	db 0
  23  0019              @ROMDATA_BASE .section inpage 'code'
  23  0019              	db 0
  23  0033              @HCCINIT .section 'data'
  23  0033              	db 0
  23  001A              @ROMDATA_BASE .section inpage 'code'
  23  001A              	db 0
  23  0034              @HCCINIT .section 'data'
  23  0034              public _Count_S1
  22  0034              #line 22 "D:\hamed\project\htk-project\touch-4key\touch-4key\TOUCH.h"
  22  0034              @HCCINIT .section 'data'
  22  0034              _Count_S1 label byte
  22  0034              #pragma debug variable 12 1 _Count_S1 "Count_S1"
  22  0034              	db 0
  22  001A              @ROMDATA_BASE .section inpage 'code'
  22  001A              	db 0
  22  0035              @HCCINIT .section 'data'
  22  0035              	db 0
  22  001B              @ROMDATA_BASE .section inpage 'code'
"File: TOUCH.h       Assembler  Version HGASM0202      Page 45

  22  001B              	db 0
  22  0036              @HCCINIT .section 'data'
  22  0036              public _Count_C1_Backup
  21  0036              #line 21 "D:\hamed\project\htk-project\touch-4key\touch-4key\TOUCH.h"
  21  0036              @HCCINIT .section 'data'
  21  0036              _Count_C1_Backup label byte
  21  0036              #pragma debug variable 14 1 _Count_C1_Backup "Count_C1_Backup"
  21  0036              	db 0
  21  001B              @ROMDATA_BASE .section inpage 'code'
  21  001B              	db 0
  21  0037              @HCCINIT .section 'data'
  21  0037              	db 0
  21  001C              @ROMDATA_BASE .section inpage 'code'
  21  001C              	db 0
  21  0038              @HCCINIT .section 'data'
  21  0038              	db 0
  21  001C              @ROMDATA_BASE .section inpage 'code'
  21  001C              	db 0
  21  0039              @HCCINIT .section 'data'
  21  0039              	db 0
  21  001D              @ROMDATA_BASE .section inpage 'code'
  21  001D              	db 0
  21  003A              @HCCINIT .section 'data'
  21  003A              public _Count_C1
  21  003A              #line 21 "D:\hamed\project\htk-project\touch-4key\touch-4key\TOUCH.h"
  21  003A              @HCCINIT .section 'data'
  21  003A              _Count_C1 label byte
  21  003A              #pragma debug variable 14 1 _Count_C1 "Count_C1"
  21  003A              	db 0
  21  001D              @ROMDATA_BASE .section inpage 'code'
  21  001D              	db 0
  21  003B              @HCCINIT .section 'data'
  21  003B              	db 0
  21  001E              @ROMDATA_BASE .section inpage 'code'
  21  001E              	db 0
  21  003C              @HCCINIT .section 'data'
  21  003C              	db 0
  21  001E              @ROMDATA_BASE .section inpage 'code'
  21  001E              	db 0
  21  003D              @HCCINIT .section 'data'
  21  003D              	db 0
  21  001F              @ROMDATA_BASE .section inpage 'code'
  21  001F              	db 0
  21  003E              @HCCINIT .section 'data'
  21  003E              #pragma debug struct_end
  21  003E              #pragma debug struct_end
  21  003E              #pragma debug union_end
  21  003E              #pragma debug union_end
  21  003E              #pragma debug variable 43 1 ___smod "__smod" 1
  21  003E              #pragma debug struct_end
  21  003E              #pragma debug struct_end
  21  003E              #pragma debug union_end
  21  003E              #pragma debug union_end
  21  003E              #pragma debug variable 45 1 ___intc0 "__intc0" 1
  21  003E              #pragma debug struct_end
  21  003E              #pragma debug struct_end
  21  003E              #pragma debug union_end
  21  003E              #pragma debug union_end
  21  003E              #pragma debug variable 47 1 ___pa "__pa" 1
  21  003E              #pragma debug struct_end
"File: TOUCH.h       Assembler  Version HGASM0202      Page 46

  21  003E              #pragma debug struct_end
  21  003E              #pragma debug union_end
  21  003E              #pragma debug union_end
  21  003E              #pragma debug variable 49 1 ___pac "__pac" 1
  21  003E              #pragma debug struct_end
  21  003E              #pragma debug struct_end
  21  003E              #pragma debug union_end
  21  003E              #pragma debug union_end
  21  003E              #pragma debug variable 51 1 ___tmrc "__tmrc" 1
  21  003E              #pragma debug variable 8 1 ___tktmr "__tktmr" 1
  21  003E              #pragma debug struct_end
  21  003E              #pragma debug struct_end
  21  003E              #pragma debug union_end
  21  003E              #pragma debug union_end
  21  003E              #pragma debug variable 53 1 ___tkc0 "__tkc0" 1
  21  003E              #pragma debug struct_end
  21  003E              #pragma debug struct_end
  21  003E              #pragma debug union_end
  21  003E              #pragma debug union_end
  21  003E              #pragma debug variable 55 1 ___tkc1 "__tkc1" 1
  21  003E              #pragma debug variable 8 1 ___tkm016dl "__tkm016dl" 1
  21  003E              #pragma debug variable 8 1 ___tkm016dh "__tkm016dh" 1
  21  003E              #pragma debug variable 8 1 ___tkm0rol "__tkm0rol" 1
  21  003E              #pragma debug variable 8 1 ___tkm0roh "__tkm0roh" 1
  21  003E              #pragma debug struct_end
  21  003E              #pragma debug struct_end
  21  003E              #pragma debug union_end
  21  003E              #pragma debug union_end
  21  003E              #pragma debug variable 57 1 ___tkm0c0 "__tkm0c0" 1
  21  003E              #pragma debug struct_end
  21  003E              #pragma debug struct_end
  21  003E              #pragma debug union_end
  21  003E              #pragma debug union_end
  21  003E              #pragma debug variable 59 1 ___tkm0c1 "__tkm0c1" 1

  30  003E              #line 30 "D:\hamed\project\htk-project\touch-4key\touch-4key\touch-4key.c"
  30  0000              @code .section at 0 'code'
  30  0000  2800     R  	jmp _main_startup1
  30  0001              
  30  0001              extern _builtin_holtek_mulsi3_2:byte
  30  0001              extern _builtin_holtek_mulsi3:near
  30  0001              extern _builtin_holtek_udivmodsi4_2:byte
  30  0001              extern _builtin_holtek_udivmodsi4:near
  30  0001              
  30  0001              ; 
  30  0001              ; Generated by holtek-gcc v3.23, Tue Sep 01 11:29:48 2026
  30  0001              ; Rebuild 1114
  30  0001              ; end of file


        0 Errors, 0