"File: clock-temp-touch.c  Assembler  Version HGASM0202      Page 1


   1  0000              ; Generated by holtek-gcc v3.19, Thu Jul 11 14:17:01 2024
   2  0000              ; 
   3  0000              ; Configuration:
   4  0000              ;       with long instruction
   5  0000              ;       Single ROM, Multi-RAM
   6  0000              ;       bits_per_rom_unit:16
   7  0000              ;       with mp1
   8  0000              ;       with tbhp, address(0x9)
   9  0000              ;          Use tabrd-const
  10  0000              ;       
  11  0000              ; SFR address of long-instruction arch:
  12  0000              ;    mp0 = -1,1,0
  13  0000              ;    mp1 = 4,3,2
  14  0000              ;    mp2 = 14,13,12
  15  0000              ;    tbp = 9,7,8
  16  0000              ;    acc = 5
  17  0000              ;    pcl = 6
  18  0000              ;    status = 10
  19  0000              ;    bp = 11
  20  0000              ;    intc = 16
  21  0000              ;       
  22  0000              ;       
  23  0000              ; use 'tabrdc' instead of 'tabrd'
  24  0000              ;       
  25  0000              
  26  0000              #pragma translator "holtek-gcc 4.6.4" "3.19" "build 20130711"
  27  0000              ; Rebuild 718
  28  0000              
  29  0000              ir equ [2]
  30  0000              mp equ [3]
  31  0000              sbp equ [4]
  32  0000              acc equ [5]
  33  0000              bp equ [11]
  34  0000              tblp equ [7]
  35  0000              tbhp equ [9]
  36  0000              status equ [10]
  37  0000              c equ [10].0
  38  0000              ac equ [10].1
  39  0000              z equ [10].2
  40  0000              ov equ [10].3
  41  0000              cz equ [10].6
  42  0000              sc equ [10].7
  43  0000              intc equ [16]
  44  0000              
  45  0000              extern ra:byte
  46  0000              extern rb:byte
  47  0000              extern rc:byte
  48  0000              extern rd:byte
  49  0000              extern re:byte
  50  0000              extern rf:byte
  51  0000              extern rg:byte
  52  0000              extern rh:byte
  53  0000              extern _Crom2Prom:near
  54  0000              extern _Crom2PromNext:near
  55  0000              
  56  0000              RAMBANK 0 @BITDATASEC, @BITDATASEC1
  57  0000              @HCCINIT	.section 'data'
  58  0000              @HCCINIT0	.section 'data'
  59  0000              @BITDATASEC	 .section 'data'
"File: clock-temp-touch.ASM  Assembler  Version HGASM0202      Page 2

  60  0000              @BITDATASEC1	 .section 'data'
  61  0000              
  62  0000              #pragma debug scope 1 1
  63  0000              	extern __DELAY3:near
  64  0000              	extern __DELAYX3:near
  65  0000              	extern __DELAYX6:near
  66  0000              	extern __DELAYY5:near
  67  0000              	extern __DELAYY3:near
  68  0000              	extern _builtin_holtek_delay_2:byte
  69  0000              public _delay_10us
  70  0000              #pragma debug scope 2 1

  11  0000              #line 11 "E:\hamed\touch2\touch-RGB-2key\clock-temp-touch\DELAY.h"
  11  0000              _delay_10us .section 'code'
  11  0000              _delay_10us proc
  11  0000              public _delay_10us_2
  11  0000  0004[           local _delay_10us_2 db 4 dup(?)	; 4,0
            00
            ]
  11  0004              #pragma debug variable 14 2 _delay_10us_2+0 "count_u"
  15  0004              #line 15 "E:\hamed\touch2\touch-RGB-2key\clock-temp-touch\DELAY.h"
  15  0000  1F00     E  	clr rd
  15  0001  1F00     E  	clr re
  15  0002  1F00     E  	clr rf
  15  0003  1F00     E  	clr rg
  15  0004  2800     R  	jmp _L2
  15  0005              _L3:
  17  0005              #line 17 "E:\hamed\touch2\touch-RGB-2key\clock-temp-touch\DELAY.h"
  17  0005              ;# 17 "E:\hamed\touch2\touch-RGB-2key\clock-temp-touch\DELAY.h" 1
  17  0005  0001        	clr wdt
  18  0006              #line 18 "E:\hamed\touch2\touch-RGB-2key\clock-temp-touch\DELAY.h"
  18  0006              ;# 18 "E:\hamed\touch2\touch-RGB-2key\clock-temp-touch\DELAY.h" 1
  18  0006  0000        	nop
  19  0007              #line 19 "E:\hamed\touch2\touch-RGB-2key\clock-temp-touch\DELAY.h"
  19  0007              ;# 19 "E:\hamed\touch2\touch-RGB-2key\clock-temp-touch\DELAY.h" 1
  19  0007  0000        	nop
  20  0008              #line 20 "E:\hamed\touch2\touch-RGB-2key\clock-temp-touch\DELAY.h"
  20  0008              ;# 20 "E:\hamed\touch2\touch-RGB-2key\clock-temp-touch\DELAY.h" 1
  20  0008  0000        	nop
  21  0009              #line 21 "E:\hamed\touch2\touch-RGB-2key\clock-temp-touch\DELAY.h"
  21  0009              ;# 21 "E:\hamed\touch2\touch-RGB-2key\clock-temp-touch\DELAY.h" 1
  21  0009  0000        	nop
  15  000A              #line 15 "E:\hamed\touch2\touch-RGB-2key\clock-temp-touch\DELAY.h"
  15  000A  0F01        	mov a,1
  15  000B  0380     E  	addm a,rd
  15  000C  0F00        	mov a,0
  15  000D  1380     E  	adcm a,re
  15  000E  1380     E  	adcm a,rf
  15  000F  1380     E  	adcm a,rg
  15  0010              _L2:
  15  0010  0700     E  	mov a,rd
  15  0011  0200     R  	sub a,_delay_10us_2[0]
  15  0012  0700     E  	mov a,re
  15  0013  1200     R  	sbc a,_delay_10us_2[1]
  15  0014  0700     E  	mov a,rf
  15  0015  1200     R  	sbc a,_delay_10us_2[2]
  15  0016  0700     E  	mov a,rg
  15  0017  1200     R  	sbc a,_delay_10us_2[3]
  15  0018  3B0A        	snz cz
  15  0019  2800     R  	jmp _L3
"File: DELAY.h       Assembler  Version HGASM0202      Page 3

  15  001A  0003        	ret
  15  001B              _delay_10us endp
  15  001B              #line 15 "E:\hamed\touch2\touch-RGB-2key\clock-temp-touch\DELAY.h"
  15  001B              #pragma debug scope 1 1
  15  001B              public _delay_us
  15  001B              #pragma debug scope 3 1
  28  001B              #line 28 "E:\hamed\touch2\touch-RGB-2key\clock-temp-touch\DELAY.h"
  28  0000              _delay_us .section 'code'
  28  0000              _delay_us proc
  28  0000              public _delay_us_2
  28  0000  0004[           local _delay_us_2 db 4 dup(?)	; 4,0
            00
            ]
  28  0004              #pragma debug variable 14 3 _delay_us_2+0 "count_u"
  32  0004              #line 32 "E:\hamed\touch2\touch-RGB-2key\clock-temp-touch\DELAY.h"
  32  0000  1F00     E  	clr rd
  32  0001  1F00     E  	clr re
  32  0002  1F00     E  	clr rf
  32  0003  1F00     E  	clr rg
  32  0004  2800     R  	jmp _L6
  32  0005              _L7:
  34  0005              #line 34 "E:\hamed\touch2\touch-RGB-2key\clock-temp-touch\DELAY.h"
  34  0005              ;# 34 "E:\hamed\touch2\touch-RGB-2key\clock-temp-touch\DELAY.h" 1
  34  0005  0001        	clr wdt
  35  0006              #line 35 "E:\hamed\touch2\touch-RGB-2key\clock-temp-touch\DELAY.h"
  35  0006              ;# 35 "E:\hamed\touch2\touch-RGB-2key\clock-temp-touch\DELAY.h" 1
  35  0006  0000        	nop
  32  0007              #line 32 "E:\hamed\touch2\touch-RGB-2key\clock-temp-touch\DELAY.h"
  32  0007  0F01        	mov a,1
  32  0008  0380     E  	addm a,rd
  32  0009  0F00        	mov a,0
  32  000A  1380     E  	adcm a,re
  32  000B  1380     E  	adcm a,rf
  32  000C  1380     E  	adcm a,rg
  32  000D              _L6:
  32  000D  0700     E  	mov a,rd
  32  000E  0200     R  	sub a,_delay_us_2[0]
  32  000F  0700     E  	mov a,re
  32  0010  1200     R  	sbc a,_delay_us_2[1]
  32  0011  0700     E  	mov a,rf
  32  0012  1200     R  	sbc a,_delay_us_2[2]
  32  0013  0700     E  	mov a,rg
  32  0014  1200     R  	sbc a,_delay_us_2[3]
  32  0015  3B0A        	snz cz
  32  0016  2800     R  	jmp _L7
  32  0017  0003        	ret
  32  0018              _delay_us endp
  32  0018              #line 32 "E:\hamed\touch2\touch-RGB-2key\clock-temp-touch\DELAY.h"
  32  0018              #pragma debug scope 1 1
  32  0018              public _delay_ms
  32  0018              #pragma debug scope 4 1
  42  0018              #line 42 "E:\hamed\touch2\touch-RGB-2key\clock-temp-touch\DELAY.h"
  42  0000              _delay_ms .section 'code'
  42  0000              _delay_ms proc
  42  0000              public _delay_ms_2
  42  0000  0008[           local _delay_ms_2 db 8 dup(?)	; 4,4
            00
            ]
  42  0008              #pragma debug variable 14 4 _delay_ms_2+0 "count_m"
  44  0008              #line 44 "E:\hamed\touch2\touch-RGB-2key\clock-temp-touch\DELAY.h"
"File: DELAY.h       Assembler  Version HGASM0202      Page 4

  44  0000  0700     R  	mov a,_delay_ms_2[0]
  44  0001  0080     E  	mov _builtin_holtek_mulsi3_2[0],a
  44  0002  0700     R  	mov a,_delay_ms_2[1]
  44  0003  0080     E  	mov _builtin_holtek_mulsi3_2[1],a
  44  0004  0700     R  	mov a,_delay_ms_2[2]
  44  0005  0080     E  	mov _builtin_holtek_mulsi3_2[2],a
  44  0006  0700     R  	mov a,_delay_ms_2[3]
  44  0007  0080     E  	mov _builtin_holtek_mulsi3_2[3],a
  44  0008  0F64        	mov a,100
  44  0009  0080     E  	mov _builtin_holtek_mulsi3_2[4],a
  44  000A  0F00        	mov a,0
  44  000B  0080     E  	mov _builtin_holtek_mulsi3_2[5],a
  44  000C  0F00        	mov a,0
  44  000D  0080     E  	mov _builtin_holtek_mulsi3_2[6],a
  44  000E  0F00        	mov a,0
  44  000F  0080     E  	mov _builtin_holtek_mulsi3_2[7],a
  44  0010  2000     E  	call _builtin_holtek_mulsi3
  44  0011  0700     E  	mov a,_builtin_holtek_mulsi3_2[8]
  44  0012  0080     R  	mov _delay_ms_2[4],a
  44  0013  0700     E  	mov a,_builtin_holtek_mulsi3_2[9]
  44  0014  0080     R  	mov _delay_ms_2[5],a
  44  0015  0700     E  	mov a,_builtin_holtek_mulsi3_2[10]
  44  0016  0080     R  	mov _delay_ms_2[6],a
  44  0017  0700     E  	mov a,_builtin_holtek_mulsi3_2[11]
  44  0018  0080     R  	mov _delay_ms_2[7],a
  45  0019              #line 45 "E:\hamed\touch2\touch-RGB-2key\clock-temp-touch\DELAY.h"
  45  0019  1F00     E  	clr rd
  45  001A  1F00     E  	clr re
  45  001B  1F00     E  	clr rf
  45  001C  1F00     E  	clr rg
  45  001D  2800     R  	jmp _L9
  45  001E              _L10:
  47  001E              #line 47 "E:\hamed\touch2\touch-RGB-2key\clock-temp-touch\DELAY.h"
  47  001E              ;# 47 "E:\hamed\touch2\touch-RGB-2key\clock-temp-touch\DELAY.h" 1
  47  001E  0001        	clr wdt
  48  001F              #line 48 "E:\hamed\touch2\touch-RGB-2key\clock-temp-touch\DELAY.h"
  48  001F              ;# 48 "E:\hamed\touch2\touch-RGB-2key\clock-temp-touch\DELAY.h" 1
  48  001F  0000        	nop
  49  0020              #line 49 "E:\hamed\touch2\touch-RGB-2key\clock-temp-touch\DELAY.h"
  49  0020              ;# 49 "E:\hamed\touch2\touch-RGB-2key\clock-temp-touch\DELAY.h" 1
  49  0020  0000        	nop
  50  0021              #line 50 "E:\hamed\touch2\touch-RGB-2key\clock-temp-touch\DELAY.h"
  50  0021              ;# 50 "E:\hamed\touch2\touch-RGB-2key\clock-temp-touch\DELAY.h" 1
  50  0021  0000        	nop
  51  0022              #line 51 "E:\hamed\touch2\touch-RGB-2key\clock-temp-touch\DELAY.h"
  51  0022              ;# 51 "E:\hamed\touch2\touch-RGB-2key\clock-temp-touch\DELAY.h" 1
  51  0022  0000        	nop
  45  0023              #line 45 "E:\hamed\touch2\touch-RGB-2key\clock-temp-touch\DELAY.h"
  45  0023  0F01        	mov a,1
  45  0024  0380     E  	addm a,rd
  45  0025  0F00        	mov a,0
  45  0026  1380     E  	adcm a,re
  45  0027  1380     E  	adcm a,rf
  45  0028  1380     E  	adcm a,rg
  45  0029              _L9:
  45  0029  0700     E  	mov a,rd
  45  002A  0200     R  	sub a,_delay_ms_2[4]
  45  002B  0700     E  	mov a,re
  45  002C  1200     R  	sbc a,_delay_ms_2[5]
  45  002D  0700     E  	mov a,rf
"File: DELAY.h       Assembler  Version HGASM0202      Page 5

  45  002E  1200     R  	sbc a,_delay_ms_2[6]
  45  002F  0700     E  	mov a,rg
  45  0030  1200     R  	sbc a,_delay_ms_2[7]
  45  0031  3B0A        	snz cz
  45  0032  2800     R  	jmp _L10
  45  0033  0003        	ret
  45  0034              _delay_ms endp
  45  0034              #line 45 "E:\hamed\touch2\touch-RGB-2key\clock-temp-touch\DELAY.h"
  45  0034              #pragma debug scope 1 1
  45  0034              ___pbc equ [25]
  45  0034              ___pec equ [113]
  45  0034              ___pac equ [21]
  45  0034              ___pcc equ [37]
  45  0034              ___pepu equ [114]
  45  0034              public _IO_INIT
  45  0034              #pragma debug scope 5 1

  23  0034              #line 23 "E:\hamed\touch2\touch-RGB-2key\clock-temp-touch\IO.h"
  23  0000              _IO_INIT .section 'code'
  23  0000              _IO_INIT proc
  24  0000              #line 24 "E:\hamed\touch2\touch-RGB-2key\clock-temp-touch\IO.h"
  24  0000  3599        	clr [25].3
  24  0001  3519        	clr [25].2
  24  0002  3499        	clr [25].1
  24  0003  34F1        	clr [113].1
  24  0004  3619        	clr [25].4
  24  0005  3799        	clr [25].7
  24  0006  3699        	clr [25].5
  24  0007  3671        	clr [113].4
  24  0008  35F1        	clr [113].3
  24  0009  3415        	clr [21].0
  24  000A  3515        	clr [21].2
  24  000B  3715        	clr [21].6
  24  000C  3795        	clr [21].7
  24  000D  3525        	clr [37].2
  24  000E  3471        	clr [113].0
  24  000F  35A5        	clr [37].3
  24  0010  3495        	clr [21].1
  24  0011  3571        	clr [113].2
  24  0012  3695        	clr [21].5
  24  0013  3719        	clr [25].6
  24  0014  32F1        	set [113].5
  24  0015  32F2        	set [114].5
  25  0016              #line 25 "E:\hamed\touch2\touch-RGB-2key\clock-temp-touch\IO.h"
  25  0016              ;# 25 "E:\hamed\touch2\touch-RGB-2key\clock-temp-touch\IO.h" 1
  25  0016              	IF 100>263690
  25  0016              ;# 25 "E:\hamed\touch2\touch-RGB-2key\clock-temp-touch\IO.h" 1
  25  0016              	ERRMESSAGE 'the value 100of the argument exceeds the maxinum 263690'
  25  0016              	ENDIF
  25  0016              ;# 25 "E:\hamed\touch2\touch-RGB-2key\clock-temp-touch\IO.h" 1
  25  0016              	IF 100<0
  25  0016              ;# 25 "E:\hamed\touch2\touch-RGB-2key\clock-temp-touch\IO.h" 1
  25  0016              	ERRMESSAGE 'the value 100 of the argument exceeds the mininum 0'
  25  0016              	ENDIF
  25  0016              ;# 25 "E:\hamed\touch2\touch-RGB-2key\clock-temp-touch\IO.h" 1
  25  0016              	IF 100==0
  25  0016              ;# 25 "E:\hamed\touch2\touch-RGB-2key\clock-temp-touch\IO.h" 1
  25  0016              	JMP $
  25  0016              	ENDIF
  25  0016              ;# 25 "E:\hamed\touch2\touch-RGB-2key\clock-temp-touch\IO.h" 1
"File: IO.h          Assembler  Version HGASM0202      Page 6

  25  0016              	IF 100==1
  25  0016              ;# 25 "E:\hamed\touch2\touch-RGB-2key\clock-temp-touch\IO.h" 1
  25  0016              	NOP
  25  0016              	ENDIF
  25  0016              ;# 25 "E:\hamed\touch2\touch-RGB-2key\clock-temp-touch\IO.h" 1
  25  0016              	IF 100==2
  25  0016              ;# 25 "E:\hamed\touch2\touch-RGB-2key\clock-temp-touch\IO.h" 1
  25  0016              	NOP
  25  0016              ;# 25 "E:\hamed\touch2\touch-RGB-2key\clock-temp-touch\IO.h" 1
  25  0016              	NOP
  25  0016              	ENDIF
  25  0016              ;# 25 "E:\hamed\touch2\touch-RGB-2key\clock-temp-touch\IO.h" 1
  25  0016              	IF 100==3
  25  0016              ;# 25 "E:\hamed\touch2\touch-RGB-2key\clock-temp-touch\IO.h" 1
  25  0016              	NOP
  25  0016              ;# 25 "E:\hamed\touch2\touch-RGB-2key\clock-temp-touch\IO.h" 1
  25  0016              	NOP
  25  0016              ;# 25 "E:\hamed\touch2\touch-RGB-2key\clock-temp-touch\IO.h" 1
  25  0016              	NOP
  25  0016              	ENDIF
  25  0016              ;# 25 "E:\hamed\touch2\touch-RGB-2key\clock-temp-touch\IO.h" 1
  25  0016              	IF (100<8) AND (100>3)
  25  0016              ;# 25 "E:\hamed\touch2\touch-RGB-2key\clock-temp-touch\IO.h" 1
  25  0016              	CALL __DELAY3 + 7 -100
  25  0016              	ENDIF
  25  0016              ;# 25 "E:\hamed\touch2\touch-RGB-2key\clock-temp-touch\IO.h" 1
  25  0016              	IF (100< 0404h) AND (100>7)
  25  0016              ;# 25 "E:\hamed\touch2\touch-RGB-2key\clock-temp-touch\IO.h" 1
  25  0016  0F18        	MOV A,100/4-1
  25  0017              ;# 25 "E:\hamed\touch2\touch-RGB-2key\clock-temp-touch\IO.h" 1
  25  0017  2000     E  	CALL __DELAYX3 + 3 -(100 MOD 4)
  25  0018              	ENDIF
  25  0018              ;# 25 "E:\hamed\touch2\touch-RGB-2key\clock-temp-touch\IO.h" 1
  25  0018              	IF (100< 0x40B) AND (100> 0403h)
  25  0018              ;# 25 "E:\hamed\touch2\touch-RGB-2key\clock-temp-touch\IO.h" 1
  25  0018              	MOV A,0 
  25  0018              ;# 25 "E:\hamed\touch2\touch-RGB-2key\clock-temp-touch\IO.h" 1
  25  0018              	CALL __DELAYX6 + 0x40a -100
  25  0018              	ENDIF
  25  0018              ;# 25 "E:\hamed\touch2\touch-RGB-2key\clock-temp-touch\IO.h" 1
  25  0018              	IF (100 >= 0x40b) AND ((((100-9)%0402h)/4+1)>256)
  25  0018              ;# 25 "E:\hamed\touch2\touch-RGB-2key\clock-temp-touch\IO.h" 1
  25  0018              	MOV A,(100-9)/0402h
  25  0018              ;# 25 "E:\hamed\touch2\touch-RGB-2key\clock-temp-touch\IO.h" 1
  25  0018              	MOV _builtin_holtek_delay_2,A
  25  0018              ;# 25 "E:\hamed\touch2\touch-RGB-2key\clock-temp-touch\IO.h" 1
  25  0018              	MOV A,0
  25  0018              ;# 25 "E:\hamed\touch2\touch-RGB-2key\clock-temp-touch\IO.h" 1
  25  0018              	CALL __DELAYY5 +5- (((100-9)%0402h)%6)
  25  0018              	ENDIF
  25  0018              ;# 25 "E:\hamed\touch2\touch-RGB-2key\clock-temp-touch\IO.h" 1
  25  0018              	IF (100 >= 0x40b) AND ((((100-9)%0402h)/4+1)<=256)
  25  0018              ;# 25 "E:\hamed\touch2\touch-RGB-2key\clock-temp-touch\IO.h" 1
  25  0018              	MOV A,(100-9)/0402h
  25  0018              ;# 25 "E:\hamed\touch2\touch-RGB-2key\clock-temp-touch\IO.h" 1
  25  0018              	MOV _builtin_holtek_delay_2,A
  25  0018              ;# 25 "E:\hamed\touch2\touch-RGB-2key\clock-temp-touch\IO.h" 1
  25  0018              	MOV A,((100-9)%0402h)/4+1
  25  0018              ;# 25 "E:\hamed\touch2\touch-RGB-2key\clock-temp-touch\IO.h" 1
  25  0018              	CALL __DELAYY3 +3-(((100-9)%0402h)%4)
"File: IO.h          Assembler  Version HGASM0202      Page 7

  25  0018              	ENDIF
  25  0018  0003        	ret
  25  0019              _IO_INIT endp
  25  0019              #line 25 "E:\hamed\touch2\touch-RGB-2key\clock-temp-touch\IO.h"
  25  0019              #pragma debug scope 1 1
  25  0019              ___pb equ [24]
  25  0019              ___pe equ [112]
  25  0019              public _Displayer
  25  0019              #pragma debug scope 6 1
  40  0019              #line 40 "E:\hamed\touch2\touch-RGB-2key\clock-temp-touch\IO.h"
  40  0000              _Displayer .section 'code'
  40  0000              _Displayer proc
  40  0000  00              local _Displayer_2 db 1 dup(?)	; 0,1
  40  0000  0080     E  	mov ra,a
  40  0001  0080     R  	mov _Displayer_2[0],a
  40  0002              #pragma debug variable 7 6 _Displayer_2+0 "Select"
  41  0002              #line 41 "E:\hamed\touch2\touch-RGB-2key\clock-temp-touch\IO.h"
  41  0002  0700     E  	mov a,ra
  41  0003  0A00        	sub a,0
  41  0004  3D0A        	sz z
  41  0005  2800     R  	jmp _L14
  41  0006  0A01        	sub a,(1)-(0)
  41  0007  3D0A        	sz z
  41  0008  2800     R  	jmp _L15
  41  0009              #line 41 "E:\hamed\touch2\touch-RGB-2key\clock-temp-touch\IO.h"
  41  0009  0700     E  	mov a,ra
  41  000A  0A02        	sub a,2
  41  000B  3D0A        	sz z
  41  000C  2800     R  	jmp _L16
  41  000D  0A01        	sub a,(3)-(2)
  41  000E  3D0A        	sz z
  41  000F  2800     R  	jmp _L17
  41  0010  0700     E  	mov a,ra
  41  0011  0A04        	sub a,4
  41  0012  3D0A        	sz z
  41  0013  2800     R  	jmp _L18
  41  0014  0A01        	sub a,(5)-(4)
  41  0015  3D0A        	sz z
  41  0016  2800     R  	jmp _L19
  41  0017  0700     E  	mov a,ra
  41  0018  0A06        	sub a,6
  41  0019  3D0A        	sz z
  41  001A  2800     R  	jmp _L20
  41  001B  0A01        	sub a,(7)-(6)
  41  001C  3D0A        	sz z
  41  001D  2800     R  	jmp _L21
  41  001E  0700     E  	mov a,ra
  41  001F  0A08        	sub a,8
  41  0020  3D0A        	sz z
  41  0021  2800     R  	jmp _L22
  41  0022  0A01        	sub a,(9)-(8)
  41  0023  3D0A        	sz z
  41  0024  2800     R  	jmp _L23
  41  0025  0700     E  	mov a,ra
  41  0026  0A0C        	sub a,12
  41  0027  3D0A        	sz z
  41  0028  2800     R  	jmp _L24
  41  0029  0A03        	sub a,(15)-(12)
  41  002A  3D0A        	sz z
  41  002B  2800     R  	jmp _L25
"File: IO.h          Assembler  Version HGASM0202      Page 8

  41  002C  0700     E  	mov a,ra
  41  002D  0A28        	sub a,40
  41  002E  390A        	snz z
  41  002F  2800     R  	jmp _L12
  59  0030              #line 59 "E:\hamed\touch2\touch-RGB-2key\clock-temp-touch\IO.h"
  59  0030  3198        	set [24].3
  59  0031  3118        	set [24].2
  59  0032  3498        	clr [24].1
  59  0033  30F0        	set [112].1
  59  0034  2800     R  	jmp _L31
  59  0035              _L14:
  43  0035              #line 43 "E:\hamed\touch2\touch-RGB-2key\clock-temp-touch\IO.h"
  43  0035  3598        	clr [24].3
  43  0036  3518        	clr [24].2
  43  0037  3498        	clr [24].1
  43  0038  2800     R  	jmp _L27
  43  0039              _L15:
  44  0039              #line 44 "E:\hamed\touch2\touch-RGB-2key\clock-temp-touch\IO.h"
  44  0039  3198        	set [24].3
  44  003A  2800     R  	jmp _L32
  44  003B              _L16:
  45  003B              #line 45 "E:\hamed\touch2\touch-RGB-2key\clock-temp-touch\IO.h"
  45  003B  3598        	clr [24].3
  45  003C  3518        	clr [24].2
  45  003D  3098        	set [24].1
  45  003E  34F0        	clr [112].1
  45  003F  2800     R  	jmp _L31
  45  0040              _L17:
  46  0040              #line 46 "E:\hamed\touch2\touch-RGB-2key\clock-temp-touch\IO.h"
  46  0040  3598        	clr [24].3
  46  0041  3518        	clr [24].2
  46  0042  3498        	clr [24].1
  46  0043  34F0        	clr [112].1
  46  0044  3218        	set [24].4
  46  0045  2800     R  	jmp _L30
  46  0046              _L18:
  47  0046              #line 47 "E:\hamed\touch2\touch-RGB-2key\clock-temp-touch\IO.h"
  47  0046  3198        	set [24].3
  47  0047  3518        	clr [24].2
  47  0048  3498        	clr [24].1
  47  0049  30F0        	set [112].1
  47  004A  2800     R  	jmp _L36
  47  004B              _L19:
  48  004B              #line 48 "E:\hamed\touch2\touch-RGB-2key\clock-temp-touch\IO.h"
  48  004B  3598        	clr [24].3
  48  004C  3118        	set [24].2
  48  004D  2800     R  	jmp _L37
  48  004E              _L20:
  49  004E              #line 49 "E:\hamed\touch2\touch-RGB-2key\clock-temp-touch\IO.h"
  49  004E  3598        	clr [24].3
  49  004F  3118        	set [24].2
  49  0050  2800     R  	jmp _L35
  49  0051              _L21:
  50  0051              #line 50 "E:\hamed\touch2\touch-RGB-2key\clock-temp-touch\IO.h"
  50  0051  3598        	clr [24].3
  50  0052              _L32:
  50  0052  3518        	clr [24].2
  50  0053  3498        	clr [24].1
  50  0054  30F0        	set [112].1
  50  0055  3218        	set [24].4
"File: IO.h          Assembler  Version HGASM0202      Page 9

  50  0056  3398        	set [24].7
  50  0057  2800     R  	jmp _L29
  50  0058              _L22:
  51  0058              #line 51 "E:\hamed\touch2\touch-RGB-2key\clock-temp-touch\IO.h"
  51  0058  3598        	clr [24].3
  51  0059  3518        	clr [24].2
  51  005A              _L35:
  51  005A  3498        	clr [24].1
  51  005B  34F0        	clr [112].1
  51  005C  2800     R  	jmp _L34
  51  005D              _L23:
  52  005D              #line 52 "E:\hamed\touch2\touch-RGB-2key\clock-temp-touch\IO.h"
  52  005D  3598        	clr [24].3
  52  005E  3518        	clr [24].2
  52  005F              _L37:
  52  005F  3498        	clr [24].1
  52  0060  34F0        	clr [112].1
  52  0061              _L36:
  52  0061  3218        	set [24].4
  52  0062  2800     R  	jmp _L33
  52  0063              _L24:
  55  0063              #line 55 "E:\hamed\touch2\touch-RGB-2key\clock-temp-touch\IO.h"
  55  0063  3598        	clr [24].3
  55  0064  3118        	set [24].2
  55  0065  3098        	set [24].1
  55  0066              _L27:
  55  0066  34F0        	clr [112].1
  55  0067  3618        	clr [24].4
  55  0068  3798        	clr [24].7
  55  0069              _L29:
  55  0069  3298        	set [24].5
  55  006A  2800     R  	jmp _L12
  55  006B              _L25:
  58  006B              #line 58 "E:\hamed\touch2\touch-RGB-2key\clock-temp-touch\IO.h"
  58  006B  3598        	clr [24].3
  58  006C  3118        	set [24].2
  58  006D  3098        	set [24].1
  58  006E  30F0        	set [112].1
  58  006F              _L34:
  58  006F  3618        	clr [24].4
  58  0070              _L33:
  58  0070  3798        	clr [24].7
  58  0071  2800     R  	jmp _L28
  58  0072              _L31:
  59  0072              #line 59 "E:\hamed\touch2\touch-RGB-2key\clock-temp-touch\IO.h"
  59  0072  3618        	clr [24].4
  59  0073              _L30:
  59  0073  3398        	set [24].7
  59  0074              _L28:
  59  0074  3698        	clr [24].5
  59  0075              _L12:
  59  0075  0003        	ret
  59  0076              _Displayer endp
  59  0076              #line 59 "E:\hamed\touch2\touch-RGB-2key\clock-temp-touch\IO.h"
  59  0076              #pragma debug scope 1 1
  59  0076              public _Math
  59  0076              #pragma debug scope 7 1
  68  0076              #line 68 "E:\hamed\touch2\touch-RGB-2key\clock-temp-touch\IO.h"
  68  0000              _Math .section 'code'
  68  0000              _Math proc
"File: IO.h          Assembler  Version HGASM0202      Page 10

  70  0000              #line 70 "E:\hamed\touch2\touch-RGB-2key\clock-temp-touch\IO.h"
  70  0000  1F00     E  	clr _builtin_holtek_udivmodqi4_2[3]
  70  0001  0700     R  	mov a,_Hrs[0]
  70  0002  0080     E  	mov _builtin_holtek_udivmodqi4_2[0],a
  70  0003  0F0A        	mov a,10
  70  0004  0080     E  	mov _builtin_holtek_udivmodqi4_2[1],a
  70  0005  2000     E  	call _builtin_holtek_udivmodqi4
  70  0006  0700     E  	mov a,_builtin_holtek_udivmodqi4_2[0]
  70  0007  0080     R  	mov _H1[0],a
  71  0008              #line 71 "E:\hamed\touch2\touch-RGB-2key\clock-temp-touch\IO.h"
  71  0008  1F00     E  	clr _builtin_holtek_udivmodqi4_2[3]
  71  0009  0700     R  	mov a,_Hrs[0]
  71  000A  0080     E  	mov _builtin_holtek_udivmodqi4_2[0],a
  71  000B  0F0A        	mov a,10
  71  000C  0080     E  	mov _builtin_holtek_udivmodqi4_2[1],a
  71  000D  2000     E  	call _builtin_holtek_udivmodqi4
  71  000E  0700     E  	mov a,_builtin_holtek_udivmodqi4_2[2]
  71  000F  0080     R  	mov _H2[0],a
  72  0010              #line 72 "E:\hamed\touch2\touch-RGB-2key\clock-temp-touch\IO.h"
  72  0010  1F00     E  	clr _builtin_holtek_udivmodqi4_2[3]
  72  0011  0700     R  	mov a,_Min[0]
  72  0012  0080     E  	mov _builtin_holtek_udivmodqi4_2[0],a
  72  0013  0F0A        	mov a,10
  72  0014  0080     E  	mov _builtin_holtek_udivmodqi4_2[1],a
  72  0015  2000     E  	call _builtin_holtek_udivmodqi4
  72  0016  0700     E  	mov a,_builtin_holtek_udivmodqi4_2[0]
  72  0017  0080     R  	mov _N1[0],a
  73  0018              #line 73 "E:\hamed\touch2\touch-RGB-2key\clock-temp-touch\IO.h"
  73  0018  1F00     E  	clr _builtin_holtek_udivmodqi4_2[3]
  73  0019  0700     R  	mov a,_Min[0]
  73  001A  0080     E  	mov _builtin_holtek_udivmodqi4_2[0],a
  73  001B  0F0A        	mov a,10
  73  001C  0080     E  	mov _builtin_holtek_udivmodqi4_2[1],a
  73  001D  2000     E  	call _builtin_holtek_udivmodqi4
  73  001E  0700     E  	mov a,_builtin_holtek_udivmodqi4_2[2]
  73  001F  0080     R  	mov _N2[0],a
  73  0020  0003        	ret
  73  0021              _Math endp
  73  0021              #line 73 "E:\hamed\touch2\touch-RGB-2key\clock-temp-touch\IO.h"
  73  0021              #pragma debug scope 1 1
  73  0021              ___pa equ [20]
  73  0021              public _DispTimer
  73  0021              #pragma debug scope 8 1
  78  0021              #line 78 "E:\hamed\touch2\touch-RGB-2key\clock-temp-touch\IO.h"
  78  0000              _DispTimer .section 'code'
  78  0000              _DispTimer proc
  78  0000              public _DispTimer_2
  78  0000  0003[           local _DispTimer_2 db 3 dup(?)	; 1,2
            00
            ]
  78  0000  0080     R  	mov _DispTimer_2[1],a
  78  0001              #pragma debug variable 7 8 _DispTimer_2+1 "Blk1"
  78  0001              #pragma debug variable 7 8 _DispTimer_2+0 "Blk2"
  79  0001              #line 79 "E:\hamed\touch2\touch-RGB-2key\clock-temp-touch\IO.h"
  79  0001  1480     R  	inc _Disp[0]
  80  0002              #line 80 "E:\hamed\touch2\touch-RGB-2key\clock-temp-touch\IO.h"
  80  0002  0700     R  	mov a,_Disp[0]
  80  0003  0080     R  	mov _DispTimer_2[2],a
  80  0004  0700     R  	mov a,_DispTimer_2[2]
  80  0005  0A05        	sub a,5
"File: IO.h          Assembler  Version HGASM0202      Page 11

  80  0006  3D0A        	sz z
  80  0007  2800     R  	jmp _L41
  80  0008  0A05        	sub a,(10)-(5)
  80  0009  3D0A        	sz z
  80  000A  2800     R  	jmp _L42
  80  000B              #line 80 "E:\hamed\touch2\touch-RGB-2key\clock-temp-touch\IO.h"
  80  000B  0700     R  	mov a,_DispTimer_2[2]
  80  000C  0A0F        	sub a,15
  80  000D  3D0A        	sz z
  80  000E  2800     R  	jmp _L43
  80  000F  0700     R  	mov a,_DispTimer_2[2]
  80  0010  0A14        	sub a,20
  80  0011  390A        	snz z
  80  0012  2800     R  	jmp _L49
  80  0013  2800     R  	jmp _L53
  80  0014              _L41:
  82  0014              #line 82 "E:\hamed\touch2\touch-RGB-2key\clock-temp-touch\IO.h"
  82  0014  3670        	clr [112].4
  82  0015  35F0        	clr [112].3
  82  0016  3414        	clr [20].0
  82  0017  3514        	clr [20].2
  82  0018  3714        	clr [20].6
  82  0019  1700     R  	sdza _DispTimer_2[1]
  82  001A  2800     R  	jmp _L39
  82  001B  0700     R  	mov a,_H1[0]
  82  001C  0080     E  	mov ra,a
  82  001D  0700     E  	mov a,ra
  82  001E  2000     R  	call _Displayer
  82  001F  3670        	clr [112].4
  82  0020  35F0        	clr [112].3
  82  0021  3414        	clr [20].0
  82  0022  3114        	set [20].2
  82  0023  2800     R  	jmp _L50
  82  0024              _L42:
  83  0024              #line 83 "E:\hamed\touch2\touch-RGB-2key\clock-temp-touch\IO.h"
  83  0024  3670        	clr [112].4
  83  0025  35F0        	clr [112].3
  83  0026  3414        	clr [20].0
  83  0027  3514        	clr [20].2
  83  0028  3714        	clr [20].6
  83  0029  1700     R  	sdza _DispTimer_2[1]
  83  002A  2800     R  	jmp _L39
  83  002B  0700     R  	mov a,_H2[0]
  83  002C  0080     E  	mov ra,a
  83  002D  0700     E  	mov a,ra
  83  002E  2000     R  	call _Displayer
  83  002F  3670        	clr [112].4
  83  0030  35F0        	clr [112].3
  83  0031  3014        	set [20].0
  83  0032  2800     R  	jmp _L51
  83  0033              _L43:
  84  0033              #line 84 "E:\hamed\touch2\touch-RGB-2key\clock-temp-touch\IO.h"
  84  0033  3670        	clr [112].4
  84  0034  35F0        	clr [112].3
  84  0035  3414        	clr [20].0
  84  0036  3514        	clr [20].2
  84  0037  3714        	clr [20].6
  84  0038  1700     R  	sdza _DispTimer_2[0]
  84  0039  2800     R  	jmp _L39
  84  003A  0700     R  	mov a,_N1[0]
"File: IO.h          Assembler  Version HGASM0202      Page 12

  84  003B  0080     E  	mov ra,a
  84  003C  0700     E  	mov a,ra
  84  003D  2000     R  	call _Displayer
  84  003E  3670        	clr [112].4
  84  003F  31F0        	set [112].3
  84  0040  2800     R  	jmp _L52
  84  0041              _L53:
  85  0041              #line 85 "E:\hamed\touch2\touch-RGB-2key\clock-temp-touch\IO.h"
  85  0041  3670        	clr [112].4
  85  0042  35F0        	clr [112].3
  85  0043  3414        	clr [20].0
  85  0044  3514        	clr [20].2
  85  0045  3714        	clr [20].6
  85  0046  1700     R  	sdza _DispTimer_2[0]
  85  0047  2800     R  	jmp _L48
  85  0048  0700     R  	mov a,_N2[0]
  85  0049  0080     E  	mov ra,a
  85  004A  0700     E  	mov a,ra
  85  004B  2000     R  	call _Displayer
  85  004C  1F00     E  	clr ra
  85  004D  3C00     R  	sz _Dot
  85  004E  3000     E  	set ra.0
  85  004F  1100     E  	swapa ra
  85  0050  1885        	rl acc
  85  0051  0EE0        	and a,0e0h
  85  0052  0080     E  	mov ra,a
  85  0053  3694        	clr [20].5
  85  0054  0700     E  	mov a,ra
  85  0055  0594        	orm a,[20]
  85  0056  3270        	set [112].4
  85  0057  35F0        	clr [112].3
  85  0058  3414        	clr [20].0
  85  0059  3514        	clr [20].2
  85  005A  3714        	clr [20].6
  85  005B              _L48:
  85  005B  1F00     R  	clr _Disp[0]
  85  005C  2800     R  	jmp _L39
  85  005D              _L49:
  86  005D              #line 86 "E:\hamed\touch2\touch-RGB-2key\clock-temp-touch\IO.h"
  86  005D  3800     R  	snz _Litgh
  86  005E  2800     R  	jmp _L39
  86  005F  3670        	clr [112].4
  86  0060  35F0        	clr [112].3
  86  0061              _L52:
  86  0061  3414        	clr [20].0
  86  0062              _L51:
  86  0062  3514        	clr [20].2
  86  0063              _L50:
  86  0063  3714        	clr [20].6
  86  0064              _L39:
  86  0064  0003        	ret
  86  0065              _DispTimer endp
  86  0065              #line 86 "E:\hamed\touch2\touch-RGB-2key\clock-temp-touch\IO.h"
  86  0065              #pragma debug scope 1 1
  86  0065              public _DispTemp
  86  0065              #pragma debug scope 9 1
  91  0065              #line 91 "E:\hamed\touch2\touch-RGB-2key\clock-temp-touch\IO.h"
  91  0000              _DispTemp .section 'code'
  91  0000              _DispTemp proc
  91  0000  00              local _DispTemp_2 db 1 dup(?)	; 0,1
"File: IO.h          Assembler  Version HGASM0202      Page 13

  92  0001              #line 92 "E:\hamed\touch2\touch-RGB-2key\clock-temp-touch\IO.h"
  92  0000  1480     R  	inc _Disp[0]
  93  0001              #line 93 "E:\hamed\touch2\touch-RGB-2key\clock-temp-touch\IO.h"
  93  0001  0700     R  	mov a,_Disp[0]
  93  0002  0080     R  	mov _DispTemp_2[0],a
  93  0003  0700     R  	mov a,_DispTemp_2[0]
  93  0004  0A05        	sub a,5
  93  0005  3D0A        	sz z
  93  0006  2800     R  	jmp _L56
  93  0007  0A05        	sub a,(10)-(5)
  93  0008  3D0A        	sz z
  93  0009  2800     R  	jmp _L57
  93  000A              #line 93 "E:\hamed\touch2\touch-RGB-2key\clock-temp-touch\IO.h"
  93  000A  0700     R  	mov a,_DispTemp_2[0]
  93  000B  0A0F        	sub a,15
  93  000C  390A        	snz z
  93  000D  2800     R  	jmp _L60
  97  000E              #line 97 "E:\hamed\touch2\touch-RGB-2key\clock-temp-touch\IO.h"
  97  000E  3670        	clr [112].4
  97  000F  35F0        	clr [112].3
  97  0010  3414        	clr [20].0
  97  0011  3514        	clr [20].2
  97  0012  3714        	clr [20].6
  97  0013  3718        	clr [24].6
  97  0014  0F0C        	mov a,12
  97  0015  2000     R  	call _Displayer
  97  0016  3270        	set [112].4
  97  0017  35F0        	clr [112].3
  97  0018  3414        	clr [20].0
  97  0019  3514        	clr [20].2
  97  001A  3714        	clr [20].6
  97  001B  1F00     R  	clr _Disp[0]
  97  001C  2800     R  	jmp _L54
  97  001D              _L56:
  95  001D              #line 95 "E:\hamed\touch2\touch-RGB-2key\clock-temp-touch\IO.h"
  95  001D  3670        	clr [112].4
  95  001E  35F0        	clr [112].3
  95  001F  3414        	clr [20].0
  95  0020  3514        	clr [20].2
  95  0021  3714        	clr [20].6
  95  0022  0700     R  	mov a,_T1[0]
  95  0023  0080     E  	mov ra,a
  95  0024  0700     E  	mov a,ra
  95  0025  2000     R  	call _Displayer
  95  0026  3670        	clr [112].4
  95  0027  35F0        	clr [112].3
  95  0028  3014        	set [20].0
  95  0029  2800     R  	jmp _L61
  95  002A              _L57:
  96  002A              #line 96 "E:\hamed\touch2\touch-RGB-2key\clock-temp-touch\IO.h"
  96  002A  3670        	clr [112].4
  96  002B  35F0        	clr [112].3
  96  002C  3414        	clr [20].0
  96  002D  3514        	clr [20].2
  96  002E  3714        	clr [20].6
  96  002F  0700     R  	mov a,_T2[0]
  96  0030  0080     E  	mov ra,a
  96  0031  0700     E  	mov a,ra
  96  0032  2000     R  	call _Displayer
  96  0033  3670        	clr [112].4
"File: IO.h          Assembler  Version HGASM0202      Page 14

  96  0034  31F0        	set [112].3
  96  0035  2800     R  	jmp _L62
  96  0036              _L60:
  98  0036              #line 98 "E:\hamed\touch2\touch-RGB-2key\clock-temp-touch\IO.h"
  98  0036  3800     R  	snz _Litgh
  98  0037  2800     R  	jmp _L54
  98  0038  3670        	clr [112].4
  98  0039  35F0        	clr [112].3
  98  003A              _L62:
  98  003A  3414        	clr [20].0
  98  003B              _L61:
  98  003B  3514        	clr [20].2
  98  003C  3714        	clr [20].6
  98  003D              _L54:
  98  003D  0003        	ret
  98  003E              _DispTemp endp
  98  003E              #line 98 "E:\hamed\touch2\touch-RGB-2key\clock-temp-touch\IO.h"
  98  003E              #pragma debug scope 1 1
  98  003E              public _DispYear
  98  003E              #pragma debug scope 10 1
 105  003E              #line 105 "E:\hamed\touch2\touch-RGB-2key\clock-temp-touch\IO.h"
 105  0000              _DispYear .section 'code'
 105  0000              _DispYear proc
 105  0000  00              local _DispYear_2 db 1 dup(?)	; 0,1
 106  0001              #line 106 "E:\hamed\touch2\touch-RGB-2key\clock-temp-touch\IO.h"
 106  0000  3800     R  	snz _Belinker
 106  0001  2800     R  	jmp _L64
 106  0002              #line 106 "E:\hamed\touch2\touch-RGB-2key\clock-temp-touch\IO.h"
 106  0002  1480     R  	inc _Disp[0]
 106  0003  2800     R  	jmp _L65
 106  0004              _L64:
 106  0004  0F19        	mov a,25
 106  0005  0080     R  	mov _Disp[0],a
 106  0006              _L65:
 107  0006              #line 107 "E:\hamed\touch2\touch-RGB-2key\clock-temp-touch\IO.h"
 107  0006  0700     R  	mov a,_Disp[0]
 107  0007  0080     R  	mov _DispYear_2[0],a
 107  0008  0700     R  	mov a,_DispYear_2[0]
 107  0009  0A05        	sub a,5
 107  000A  3D0A        	sz z
 107  000B  2800     R  	jmp _L67
 107  000C  0A05        	sub a,(10)-(5)
 107  000D  3D0A        	sz z
 107  000E  2800     R  	jmp _L68
 107  000F  0700     R  	mov a,_DispYear_2[0]
 107  0010  0A0F        	sub a,15
 107  0011  3D0A        	sz z
 107  0012  2800     R  	jmp _L69
 107  0013  0A05        	sub a,(20)-(15)
 107  0014  3D0A        	sz z
 107  0015  2800     R  	jmp _L70
 107  0016  0700     R  	mov a,_DispYear_2[0]
 107  0017  0A19        	sub a,25
 107  0018  390A        	snz z
 107  0019  2800     R  	jmp _L73
 113  001A              #line 113 "E:\hamed\touch2\touch-RGB-2key\clock-temp-touch\IO.h"
 113  001A  3670        	clr [112].4
 113  001B  35F0        	clr [112].3
 113  001C  3414        	clr [20].0
 113  001D  3514        	clr [20].2
"File: IO.h          Assembler  Version HGASM0202      Page 15

 113  001E  3714        	clr [20].6
 113  001F  1F00     R  	clr _Disp[0]
 113  0020  2800     R  	jmp _L63
 113  0021              _L67:
 109  0021              #line 109 "E:\hamed\touch2\touch-RGB-2key\clock-temp-touch\IO.h"
 109  0021  3670        	clr [112].4
 109  0022  35F0        	clr [112].3
 109  0023  3414        	clr [20].0
 109  0024  3514        	clr [20].2
 109  0025  3714        	clr [20].6
 109  0026  0700     R  	mov a,_Y1[0]
 109  0027  0080     E  	mov ra,a
 109  0028  0700     E  	mov a,ra
 109  0029  2000     R  	call _Displayer
 109  002A  3670        	clr [112].4
 109  002B  35F0        	clr [112].3
 109  002C  3414        	clr [20].0
 109  002D  3114        	set [20].2
 109  002E  2800     R  	jmp _L74
 109  002F              _L68:
 110  002F              #line 110 "E:\hamed\touch2\touch-RGB-2key\clock-temp-touch\IO.h"
 110  002F  3670        	clr [112].4
 110  0030  35F0        	clr [112].3
 110  0031  3414        	clr [20].0
 110  0032  3514        	clr [20].2
 110  0033  3714        	clr [20].6
 110  0034  0700     R  	mov a,_Y2[0]
 110  0035  0080     E  	mov ra,a
 110  0036  0700     E  	mov a,ra
 110  0037  2000     R  	call _Displayer
 110  0038  3670        	clr [112].4
 110  0039  35F0        	clr [112].3
 110  003A  3014        	set [20].0
 110  003B  2800     R  	jmp _L75
 110  003C              _L69:
 111  003C              #line 111 "E:\hamed\touch2\touch-RGB-2key\clock-temp-touch\IO.h"
 111  003C  3670        	clr [112].4
 111  003D  35F0        	clr [112].3
 111  003E  3414        	clr [20].0
 111  003F  3514        	clr [20].2
 111  0040  3714        	clr [20].6
 111  0041  0700     R  	mov a,_Y3[0]
 111  0042  0080     E  	mov ra,a
 111  0043  0700     E  	mov a,ra
 111  0044  2000     R  	call _Displayer
 111  0045  3670        	clr [112].4
 111  0046  31F0        	set [112].3
 111  0047  2800     R  	jmp _L77
 111  0048              _L70:
 112  0048              #line 112 "E:\hamed\touch2\touch-RGB-2key\clock-temp-touch\IO.h"
 112  0048  3670        	clr [112].4
 112  0049  35F0        	clr [112].3
 112  004A  3414        	clr [20].0
 112  004B  3514        	clr [20].2
 112  004C  3714        	clr [20].6
 112  004D  0700     R  	mov a,_Y4[0]
 112  004E  0080     E  	mov ra,a
 112  004F  0700     E  	mov a,ra
 112  0050  2000     R  	call _Displayer
 112  0051  3270        	set [112].4
"File: IO.h          Assembler  Version HGASM0202      Page 16

 112  0052  2800     R  	jmp _L76
 112  0053              _L73:
 114  0053              #line 114 "E:\hamed\touch2\touch-RGB-2key\clock-temp-touch\IO.h"
 114  0053  3800     R  	snz _Litgh
 114  0054  2800     R  	jmp _L63
 114  0055  3670        	clr [112].4
 114  0056              _L76:
 114  0056  35F0        	clr [112].3
 114  0057              _L77:
 114  0057  3414        	clr [20].0
 114  0058              _L75:
 114  0058  3514        	clr [20].2
 114  0059              _L74:
 114  0059  3714        	clr [20].6
 114  005A              _L63:
 114  005A  0003        	ret
 114  005B              _DispYear endp
 114  005B              #line 114 "E:\hamed\touch2\touch-RGB-2key\clock-temp-touch\IO.h"
 114  005B              #pragma debug scope 1 1
 114  005B              public _DispDate
 114  005B              #pragma debug scope 11 1
 119  005B              #line 119 "E:\hamed\touch2\touch-RGB-2key\clock-temp-touch\IO.h"
 119  0000              _DispDate .section 'code'
 119  0000              _DispDate proc
 119  0000              public _DispDate_2
 119  0000  0003[           local _DispDate_2 db 3 dup(?)	; 1,2
            00
            ]
 119  0000  0080     R  	mov _DispDate_2[1],a
 119  0001              #pragma debug variable 7 11 _DispDate_2+1 "Blk1"
 119  0001              #pragma debug variable 7 11 _DispDate_2+0 "Blk2"
 120  0001              #line 120 "E:\hamed\touch2\touch-RGB-2key\clock-temp-touch\IO.h"
 120  0001  1480     R  	inc _Disp[0]
 121  0002              #line 121 "E:\hamed\touch2\touch-RGB-2key\clock-temp-touch\IO.h"
 121  0002  0700     R  	mov a,_Disp[0]
 121  0003  0080     R  	mov _DispDate_2[2],a
 121  0004  0700     R  	mov a,_DispDate_2[2]
 121  0005  0A05        	sub a,5
 121  0006  3D0A        	sz z
 121  0007  2800     R  	jmp _L80
 121  0008  0A05        	sub a,(10)-(5)
 121  0009  3D0A        	sz z
 121  000A  2800     R  	jmp _L81
 121  000B              #line 121 "E:\hamed\touch2\touch-RGB-2key\clock-temp-touch\IO.h"
 121  000B  0700     R  	mov a,_DispDate_2[2]
 121  000C  0A0F        	sub a,15
 121  000D  3D0A        	sz z
 121  000E  2800     R  	jmp _L82
 121  000F  0A05        	sub a,(20)-(15)
 121  0010  3D0A        	sz z
 121  0011  2800     R  	jmp _L83
 121  0012  0700     R  	mov a,_DispDate_2[2]
 121  0013  0A19        	sub a,25
 121  0014  390A        	snz z
 121  0015  2800     R  	jmp _L88
 127  0016              #line 127 "E:\hamed\touch2\touch-RGB-2key\clock-temp-touch\IO.h"
 127  0016  3670        	clr [112].4
 127  0017  35F0        	clr [112].3
 127  0018  3414        	clr [20].0
 127  0019  3514        	clr [20].2
"File: IO.h          Assembler  Version HGASM0202      Page 17

 127  001A  3714        	clr [20].6
 127  001B  1F00     R  	clr _Disp[0]
 127  001C  2800     R  	jmp _L78
 127  001D              _L80:
 123  001D              #line 123 "E:\hamed\touch2\touch-RGB-2key\clock-temp-touch\IO.h"
 123  001D  3670        	clr [112].4
 123  001E  35F0        	clr [112].3
 123  001F  3414        	clr [20].0
 123  0020  3514        	clr [20].2
 123  0021  3714        	clr [20].6
 123  0022  1700     R  	sdza _DispDate_2[1]
 123  0023  2800     R  	jmp _L78
 123  0024  0700     R  	mov a,_M1[0]
 123  0025  0080     E  	mov ra,a
 123  0026  0700     E  	mov a,ra
 123  0027  2000     R  	call _Displayer
 123  0028  3670        	clr [112].4
 123  0029  35F0        	clr [112].3
 123  002A  3414        	clr [20].0
 123  002B  3114        	set [20].2
 123  002C  2800     R  	jmp _L89
 123  002D              _L81:
 124  002D              #line 124 "E:\hamed\touch2\touch-RGB-2key\clock-temp-touch\IO.h"
 124  002D  3670        	clr [112].4
 124  002E  35F0        	clr [112].3
 124  002F  3414        	clr [20].0
 124  0030  3514        	clr [20].2
 124  0031  3714        	clr [20].6
 124  0032  1700     R  	sdza _DispDate_2[1]
 124  0033  2800     R  	jmp _L78
 124  0034  0700     R  	mov a,_M2[0]
 124  0035  0080     E  	mov ra,a
 124  0036  0700     E  	mov a,ra
 124  0037  2000     R  	call _Displayer
 124  0038  3670        	clr [112].4
 124  0039  35F0        	clr [112].3
 124  003A  3014        	set [20].0
 124  003B  2800     R  	jmp _L90
 124  003C              _L82:
 125  003C              #line 125 "E:\hamed\touch2\touch-RGB-2key\clock-temp-touch\IO.h"
 125  003C  3670        	clr [112].4
 125  003D  35F0        	clr [112].3
 125  003E  3414        	clr [20].0
 125  003F  3514        	clr [20].2
 125  0040  3714        	clr [20].6
 125  0041  1700     R  	sdza _DispDate_2[0]
 125  0042  2800     R  	jmp _L78
 125  0043  0700     R  	mov a,_D1[0]
 125  0044  0080     E  	mov ra,a
 125  0045  0700     E  	mov a,ra
 125  0046  2000     R  	call _Displayer
 125  0047  3670        	clr [112].4
 125  0048  31F0        	set [112].3
 125  0049  2800     R  	jmp _L92
 125  004A              _L83:
 126  004A              #line 126 "E:\hamed\touch2\touch-RGB-2key\clock-temp-touch\IO.h"
 126  004A  3670        	clr [112].4
 126  004B  35F0        	clr [112].3
 126  004C  3414        	clr [20].0
 126  004D  3514        	clr [20].2
"File: IO.h          Assembler  Version HGASM0202      Page 18

 126  004E  3714        	clr [20].6
 126  004F  1700     R  	sdza _DispDate_2[0]
 126  0050  2800     R  	jmp _L78
 126  0051  0700     R  	mov a,_D2[0]
 126  0052  0080     E  	mov ra,a
 126  0053  0700     E  	mov a,ra
 126  0054  2000     R  	call _Displayer
 126  0055  3270        	set [112].4
 126  0056  2800     R  	jmp _L91
 126  0057              _L88:
 128  0057              #line 128 "E:\hamed\touch2\touch-RGB-2key\clock-temp-touch\IO.h"
 128  0057  3800     R  	snz _Litgh
 128  0058  2800     R  	jmp _L78
 128  0059  3670        	clr [112].4
 128  005A              _L91:
 128  005A  35F0        	clr [112].3
 128  005B              _L92:
 128  005B  3414        	clr [20].0
 128  005C              _L90:
 128  005C  3514        	clr [20].2
 128  005D              _L89:
 128  005D  3714        	clr [20].6
 128  005E              _L78:
 128  005E  0003        	ret
 128  005F              _DispDate endp
 128  005F              #line 128 "E:\hamed\touch2\touch-RGB-2key\clock-temp-touch\IO.h"
 128  005F              #pragma debug scope 1 1
 128  005F              public _DispSetTimer
 128  005F              #pragma debug scope 12 1
 133  005F              #line 133 "E:\hamed\touch2\touch-RGB-2key\clock-temp-touch\IO.h"
 133  0000              _DispSetTimer .section 'code'
 133  0000              _DispSetTimer proc
 133  0000              public _DispSetTimer_2
 133  0000  0003[           local _DispSetTimer_2 db 3 dup(?)	; 1,2
            00
            ]
 133  0000  0080     R  	mov _DispSetTimer_2[1],a
 133  0001              #pragma debug variable 7 12 _DispSetTimer_2+1 "Blk1"
 133  0001              #pragma debug variable 7 12 _DispSetTimer_2+0 "Blk2"
 134  0001              #line 134 "E:\hamed\touch2\touch-RGB-2key\clock-temp-touch\IO.h"
 134  0001  1480     R  	inc _Disp[0]
 135  0002              #line 135 "E:\hamed\touch2\touch-RGB-2key\clock-temp-touch\IO.h"
 135  0002  0700     R  	mov a,_Disp[0]
 135  0003  0080     R  	mov _DispSetTimer_2[2],a
 135  0004  0700     R  	mov a,_DispSetTimer_2[2]
 135  0005  0A05        	sub a,5
 135  0006  3D0A        	sz z
 135  0007  2800     R  	jmp _L95
 135  0008  0A05        	sub a,(10)-(5)
 135  0009  3D0A        	sz z
 135  000A  2800     R  	jmp _L96
 135  000B              #line 135 "E:\hamed\touch2\touch-RGB-2key\clock-temp-touch\IO.h"
 135  000B  0700     R  	mov a,_DispSetTimer_2[2]
 135  000C  0A0F        	sub a,15
 135  000D  3D0A        	sz z
 135  000E  2800     R  	jmp _L97
 135  000F  0A05        	sub a,(20)-(15)
 135  0010  3D0A        	sz z
 135  0011  2800     R  	jmp _L98
 135  0012  0700     R  	mov a,_DispSetTimer_2[2]
"File: IO.h          Assembler  Version HGASM0202      Page 19

 135  0013  0A19        	sub a,25
 135  0014  390A        	snz z
 135  0015  2800     R  	jmp _L104
 135  0016  2800     R  	jmp _L109
 135  0017              _L95:
 137  0017              #line 137 "E:\hamed\touch2\touch-RGB-2key\clock-temp-touch\IO.h"
 137  0017  3670        	clr [112].4
 137  0018  35F0        	clr [112].3
 137  0019  3414        	clr [20].0
 137  001A  3514        	clr [20].2
 137  001B  3714        	clr [20].6
 137  001C  1700     R  	sdza _DispSetTimer_2[1]
 137  001D  2800     R  	jmp _L93
 137  001E  3198        	set [24].3
 137  001F  3118        	set [24].2
 137  0020  3098        	set [24].1
 137  0021  34F0        	clr [112].1
 137  0022  3618        	clr [24].4
 137  0023  3798        	clr [24].7
 137  0024  3698        	clr [24].5
 137  0025  3670        	clr [112].4
 137  0026  35F0        	clr [112].3
 137  0027  3414        	clr [20].0
 137  0028  3114        	set [20].2
 137  0029  2800     R  	jmp _L105
 137  002A              _L96:
 138  002A              #line 138 "E:\hamed\touch2\touch-RGB-2key\clock-temp-touch\IO.h"
 138  002A  3670        	clr [112].4
 138  002B  35F0        	clr [112].3
 138  002C  3414        	clr [20].0
 138  002D  3514        	clr [20].2
 138  002E  3714        	clr [20].6
 138  002F  1700     R  	sdza _DispSetTimer_2[1]
 138  0030  2800     R  	jmp _L93
 138  0031  0700     R  	mov a,_TM1[0]
 138  0032  0080     E  	mov ra,a
 138  0033  0700     E  	mov a,ra
 138  0034  2000     R  	call _Displayer
 138  0035  3670        	clr [112].4
 138  0036  35F0        	clr [112].3
 138  0037  3014        	set [20].0
 138  0038  2800     R  	jmp _L106
 138  0039              _L97:
 139  0039              #line 139 "E:\hamed\touch2\touch-RGB-2key\clock-temp-touch\IO.h"
 139  0039  3670        	clr [112].4
 139  003A  35F0        	clr [112].3
 139  003B  3414        	clr [20].0
 139  003C  3514        	clr [20].2
 139  003D  3714        	clr [20].6
 139  003E  1700     R  	sdza _DispSetTimer_2[0]
 139  003F  2800     R  	jmp _L93
 139  0040  0F00        	mov a,0
 139  0041  2000     R  	call _Displayer
 139  0042  3670        	clr [112].4
 139  0043  31F0        	set [112].3
 139  0044  2800     R  	jmp _L108
 139  0045              _L98:
 140  0045              #line 140 "E:\hamed\touch2\touch-RGB-2key\clock-temp-touch\IO.h"
 140  0045  3670        	clr [112].4
 140  0046  35F0        	clr [112].3
"File: IO.h          Assembler  Version HGASM0202      Page 20

 140  0047  3414        	clr [20].0
 140  0048  3514        	clr [20].2
 140  0049  3714        	clr [20].6
 140  004A  1700     R  	sdza _DispSetTimer_2[0]
 140  004B  2800     R  	jmp _L93
 140  004C  0700     R  	mov a,_TM2[0]
 140  004D  0080     E  	mov ra,a
 140  004E  0700     E  	mov a,ra
 140  004F  2000     R  	call _Displayer
 140  0050  3270        	set [112].4
 140  0051  2800     R  	jmp _L107
 140  0052              _L109:
 141  0052              #line 141 "E:\hamed\touch2\touch-RGB-2key\clock-temp-touch\IO.h"
 141  0052  3670        	clr [112].4
 141  0053  35F0        	clr [112].3
 141  0054  3414        	clr [20].0
 141  0055  3514        	clr [20].2
 141  0056  3714        	clr [20].6
 141  0057  1700     R  	sdza _DispSetTimer_2[0]
 141  0058  2800     R  	jmp _L103
 141  0059  3198        	set [24].3
 141  005A  1F00     E  	clr rb
 141  005B  3C00     R  	sz _Seg1
 141  005C  3000     E  	set rb.0
 141  005D  1F00     E  	clr ra
 141  005E  1080     E  	sz rb
 141  005F  3000     E  	set ra.2
 141  0060  3518        	clr [24].2
 141  0061  0700     E  	mov a,ra
 141  0062  0598        	orm a,[24]
 141  0063  1F00     E  	clr ra
 141  0064  3C00     R  	sz _Seg2
 141  0065  3000     E  	set ra.0
 141  0066  0700     E  	mov a,ra
 141  0067  0380     E  	addm a,ra
 141  0068  3498        	clr [24].1
 141  0069  0700     E  	mov a,ra
 141  006A  0598        	orm a,[24]
 141  006B  1F00     E  	clr ra
 141  006C  3C00     R  	sz _Seg3
 141  006D  3000     E  	set ra.0
 141  006E  0700     E  	mov a,ra
 141  006F  0380     E  	addm a,ra
 141  0070  34F0        	clr [112].1
 141  0071  0700     E  	mov a,ra
 141  0072  05F0        	orm a,[112]
 141  0073  3218        	set [24].4
 141  0074  3398        	set [24].7
 141  0075  3298        	set [24].5
 141  0076  3670        	clr [112].4
 141  0077  35F0        	clr [112].3
 141  0078  3414        	clr [20].0
 141  0079  3514        	clr [20].2
 141  007A  3314        	set [20].6
 141  007B              _L103:
 141  007B  1F00     R  	clr _Disp[0]
 141  007C  2800     R  	jmp _L93
 141  007D              _L104:
 142  007D              #line 142 "E:\hamed\touch2\touch-RGB-2key\clock-temp-touch\IO.h"
 142  007D  3800     R  	snz _Litgh
"File: IO.h          Assembler  Version HGASM0202      Page 21

 142  007E  2800     R  	jmp _L93
 142  007F  3670        	clr [112].4
 142  0080              _L107:
 142  0080  35F0        	clr [112].3
 142  0081              _L108:
 142  0081  3414        	clr [20].0
 142  0082              _L106:
 142  0082  3514        	clr [20].2
 142  0083              _L105:
 142  0083  3714        	clr [20].6
 142  0084              _L93:
 142  0084  0003        	ret
 142  0085              _DispSetTimer endp
 142  0085              #line 142 "E:\hamed\touch2\touch-RGB-2key\clock-temp-touch\IO.h"
 142  0085              #pragma debug scope 1 1
 142  0085              public _DispSetTime
 142  0085              #pragma debug scope 13 1
 147  0085              #line 147 "E:\hamed\touch2\touch-RGB-2key\clock-temp-touch\IO.h"
 147  0000              _DispSetTime .section 'code'
 147  0000              _DispSetTime proc
 147  0000  00              local _DispSetTime_2 db 1 dup(?)	; 0,1
 148  0001              #line 148 "E:\hamed\touch2\touch-RGB-2key\clock-temp-touch\IO.h"
 148  0000  3800     R  	snz _Belinker
 148  0001  2800     R  	jmp _L111
 148  0002              #line 148 "E:\hamed\touch2\touch-RGB-2key\clock-temp-touch\IO.h"
 148  0002  1480     R  	inc _Disp[0]
 148  0003  2800     R  	jmp _L112
 148  0004              _L111:
 148  0004  0F19        	mov a,25
 148  0005  0080     R  	mov _Disp[0],a
 148  0006              _L112:
 149  0006              #line 149 "E:\hamed\touch2\touch-RGB-2key\clock-temp-touch\IO.h"
 149  0006  0700     R  	mov a,_Disp[0]
 149  0007  0080     R  	mov _DispSetTime_2[0],a
 149  0008  0700     R  	mov a,_DispSetTime_2[0]
 149  0009  0A05        	sub a,5
 149  000A  3D0A        	sz z
 149  000B  2800     R  	jmp _L114
 149  000C  0A05        	sub a,(10)-(5)
 149  000D  3D0A        	sz z
 149  000E  2800     R  	jmp _L115
 149  000F  0700     R  	mov a,_DispSetTime_2[0]
 149  0010  0A0F        	sub a,15
 149  0011  3D0A        	sz z
 149  0012  2800     R  	jmp _L116
 149  0013  0A05        	sub a,(20)-(15)
 149  0014  3D0A        	sz z
 149  0015  2800     R  	jmp _L123
 149  0016  0700     R  	mov a,_DispSetTime_2[0]
 149  0017  0A19        	sub a,25
 149  0018  390A        	snz z
 149  0019  2800     R  	jmp _L120
 155  001A              #line 155 "E:\hamed\touch2\touch-RGB-2key\clock-temp-touch\IO.h"
 155  001A  3670        	clr [112].4
 155  001B  35F0        	clr [112].3
 155  001C  3414        	clr [20].0
 155  001D  3514        	clr [20].2
 155  001E  3714        	clr [20].6
 155  001F  1F00     R  	clr _Disp[0]
 155  0020  2800     R  	jmp _L110
"File: IO.h          Assembler  Version HGASM0202      Page 22

 155  0021              _L114:
 151  0021              #line 151 "E:\hamed\touch2\touch-RGB-2key\clock-temp-touch\IO.h"
 151  0021  3670        	clr [112].4
 151  0022  35F0        	clr [112].3
 151  0023  3414        	clr [20].0
 151  0024  3514        	clr [20].2
 151  0025  3714        	clr [20].6
 151  0026  0700     R  	mov a,_S1[0]
 151  0027  0080     E  	mov ra,a
 151  0028  0700     E  	mov a,ra
 151  0029  2000     R  	call _Displayer
 151  002A  3670        	clr [112].4
 151  002B  35F0        	clr [112].3
 151  002C  3414        	clr [20].0
 151  002D  3114        	set [20].2
 151  002E  2800     R  	jmp _L121
 151  002F              _L115:
 152  002F              #line 152 "E:\hamed\touch2\touch-RGB-2key\clock-temp-touch\IO.h"
 152  002F  3670        	clr [112].4
 152  0030  35F0        	clr [112].3
 152  0031  3414        	clr [20].0
 152  0032  3514        	clr [20].2
 152  0033  3714        	clr [20].6
 152  0034  0700     R  	mov a,_S2[0]
 152  0035  0080     E  	mov ra,a
 152  0036  0700     E  	mov a,ra
 152  0037  2000     R  	call _Displayer
 152  0038  3670        	clr [112].4
 152  0039  35F0        	clr [112].3
 152  003A  3014        	set [20].0
 152  003B  2800     R  	jmp _L122
 152  003C              _L116:
 153  003C              #line 153 "E:\hamed\touch2\touch-RGB-2key\clock-temp-touch\IO.h"
 153  003C  3670        	clr [112].4
 153  003D  35F0        	clr [112].3
 153  003E  3414        	clr [20].0
 153  003F  3514        	clr [20].2
 153  0040  3714        	clr [20].6
 153  0041  3198        	set [24].3
 153  0042  3118        	set [24].2
 153  0043  3498        	clr [24].1
 153  0044  30F0        	set [112].1
 153  0045  3618        	clr [24].4
 153  0046  3798        	clr [24].7
 153  0047  3698        	clr [24].5
 153  0048  3670        	clr [112].4
 153  0049  31F0        	set [112].3
 153  004A  2800     R  	jmp _L124
 153  004B              _L120:
 156  004B              #line 156 "E:\hamed\touch2\touch-RGB-2key\clock-temp-touch\IO.h"
 156  004B  3800     R  	snz _Litgh
 156  004C  2800     R  	jmp _L110
 156  004D              _L123:
 156  004D  3670        	clr [112].4
 156  004E  35F0        	clr [112].3
 156  004F              _L124:
 156  004F  3414        	clr [20].0
 156  0050              _L122:
 156  0050  3514        	clr [20].2
 156  0051              _L121:
"File: IO.h          Assembler  Version HGASM0202      Page 23

 156  0051  3714        	clr [20].6
 156  0052              _L110:
 156  0052  0003        	ret
 156  0053              _DispSetTime endp
 156  0053              #line 156 "E:\hamed\touch2\touch-RGB-2key\clock-temp-touch\IO.h"
 156  0053              #pragma debug scope 1 1
 156  0053              public _DispSetTiming1
 156  0053              #pragma debug scope 14 1
 161  0053              #line 161 "E:\hamed\touch2\touch-RGB-2key\clock-temp-touch\IO.h"
 161  0000              _DispSetTiming1 .section 'code'
 161  0000              _DispSetTiming1 proc
 161  0000              public _DispSetTiming1_2
 161  0000  0003[           local _DispSetTiming1_2 db 3 dup(?)	; 1,2
            00
            ]
 161  0000  0080     R  	mov _DispSetTiming1_2[1],a
 161  0001              #pragma debug variable 7 14 _DispSetTiming1_2+1 "Blk1"
 161  0001              #pragma debug variable 7 14 _DispSetTiming1_2+0 "Blk2"
 162  0001              #line 162 "E:\hamed\touch2\touch-RGB-2key\clock-temp-touch\IO.h"
 162  0001  1480     R  	inc _Disp[0]
 163  0002              #line 163 "E:\hamed\touch2\touch-RGB-2key\clock-temp-touch\IO.h"
 163  0002  0700     R  	mov a,_Disp[0]
 163  0003  0080     R  	mov _DispSetTiming1_2[2],a
 163  0004  0700     R  	mov a,_DispSetTiming1_2[2]
 163  0005  0A05        	sub a,5
 163  0006  3D0A        	sz z
 163  0007  2800     R  	jmp _L127
 163  0008  0A05        	sub a,(10)-(5)
 163  0009  3D0A        	sz z
 163  000A  2800     R  	jmp _L128
 163  000B              #line 163 "E:\hamed\touch2\touch-RGB-2key\clock-temp-touch\IO.h"
 163  000B  0700     R  	mov a,_DispSetTiming1_2[2]
 163  000C  0A0F        	sub a,15
 163  000D  3D0A        	sz z
 163  000E  2800     R  	jmp _L129
 163  000F  0A05        	sub a,(20)-(15)
 163  0010  3D0A        	sz z
 163  0011  2800     R  	jmp _L130
 163  0012  0700     R  	mov a,_DispSetTiming1_2[2]
 163  0013  0A19        	sub a,25
 163  0014  390A        	snz z
 163  0015  2800     R  	jmp _L136
 163  0016  2800     R  	jmp _L141
 163  0017              _L127:
 165  0017              #line 165 "E:\hamed\touch2\touch-RGB-2key\clock-temp-touch\IO.h"
 165  0017  3670        	clr [112].4
 165  0018  35F0        	clr [112].3
 165  0019  3414        	clr [20].0
 165  001A  3514        	clr [20].2
 165  001B  3714        	clr [20].6
 165  001C  1700     R  	sdza _DispSetTiming1_2[1]
 165  001D  2800     R  	jmp _L125
 165  001E  0700     R  	mov a,_H1T1[0]
 165  001F  0080     E  	mov ra,a
 165  0020  0700     E  	mov a,ra
 165  0021  2000     R  	call _Displayer
 165  0022  3670        	clr [112].4
 165  0023  35F0        	clr [112].3
 165  0024  3414        	clr [20].0
 165  0025  3114        	set [20].2
"File: IO.h          Assembler  Version HGASM0202      Page 24

 165  0026  2800     R  	jmp _L137
 165  0027              _L128:
 166  0027              #line 166 "E:\hamed\touch2\touch-RGB-2key\clock-temp-touch\IO.h"
 166  0027  3670        	clr [112].4
 166  0028  35F0        	clr [112].3
 166  0029  3414        	clr [20].0
 166  002A  3514        	clr [20].2
 166  002B  3714        	clr [20].6
 166  002C  1700     R  	sdza _DispSetTiming1_2[1]
 166  002D  2800     R  	jmp _L125
 166  002E  0700     R  	mov a,_H1T2[0]
 166  002F  0080     E  	mov ra,a
 166  0030  0700     E  	mov a,ra
 166  0031  2000     R  	call _Displayer
 166  0032  3670        	clr [112].4
 166  0033  35F0        	clr [112].3
 166  0034  3014        	set [20].0
 166  0035  2800     R  	jmp _L138
 166  0036              _L129:
 167  0036              #line 167 "E:\hamed\touch2\touch-RGB-2key\clock-temp-touch\IO.h"
 167  0036  3670        	clr [112].4
 167  0037  35F0        	clr [112].3
 167  0038  3414        	clr [20].0
 167  0039  3514        	clr [20].2
 167  003A  3714        	clr [20].6
 167  003B  1700     R  	sdza _DispSetTiming1_2[0]
 167  003C  2800     R  	jmp _L125
 167  003D  0700     R  	mov a,_N1T1[0]
 167  003E  0080     E  	mov ra,a
 167  003F  0700     E  	mov a,ra
 167  0040  2000     R  	call _Displayer
 167  0041  3670        	clr [112].4
 167  0042  31F0        	set [112].3
 167  0043  2800     R  	jmp _L140
 167  0044              _L130:
 168  0044              #line 168 "E:\hamed\touch2\touch-RGB-2key\clock-temp-touch\IO.h"
 168  0044  3670        	clr [112].4
 168  0045  35F0        	clr [112].3
 168  0046  3414        	clr [20].0
 168  0047  3514        	clr [20].2
 168  0048  3714        	clr [20].6
 168  0049  1700     R  	sdza _DispSetTiming1_2[0]
 168  004A  2800     R  	jmp _L125
 168  004B  0700     R  	mov a,_N1T2[0]
 168  004C  0080     E  	mov ra,a
 168  004D  0700     E  	mov a,ra
 168  004E  2000     R  	call _Displayer
 168  004F  3270        	set [112].4
 168  0050  2800     R  	jmp _L139
 168  0051              _L141:
 169  0051              #line 169 "E:\hamed\touch2\touch-RGB-2key\clock-temp-touch\IO.h"
 169  0051  3670        	clr [112].4
 169  0052  35F0        	clr [112].3
 169  0053  3414        	clr [20].0
 169  0054  3514        	clr [20].2
 169  0055  3714        	clr [20].6
 169  0056  3198        	set [24].3
 169  0057  3118        	set [24].2
 169  0058  3098        	set [24].1
 169  0059  30F0        	set [112].1
"File: IO.h          Assembler  Version HGASM0202      Page 25

 169  005A  3618        	clr [24].4
 169  005B  3798        	clr [24].7
 169  005C  3298        	set [24].5
 169  005D  3670        	clr [112].4
 169  005E  35F0        	clr [112].3
 169  005F  3414        	clr [20].0
 169  0060  3514        	clr [20].2
 169  0061  3314        	set [20].6
 169  0062  1700     R  	sdza _DispSetTiming1_2[0]
 169  0063  2800     R  	jmp _L135
 169  0064  3198        	set [24].3
 169  0065  1F00     E  	clr rb
 169  0066  3C00     R  	sz _PM1
 169  0067  3000     E  	set rb.0
 169  0068  1F00     E  	clr ra
 169  0069  1080     E  	sz rb
 169  006A  3000     E  	set ra.2
 169  006B  3518        	clr [24].2
 169  006C  0700     E  	mov a,ra
 169  006D  0598        	orm a,[24]
 169  006E  1F00     E  	clr ra
 169  006F  3C00     R  	sz _Seg2
 169  0070  3000     E  	set ra.0
 169  0071  0700     E  	mov a,ra
 169  0072  0380     E  	addm a,ra
 169  0073  3498        	clr [24].1
 169  0074  0700     E  	mov a,ra
 169  0075  0598        	orm a,[24]
 169  0076  1F00     E  	clr ra
 169  0077  3C00     R  	sz _Seg3
 169  0078  3000     E  	set ra.0
 169  0079  0700     E  	mov a,ra
 169  007A  0380     E  	addm a,ra
 169  007B  34F0        	clr [112].1
 169  007C  0700     E  	mov a,ra
 169  007D  05F0        	orm a,[112]
 169  007E  3618        	clr [24].4
 169  007F  3798        	clr [24].7
 169  0080  3298        	set [24].5
 169  0081              _L135:
 169  0081  1F00     R  	clr _Disp[0]
 169  0082  2800     R  	jmp _L125
 169  0083              _L136:
 170  0083              #line 170 "E:\hamed\touch2\touch-RGB-2key\clock-temp-touch\IO.h"
 170  0083  3800     R  	snz _Litgh
 170  0084  2800     R  	jmp _L125
 170  0085  3670        	clr [112].4
 170  0086              _L139:
 170  0086  35F0        	clr [112].3
 170  0087              _L140:
 170  0087  3414        	clr [20].0
 170  0088              _L138:
 170  0088  3514        	clr [20].2
 170  0089              _L137:
 170  0089  3714        	clr [20].6
 170  008A              _L125:
 170  008A  0003        	ret
 170  008B              _DispSetTiming1 endp
 170  008B              #line 170 "E:\hamed\touch2\touch-RGB-2key\clock-temp-touch\IO.h"
 170  008B              #pragma debug scope 1 1
"File: IO.h          Assembler  Version HGASM0202      Page 26

 170  008B              public _DispSetTiming2
 170  008B              #pragma debug scope 15 1
 175  008B              #line 175 "E:\hamed\touch2\touch-RGB-2key\clock-temp-touch\IO.h"
 175  0000              _DispSetTiming2 .section 'code'
 175  0000              _DispSetTiming2 proc
 175  0000              public _DispSetTiming2_2
 175  0000  0003[           local _DispSetTiming2_2 db 3 dup(?)	; 1,2
            00
            ]
 175  0000  0080     R  	mov _DispSetTiming2_2[1],a
 175  0001              #pragma debug variable 7 15 _DispSetTiming2_2+1 "Blk1"
 175  0001              #pragma debug variable 7 15 _DispSetTiming2_2+0 "Blk2"
 176  0001              #line 176 "E:\hamed\touch2\touch-RGB-2key\clock-temp-touch\IO.h"
 176  0001  1480     R  	inc _Disp[0]
 177  0002              #line 177 "E:\hamed\touch2\touch-RGB-2key\clock-temp-touch\IO.h"
 177  0002  0700     R  	mov a,_Disp[0]
 177  0003  0080     R  	mov _DispSetTiming2_2[2],a
 177  0004  0700     R  	mov a,_DispSetTiming2_2[2]
 177  0005  0A05        	sub a,5
 177  0006  3D0A        	sz z
 177  0007  2800     R  	jmp _L144
 177  0008  0A05        	sub a,(10)-(5)
 177  0009  3D0A        	sz z
 177  000A  2800     R  	jmp _L145
 177  000B              #line 177 "E:\hamed\touch2\touch-RGB-2key\clock-temp-touch\IO.h"
 177  000B  0700     R  	mov a,_DispSetTiming2_2[2]
 177  000C  0A0F        	sub a,15
 177  000D  3D0A        	sz z
 177  000E  2800     R  	jmp _L146
 177  000F  0A05        	sub a,(20)-(15)
 177  0010  3D0A        	sz z
 177  0011  2800     R  	jmp _L147
 177  0012  0700     R  	mov a,_DispSetTiming2_2[2]
 177  0013  0A19        	sub a,25
 177  0014  390A        	snz z
 177  0015  2800     R  	jmp _L153
 177  0016  2800     R  	jmp _L158
 177  0017              _L144:
 179  0017              #line 179 "E:\hamed\touch2\touch-RGB-2key\clock-temp-touch\IO.h"
 179  0017  3670        	clr [112].4
 179  0018  35F0        	clr [112].3
 179  0019  3414        	clr [20].0
 179  001A  3514        	clr [20].2
 179  001B  3714        	clr [20].6
 179  001C  1700     R  	sdza _DispSetTiming2_2[1]
 179  001D  2800     R  	jmp _L142
 179  001E  0700     R  	mov a,_H2T1[0]
 179  001F  0080     E  	mov ra,a
 179  0020  0700     E  	mov a,ra
 179  0021  2000     R  	call _Displayer
 179  0022  3670        	clr [112].4
 179  0023  35F0        	clr [112].3
 179  0024  3414        	clr [20].0
 179  0025  3114        	set [20].2
 179  0026  2800     R  	jmp _L154
 179  0027              _L145:
 180  0027              #line 180 "E:\hamed\touch2\touch-RGB-2key\clock-temp-touch\IO.h"
 180  0027  3670        	clr [112].4
 180  0028  35F0        	clr [112].3
 180  0029  3414        	clr [20].0
"File: IO.h          Assembler  Version HGASM0202      Page 27

 180  002A  3514        	clr [20].2
 180  002B  3714        	clr [20].6
 180  002C  1700     R  	sdza _DispSetTiming2_2[1]
 180  002D  2800     R  	jmp _L142
 180  002E  0700     R  	mov a,_H2T2[0]
 180  002F  0080     E  	mov ra,a
 180  0030  0700     E  	mov a,ra
 180  0031  2000     R  	call _Displayer
 180  0032  3670        	clr [112].4
 180  0033  35F0        	clr [112].3
 180  0034  3014        	set [20].0
 180  0035  2800     R  	jmp _L155
 180  0036              _L146:
 181  0036              #line 181 "E:\hamed\touch2\touch-RGB-2key\clock-temp-touch\IO.h"
 181  0036  3670        	clr [112].4
 181  0037  35F0        	clr [112].3
 181  0038  3414        	clr [20].0
 181  0039  3514        	clr [20].2
 181  003A  3714        	clr [20].6
 181  003B  1700     R  	sdza _DispSetTiming2_2[0]
 181  003C  2800     R  	jmp _L142
 181  003D  0700     R  	mov a,_N2T1[0]
 181  003E  0080     E  	mov ra,a
 181  003F  0700     E  	mov a,ra
 181  0040  2000     R  	call _Displayer
 181  0041  3670        	clr [112].4
 181  0042  31F0        	set [112].3
 181  0043  2800     R  	jmp _L157
 181  0044              _L147:
 182  0044              #line 182 "E:\hamed\touch2\touch-RGB-2key\clock-temp-touch\IO.h"
 182  0044  3670        	clr [112].4
 182  0045  35F0        	clr [112].3
 182  0046  3414        	clr [20].0
 182  0047  3514        	clr [20].2
 182  0048  3714        	clr [20].6
 182  0049  1700     R  	sdza _DispSetTiming2_2[0]
 182  004A  2800     R  	jmp _L142
 182  004B  0700     R  	mov a,_N2T2[0]
 182  004C  0080     E  	mov ra,a
 182  004D  0700     E  	mov a,ra
 182  004E  2000     R  	call _Displayer
 182  004F  3270        	set [112].4
 182  0050  2800     R  	jmp _L156
 182  0051              _L158:
 183  0051              #line 183 "E:\hamed\touch2\touch-RGB-2key\clock-temp-touch\IO.h"
 183  0051  3670        	clr [112].4
 183  0052  35F0        	clr [112].3
 183  0053  3414        	clr [20].0
 183  0054  3514        	clr [20].2
 183  0055  3714        	clr [20].6
 183  0056  3198        	set [24].3
 183  0057  3118        	set [24].2
 183  0058  3098        	set [24].1
 183  0059  30F0        	set [112].1
 183  005A  3618        	clr [24].4
 183  005B  3798        	clr [24].7
 183  005C  3298        	set [24].5
 183  005D  3670        	clr [112].4
 183  005E  35F0        	clr [112].3
 183  005F  3414        	clr [20].0
"File: IO.h          Assembler  Version HGASM0202      Page 28

 183  0060  3514        	clr [20].2
 183  0061  3314        	set [20].6
 183  0062  1700     R  	sdza _DispSetTiming2_2[0]
 183  0063  2800     R  	jmp _L152
 183  0064  3198        	set [24].3
 183  0065  1F00     E  	clr rb
 183  0066  3C00     R  	sz _PM2
 183  0067  3000     E  	set rb.0
 183  0068  1F00     E  	clr ra
 183  0069  1080     E  	sz rb
 183  006A  3000     E  	set ra.2
 183  006B  3518        	clr [24].2
 183  006C  0700     E  	mov a,ra
 183  006D  0598        	orm a,[24]
 183  006E  1F00     E  	clr ra
 183  006F  3C00     R  	sz _Seg2
 183  0070  3000     E  	set ra.0
 183  0071  0700     E  	mov a,ra
 183  0072  0380     E  	addm a,ra
 183  0073  3498        	clr [24].1
 183  0074  0700     E  	mov a,ra
 183  0075  0598        	orm a,[24]
 183  0076  1F00     E  	clr ra
 183  0077  3C00     R  	sz _Seg3
 183  0078  3000     E  	set ra.0
 183  0079  0700     E  	mov a,ra
 183  007A  0380     E  	addm a,ra
 183  007B  34F0        	clr [112].1
 183  007C  0700     E  	mov a,ra
 183  007D  05F0        	orm a,[112]
 183  007E  3618        	clr [24].4
 183  007F  3798        	clr [24].7
 183  0080  3298        	set [24].5
 183  0081              _L152:
 183  0081  1F00     R  	clr _Disp[0]
 183  0082  2800     R  	jmp _L142
 183  0083              _L153:
 184  0083              #line 184 "E:\hamed\touch2\touch-RGB-2key\clock-temp-touch\IO.h"
 184  0083  3800     R  	snz _Litgh
 184  0084  2800     R  	jmp _L142
 184  0085  3670        	clr [112].4
 184  0086              _L156:
 184  0086  35F0        	clr [112].3
 184  0087              _L157:
 184  0087  3414        	clr [20].0
 184  0088              _L155:
 184  0088  3514        	clr [20].2
 184  0089              _L154:
 184  0089  3714        	clr [20].6
 184  008A              _L142:
 184  008A  0003        	ret
 184  008B              _DispSetTiming2 endp
 184  008B              #line 184 "E:\hamed\touch2\touch-RGB-2key\clock-temp-touch\IO.h"
 184  008B              #pragma debug scope 1 1
 184  008B              ___sadc1 equ [49]
 184  008B              ___sadc0 equ [48]
 184  008B              ___pbs0 equ [327]
 184  008B              public _ADC_INIT
 184  008B              #pragma debug scope 16 1

"File: ADC.h         Assembler  Version HGASM0202      Page 29

  64  008B              #line 64 "E:\hamed\touch2\touch-RGB-2key\clock-temp-touch\ADC.h"
  64  0000              _ADC_INIT .section 'code'
  64  0000              _ADC_INIT proc
  65  0000              #line 65 "E:\hamed\touch2\touch-RGB-2key\clock-temp-touch\ADC.h"
  65  0000  3531        	clr [49].2
  65  0001  30B1        	set [49].1
  65  0002  3431        	clr [49].0
  66  0003              #line 66 "E:\hamed\touch2\touch-RGB-2key\clock-temp-touch\ADC.h"
  66  0003  3631        	clr [49].4
  66  0004  31B1        	set [49].3
  67  0005              #line 67 "E:\hamed\touch2\touch-RGB-2key\clock-temp-touch\ADC.h"
  67  0005  3230        	set [48].4
  68  0006              #line 68 "E:\hamed\touch2\touch-RGB-2key\clock-temp-touch\ADC.h"
  68  0006  B0C7 0001   	lset [327].1
  68  0008  B047 0001   	lset [327].0
  69  000A              #line 69 "E:\hamed\touch2\touch-RGB-2key\clock-temp-touch\ADC.h"
  69  000A  36B0        	clr [48].5
  69  000B  0003        	ret
  69  000C              _ADC_INIT endp
  69  000C              #line 69 "E:\hamed\touch2\touch-RGB-2key\clock-temp-touch\ADC.h"
  69  000C              #pragma debug scope 1 1
  69  000C              public _ADC_SelectChannel
  69  000C              #pragma debug scope 17 1
  73  000C              #line 73 "E:\hamed\touch2\touch-RGB-2key\clock-temp-touch\ADC.h"
  73  0000              _ADC_SelectChannel .section 'code'
  73  0000              _ADC_SelectChannel proc
  73  0000  00              local _ADC_SelectChannel_2 db 1 dup(?)	; 0,1
  73  0000  0080     E  	mov ra,a
  73  0001  0080     R  	mov _ADC_SelectChannel_2[0],a
  73  0002              #pragma debug variable 8 17 _ADC_SelectChannel_2+0 "ADC_Channel"
  74  0002              #line 74 "E:\hamed\touch2\touch-RGB-2key\clock-temp-touch\ADC.h"
  74  0002  0F07        	mov a,7
  74  0003  0200     E  	sub a,ra
  74  0004  380A        	snz c
  74  0005  2800     R  	jmp _L160
  77  0006              #line 77 "E:\hamed\touch2\touch-RGB-2key\clock-temp-touch\ADC.h"
  77  0006  0FF8        	mov a,248
  77  0007  06B0        	andm a,[48]
  81  0008              #line 81 "E:\hamed\touch2\touch-RGB-2key\clock-temp-touch\ADC.h"
  81  0008  0700     E  	mov a,ra
  81  0009  05B0        	orm a,[48]
  81  000A              _L160:
  81  000A  0003        	ret
  81  000B              _ADC_SelectChannel endp
  81  000B              #line 81 "E:\hamed\touch2\touch-RGB-2key\clock-temp-touch\ADC.h"
  81  000B              #pragma debug scope 1 1
  81  000B              ___sadoh equ [47]
  81  000B              ___sadol equ [46]
  81  000B              public _ADC_GetValue
  81  000B              #pragma debug scope 18 1
  89  000B              #line 89 "E:\hamed\touch2\touch-RGB-2key\clock-temp-touch\ADC.h"
  89  0000              _ADC_GetValue .section 'code'
  89  0000              _ADC_GetValue proc
  93  0000              #line 93 "E:\hamed\touch2\touch-RGB-2key\clock-temp-touch\ADC.h"
  93  0000  37B0        	clr [48].7
  93  0001  33B0        	set [48].7
  93  0002  37B0        	clr [48].7
  93  0003              _L164:
  96  0003              #line 96 "E:\hamed\touch2\touch-RGB-2key\clock-temp-touch\ADC.h"
  96  0003  3F30        	sz [48].6
"File: ADC.h         Assembler  Version HGASM0202      Page 30

  96  0004  2800     R  	jmp _L164
  99  0005              #line 99 "E:\hamed\touch2\touch-RGB-2key\clock-temp-touch\ADC.h"
  99  0005  3A30        	snz [48].4
  99  0006  2800     R  	jmp _L165
 102  0007              #line 102 "E:\hamed\touch2\touch-RGB-2key\clock-temp-touch\ADC.h"
 102  0007  072F        	mov a,[47]
 102  0008  0080     E  	mov rc,a
 102  0009  1F00     E  	clr rb
 102  000A  0700     E  	mov a,rc
 102  000B  0080     E  	mov re,a
 102  000C  072E        	mov a,[46]
 102  000D  0500     E  	or a,rb
 102  000E  0080     E  	mov rd,a
 102  000F  0700     E  	mov a,rd
 102  0010  0080     E  	mov ra,a
 102  0011  0700     E  	mov a,re
 102  0012  0080     E  	mov rb,a
 102  0013              _L165:
 106  0013              #line 106 "E:\hamed\touch2\touch-RGB-2key\clock-temp-touch\ADC.h"
 106  0013  3E30        	sz [48].4
 106  0014  2800     R  	jmp _L166
 109  0015              #line 109 "E:\hamed\touch2\touch-RGB-2key\clock-temp-touch\ADC.h"
 109  0015  112E        	swapa [46]
 109  0016  0E0F        	and a,0fh
 109  0017  0080     E  	mov rd,a
 109  0018  1F00     E  	clr re
 109  0019  072F        	mov a,[47]
 109  001A  0080     E  	mov rb,a
 109  001B  1F00     E  	clr rc
 109  001C  0F04        	mov a,4
 109  001D              _LI1:
 109  001D  340A        	clr c
 109  001E  1A80     E  	rlc rb
 109  001F  1A80     E  	rlc rc
 109  0020  1785        	sdz acc
 109  0021  2800     R  	jmp _LI1
 109  0022  0700     E  	mov a,re
 109  0023  0500     E  	or a,rc
 109  0024  0080     E  	mov rg,a
 109  0025  0700     E  	mov a,rd
 109  0026  0500     E  	or a,rb
 109  0027  0080     E  	mov rf,a
 109  0028  0700     E  	mov a,rf
 109  0029  0080     E  	mov ra,a
 109  002A  0700     E  	mov a,rg
 109  002B  0080     E  	mov rb,a
 109  002C              _L166:
 109  002C  0003        	ret
 109  002D              _ADC_GetValue endp
 109  002D              #line 109 "E:\hamed\touch2\touch-RGB-2key\clock-temp-touch\ADC.h"
 109  002D              #pragma debug scope 1 1
 109  002D              public _ADC_GetChannelValue
 109  002D              #pragma debug scope 19 1
 116  002D              #line 116 "E:\hamed\touch2\touch-RGB-2key\clock-temp-touch\ADC.h"
 116  0000              _ADC_GetChannelValue .section 'code'
 116  0000              _ADC_GetChannelValue proc
 116  0000  00              local _ADC_GetChannelValue_2 db 1 dup(?)	; 0,1
 116  0000  0080     R  	mov _ADC_GetChannelValue_2[0],a
 116  0001              #pragma debug variable 8 19 _ADC_GetChannelValue_2+0 "ADC_Channel"
 119  0001              #line 119 "E:\hamed\touch2\touch-RGB-2key\clock-temp-touch\ADC.h"
"File: ADC.h         Assembler  Version HGASM0202      Page 31

 119  0001  0F1F        	mov a,31
 119  0002  06B1        	andm a,[49]
 121  0003              #line 121 "E:\hamed\touch2\touch-RGB-2key\clock-temp-touch\ADC.h"
 121  0003  0F07        	mov a,7
 121  0004  0200     R  	sub a,_ADC_GetChannelValue_2[0]
 121  0005  380A        	snz c
 121  0006  2800     R  	jmp _L171
 123  0007              #line 123 "E:\hamed\touch2\touch-RGB-2key\clock-temp-touch\ADC.h"
 123  0007  0FF0        	mov a,240
 123  0008  06B0        	andm a,[48]
 125  0009              #line 125 "E:\hamed\touch2\touch-RGB-2key\clock-temp-touch\ADC.h"
 125  0009  0700     R  	mov a,_ADC_GetChannelValue_2[0]
 125  000A  05B0        	orm a,[48]
 125  000B  2800     R  	jmp _L172
 125  000C              _L171:
 130  000C              #line 130 "E:\hamed\touch2\touch-RGB-2key\clock-temp-touch\ADC.h"
 130  000C  0700     R  	mov a,_ADC_GetChannelValue_2[0]
 130  000D  05B1        	orm a,[49]
 130  000E              _L172:
 133  000E              #line 133 "E:\hamed\touch2\touch-RGB-2key\clock-temp-touch\ADC.h"
 133  000E  37B0        	clr [48].7
 133  000F  33B0        	set [48].7
 133  0010  37B0        	clr [48].7
 133  0011              _L174:
 135  0011              #line 135 "E:\hamed\touch2\touch-RGB-2key\clock-temp-touch\ADC.h"
 135  0011  3F30        	sz [48].6
 135  0012  2800     R  	jmp _L174
 137  0013              #line 137 "E:\hamed\touch2\touch-RGB-2key\clock-temp-touch\ADC.h"
 137  0013  3A30        	snz [48].4
 137  0014  2800     R  	jmp _L175
 139  0015              #line 139 "E:\hamed\touch2\touch-RGB-2key\clock-temp-touch\ADC.h"
 139  0015  072F        	mov a,[47]
 139  0016  0080     E  	mov rc,a
 139  0017  1F00     E  	clr rb
 139  0018  0700     E  	mov a,rc
 139  0019  0080     E  	mov re,a
 139  001A  072E        	mov a,[46]
 139  001B  0500     E  	or a,rb
 139  001C  0080     E  	mov rd,a
 139  001D  0700     E  	mov a,rd
 139  001E  0080     E  	mov ra,a
 139  001F  0700     E  	mov a,re
 139  0020  0080     E  	mov rb,a
 139  0021              _L175:
 142  0021              #line 142 "E:\hamed\touch2\touch-RGB-2key\clock-temp-touch\ADC.h"
 142  0021  3E30        	sz [48].4
 142  0022  2800     R  	jmp _L176
 144  0023              #line 144 "E:\hamed\touch2\touch-RGB-2key\clock-temp-touch\ADC.h"
 144  0023  112E        	swapa [46]
 144  0024  0E0F        	and a,0fh
 144  0025  0080     E  	mov rd,a
 144  0026  1F00     E  	clr re
 144  0027  072F        	mov a,[47]
 144  0028  0080     E  	mov rb,a
 144  0029  1F00     E  	clr rc
 144  002A  0F04        	mov a,4
 144  002B              _LI2:
 144  002B  340A        	clr c
 144  002C  1A80     E  	rlc rb
 144  002D  1A80     E  	rlc rc
"File: ADC.h         Assembler  Version HGASM0202      Page 32

 144  002E  1785        	sdz acc
 144  002F  2800     R  	jmp _LI2
 144  0030  0700     E  	mov a,re
 144  0031  0500     E  	or a,rc
 144  0032  0080     E  	mov rg,a
 144  0033  0700     E  	mov a,rd
 144  0034  0500     E  	or a,rb
 144  0035  0080     E  	mov rf,a
 144  0036  0700     E  	mov a,rf
 144  0037  0080     E  	mov ra,a
 144  0038  0700     E  	mov a,rg
 144  0039  0080     E  	mov rb,a
 144  003A              _L176:
 144  003A  0003        	ret
 144  003B              _ADC_GetChannelValue endp
 144  003B              #line 144 "E:\hamed\touch2\touch-RGB-2key\clock-temp-touch\ADC.h"
 144  003B              #pragma debug scope 1 1
 144  003B              public _NTC_MAP
 144  003B              #pragma debug scope 20 1
 166  003B              #line 166 "E:\hamed\touch2\touch-RGB-2key\clock-temp-touch\ADC.h"
 166  0000              _NTC_MAP .section 'code'
 166  0000              _NTC_MAP proc
 166  0000  0003[           local _NTC_MAP_2 db 3 dup(?)	; 0,3
            00
            ]
 166  0003              #pragma debug variable 12 20 _NTC_MAP_2+1 "NTC_Backup"
 169  0003              #line 169 "E:\hamed\touch2\touch-RGB-2key\clock-temp-touch\ADC.h"
 169  0000  32B0        	set [48].5
 169  0001  0F05        	mov a,5
 169  0002  0080     R  	mov _NTC_MAP_2[0],a
 167  0003              #line 167 "E:\hamed\touch2\touch-RGB-2key\clock-temp-touch\ADC.h"
 167  0003  1F00     R  	clr _NTC_MAP_2[1]
 167  0004  1F00     R  	clr _NTC_MAP_2[2]
 167  0005              _L182:
 172  0005              #line 172 "E:\hamed\touch2\touch-RGB-2key\clock-temp-touch\ADC.h"
 172  0005  0F00        	mov a,0
 172  0006  2000     R  	call _ADC_GetChannelValue
 174  0007              #line 174 "E:\hamed\touch2\touch-RGB-2key\clock-temp-touch\ADC.h"
 174  0007  0700     E  	mov a,ra
 174  0008  0380     R  	addm a,_NTC_MAP_2[1]
 174  0009  0700     E  	mov a,rb
 174  000A  1380     R  	adcm a,_NTC_MAP_2[2]
 175  000B              #line 175 "E:\hamed\touch2\touch-RGB-2key\clock-temp-touch\ADC.h"
 175  000B              ;# 175 "E:\hamed\touch2\touch-RGB-2key\clock-temp-touch\ADC.h" 1
 175  000B              	IF 1000>263690
 175  000B              ;# 175 "E:\hamed\touch2\touch-RGB-2key\clock-temp-touch\ADC.h" 1
 175  000B              	ERRMESSAGE 'the value 1000of the argument exceeds the maxinum 263690'
 175  000B              	ENDIF
 175  000B              ;# 175 "E:\hamed\touch2\touch-RGB-2key\clock-temp-touch\ADC.h" 1
 175  000B              	IF 1000<0
 175  000B              ;# 175 "E:\hamed\touch2\touch-RGB-2key\clock-temp-touch\ADC.h" 1
 175  000B              	ERRMESSAGE 'the value 1000 of the argument exceeds the mininum 0'
 175  000B              	ENDIF
 175  000B              ;# 175 "E:\hamed\touch2\touch-RGB-2key\clock-temp-touch\ADC.h" 1
 175  000B              	IF 1000==0
 175  000B              ;# 175 "E:\hamed\touch2\touch-RGB-2key\clock-temp-touch\ADC.h" 1
 175  000B              	JMP $
 175  000B              	ENDIF
 175  000B              ;# 175 "E:\hamed\touch2\touch-RGB-2key\clock-temp-touch\ADC.h" 1
 175  000B              	IF 1000==1
"File: ADC.h         Assembler  Version HGASM0202      Page 33

 175  000B              ;# 175 "E:\hamed\touch2\touch-RGB-2key\clock-temp-touch\ADC.h" 1
 175  000B              	NOP
 175  000B              	ENDIF
 175  000B              ;# 175 "E:\hamed\touch2\touch-RGB-2key\clock-temp-touch\ADC.h" 1
 175  000B              	IF 1000==2
 175  000B              ;# 175 "E:\hamed\touch2\touch-RGB-2key\clock-temp-touch\ADC.h" 1
 175  000B              	NOP
 175  000B              ;# 175 "E:\hamed\touch2\touch-RGB-2key\clock-temp-touch\ADC.h" 1
 175  000B              	NOP
 175  000B              	ENDIF
 175  000B              ;# 175 "E:\hamed\touch2\touch-RGB-2key\clock-temp-touch\ADC.h" 1
 175  000B              	IF 1000==3
 175  000B              ;# 175 "E:\hamed\touch2\touch-RGB-2key\clock-temp-touch\ADC.h" 1
 175  000B              	NOP
 175  000B              ;# 175 "E:\hamed\touch2\touch-RGB-2key\clock-temp-touch\ADC.h" 1
 175  000B              	NOP
 175  000B              ;# 175 "E:\hamed\touch2\touch-RGB-2key\clock-temp-touch\ADC.h" 1
 175  000B              	NOP
 175  000B              	ENDIF
 175  000B              ;# 175 "E:\hamed\touch2\touch-RGB-2key\clock-temp-touch\ADC.h" 1
 175  000B              	IF (1000<8) AND (1000>3)
 175  000B              ;# 175 "E:\hamed\touch2\touch-RGB-2key\clock-temp-touch\ADC.h" 1
 175  000B              	CALL __DELAY3 + 7 -1000
 175  000B              	ENDIF
 175  000B              ;# 175 "E:\hamed\touch2\touch-RGB-2key\clock-temp-touch\ADC.h" 1
 175  000B              	IF (1000< 0404h) AND (1000>7)
 175  000B              ;# 175 "E:\hamed\touch2\touch-RGB-2key\clock-temp-touch\ADC.h" 1
 175  000B  0FF9        	MOV A,1000/4-1
 175  000C              ;# 175 "E:\hamed\touch2\touch-RGB-2key\clock-temp-touch\ADC.h" 1
 175  000C  2000     E  	CALL __DELAYX3 + 3 -(1000 MOD 4)
 175  000D              	ENDIF
 175  000D              ;# 175 "E:\hamed\touch2\touch-RGB-2key\clock-temp-touch\ADC.h" 1
 175  000D              	IF (1000< 0x40B) AND (1000> 0403h)
 175  000D              ;# 175 "E:\hamed\touch2\touch-RGB-2key\clock-temp-touch\ADC.h" 1
 175  000D              	MOV A,0 
 175  000D              ;# 175 "E:\hamed\touch2\touch-RGB-2key\clock-temp-touch\ADC.h" 1
 175  000D              	CALL __DELAYX6 + 0x40a -1000
 175  000D              	ENDIF
 175  000D              ;# 175 "E:\hamed\touch2\touch-RGB-2key\clock-temp-touch\ADC.h" 1
 175  000D              	IF (1000 >= 0x40b) AND ((((1000-9)%0402h)/4+1)>256)
 175  000D              ;# 175 "E:\hamed\touch2\touch-RGB-2key\clock-temp-touch\ADC.h" 1
 175  000D              	MOV A,(1000-9)/0402h
 175  000D              ;# 175 "E:\hamed\touch2\touch-RGB-2key\clock-temp-touch\ADC.h" 1
 175  000D              	MOV _builtin_holtek_delay_2,A
 175  000D              ;# 175 "E:\hamed\touch2\touch-RGB-2key\clock-temp-touch\ADC.h" 1
 175  000D              	MOV A,0
 175  000D              ;# 175 "E:\hamed\touch2\touch-RGB-2key\clock-temp-touch\ADC.h" 1
 175  000D              	CALL __DELAYY5 +5- (((1000-9)%0402h)%6)
 175  000D              	ENDIF
 175  000D              ;# 175 "E:\hamed\touch2\touch-RGB-2key\clock-temp-touch\ADC.h" 1
 175  000D              	IF (1000 >= 0x40b) AND ((((1000-9)%0402h)/4+1)<=256)
 175  000D              ;# 175 "E:\hamed\touch2\touch-RGB-2key\clock-temp-touch\ADC.h" 1
 175  000D              	MOV A,(1000-9)/0402h
 175  000D              ;# 175 "E:\hamed\touch2\touch-RGB-2key\clock-temp-touch\ADC.h" 1
 175  000D              	MOV _builtin_holtek_delay_2,A
 175  000D              ;# 175 "E:\hamed\touch2\touch-RGB-2key\clock-temp-touch\ADC.h" 1
 175  000D              	MOV A,((1000-9)%0402h)/4+1
 175  000D              ;# 175 "E:\hamed\touch2\touch-RGB-2key\clock-temp-touch\ADC.h" 1
 175  000D              	CALL __DELAYY3 +3-(((1000-9)%0402h)%4)
 175  000D              	ENDIF
"File: ADC.h         Assembler  Version HGASM0202      Page 34

 176  000D              #line 176 "E:\hamed\touch2\touch-RGB-2key\clock-temp-touch\ADC.h"
 176  000D              ;# 176 "E:\hamed\touch2\touch-RGB-2key\clock-temp-touch\ADC.h" 1
 176  000D              	IF 1000>263690
 176  000D              ;# 176 "E:\hamed\touch2\touch-RGB-2key\clock-temp-touch\ADC.h" 1
 176  000D              	ERRMESSAGE 'the value 1000of the argument exceeds the maxinum 263690'
 176  000D              	ENDIF
 176  000D              ;# 176 "E:\hamed\touch2\touch-RGB-2key\clock-temp-touch\ADC.h" 1
 176  000D              	IF 1000<0
 176  000D              ;# 176 "E:\hamed\touch2\touch-RGB-2key\clock-temp-touch\ADC.h" 1
 176  000D              	ERRMESSAGE 'the value 1000 of the argument exceeds the mininum 0'
 176  000D              	ENDIF
 176  000D              ;# 176 "E:\hamed\touch2\touch-RGB-2key\clock-temp-touch\ADC.h" 1
 176  000D              	IF 1000==0
 176  000D              ;# 176 "E:\hamed\touch2\touch-RGB-2key\clock-temp-touch\ADC.h" 1
 176  000D              	JMP $
 176  000D              	ENDIF
 176  000D              ;# 176 "E:\hamed\touch2\touch-RGB-2key\clock-temp-touch\ADC.h" 1
 176  000D              	IF 1000==1
 176  000D              ;# 176 "E:\hamed\touch2\touch-RGB-2key\clock-temp-touch\ADC.h" 1
 176  000D              	NOP
 176  000D              	ENDIF
 176  000D              ;# 176 "E:\hamed\touch2\touch-RGB-2key\clock-temp-touch\ADC.h" 1
 176  000D              	IF 1000==2
 176  000D              ;# 176 "E:\hamed\touch2\touch-RGB-2key\clock-temp-touch\ADC.h" 1
 176  000D              	NOP
 176  000D              ;# 176 "E:\hamed\touch2\touch-RGB-2key\clock-temp-touch\ADC.h" 1
 176  000D              	NOP
 176  000D              	ENDIF
 176  000D              ;# 176 "E:\hamed\touch2\touch-RGB-2key\clock-temp-touch\ADC.h" 1
 176  000D              	IF 1000==3
 176  000D              ;# 176 "E:\hamed\touch2\touch-RGB-2key\clock-temp-touch\ADC.h" 1
 176  000D              	NOP
 176  000D              ;# 176 "E:\hamed\touch2\touch-RGB-2key\clock-temp-touch\ADC.h" 1
 176  000D              	NOP
 176  000D              ;# 176 "E:\hamed\touch2\touch-RGB-2key\clock-temp-touch\ADC.h" 1
 176  000D              	NOP
 176  000D              	ENDIF
 176  000D              ;# 176 "E:\hamed\touch2\touch-RGB-2key\clock-temp-touch\ADC.h" 1
 176  000D              	IF (1000<8) AND (1000>3)
 176  000D              ;# 176 "E:\hamed\touch2\touch-RGB-2key\clock-temp-touch\ADC.h" 1
 176  000D              	CALL __DELAY3 + 7 -1000
 176  000D              	ENDIF
 176  000D              ;# 176 "E:\hamed\touch2\touch-RGB-2key\clock-temp-touch\ADC.h" 1
 176  000D              	IF (1000< 0404h) AND (1000>7)
 176  000D              ;# 176 "E:\hamed\touch2\touch-RGB-2key\clock-temp-touch\ADC.h" 1
 176  000D  0FF9        	MOV A,1000/4-1
 176  000E              ;# 176 "E:\hamed\touch2\touch-RGB-2key\clock-temp-touch\ADC.h" 1
 176  000E  2000     E  	CALL __DELAYX3 + 3 -(1000 MOD 4)
 176  000F              	ENDIF
 176  000F              ;# 176 "E:\hamed\touch2\touch-RGB-2key\clock-temp-touch\ADC.h" 1
 176  000F              	IF (1000< 0x40B) AND (1000> 0403h)
 176  000F              ;# 176 "E:\hamed\touch2\touch-RGB-2key\clock-temp-touch\ADC.h" 1
 176  000F              	MOV A,0 
 176  000F              ;# 176 "E:\hamed\touch2\touch-RGB-2key\clock-temp-touch\ADC.h" 1
 176  000F              	CALL __DELAYX6 + 0x40a -1000
 176  000F              	ENDIF
 176  000F              ;# 176 "E:\hamed\touch2\touch-RGB-2key\clock-temp-touch\ADC.h" 1
 176  000F              	IF (1000 >= 0x40b) AND ((((1000-9)%0402h)/4+1)>256)
 176  000F              ;# 176 "E:\hamed\touch2\touch-RGB-2key\clock-temp-touch\ADC.h" 1
 176  000F              	MOV A,(1000-9)/0402h
"File: ADC.h         Assembler  Version HGASM0202      Page 35

 176  000F              ;# 176 "E:\hamed\touch2\touch-RGB-2key\clock-temp-touch\ADC.h" 1
 176  000F              	MOV _builtin_holtek_delay_2,A
 176  000F              ;# 176 "E:\hamed\touch2\touch-RGB-2key\clock-temp-touch\ADC.h" 1
 176  000F              	MOV A,0
 176  000F              ;# 176 "E:\hamed\touch2\touch-RGB-2key\clock-temp-touch\ADC.h" 1
 176  000F              	CALL __DELAYY5 +5- (((1000-9)%0402h)%6)
 176  000F              	ENDIF
 176  000F              ;# 176 "E:\hamed\touch2\touch-RGB-2key\clock-temp-touch\ADC.h" 1
 176  000F              	IF (1000 >= 0x40b) AND ((((1000-9)%0402h)/4+1)<=256)
 176  000F              ;# 176 "E:\hamed\touch2\touch-RGB-2key\clock-temp-touch\ADC.h" 1
 176  000F              	MOV A,(1000-9)/0402h
 176  000F              ;# 176 "E:\hamed\touch2\touch-RGB-2key\clock-temp-touch\ADC.h" 1
 176  000F              	MOV _builtin_holtek_delay_2,A
 176  000F              ;# 176 "E:\hamed\touch2\touch-RGB-2key\clock-temp-touch\ADC.h" 1
 176  000F              	MOV A,((1000-9)%0402h)/4+1
 176  000F              ;# 176 "E:\hamed\touch2\touch-RGB-2key\clock-temp-touch\ADC.h" 1
 176  000F              	CALL __DELAYY3 +3-(((1000-9)%0402h)%4)
 176  000F              	ENDIF
 176  000F  1780     R  	sdz _NTC_MAP_2[0]
 176  0010  2800     R  	jmp _L182
 179  0011              #line 179 "E:\hamed\touch2\touch-RGB-2key\clock-temp-touch\ADC.h"
 179  0011  36B0        	clr [48].5
 180  0012              #line 180 "E:\hamed\touch2\touch-RGB-2key\clock-temp-touch\ADC.h"
 180  0012  1F00     E  	clr _builtin_holtek_udivmodhi4_2[6]
 180  0013  0700     R  	mov a,_NTC_MAP_2[1]  
 180  0014  0080     E  	mov _builtin_holtek_udivmodhi4_2[0],a  
 180  0015  0700     R  	mov a,_NTC_MAP_2[2]  
 180  0016  0080     E  	mov _builtin_holtek_udivmodhi4_2[1],a
 180  0017  0F05        	mov a,5  
 180  0018  0080     E  	mov _builtin_holtek_udivmodhi4_2[2],a  
 180  0019  1F00     E  	clr _builtin_holtek_udivmodhi4_2[3]
 180  001A  2000     E  	call _builtin_holtek_udivmodhi4
 180  001B  0700     E  	mov a,_builtin_holtek_udivmodhi4_2[0]  
 180  001C  0080     E  	mov rd,a  
 180  001D  0700     E  	mov a,_builtin_holtek_udivmodhi4_2[1]  
 180  001E  0080     E  	mov re,a
 180  001F  0F63        	mov a,99
 180  0020  0080     E  	mov rf,a
 181  0021              #line 181 "E:\hamed\touch2\touch-RGB-2key\clock-temp-touch\ADC.h"
 181  0021  1F00     E  	clr ra
 181  0022              _L184:
 183  0022              #line 183 "E:\hamed\touch2\touch-RGB-2key\clock-temp-touch\ADC.h"
 183  0022  0700     E  	mov a,ra
 183  0023  0080     E  	mov rb,a
 183  0024  1F00     E  	clr rc
 183  0025  340A        	clr c
 183  0026  1A80     E  	rlc rb
 183  0027  1A80     E  	rlc rc
 183  0028  0F00     R  	mov a,low offset _NTC_Table
 183  0029  0300     E  	add a,rb
 183  002A  0083        	mov mp,a
 183  002B  0F00     R  	mov a,high offset _NTC_Table
 183  002C  1300     E  	adc a,rc
 183  002D  0084        	mov sbp,a
 183  002E  2000     E  	call _Crom2Prom
 183  002F  0080     E  	mov rb,a
 183  0030  2000     E  	call _Crom2PromNext
 183  0031  0080     E  	mov rc,a
 183  0032  0700     E  	mov a,rd
 183  0033  0200     E  	sub a,rb
"File: ADC.h         Assembler  Version HGASM0202      Page 36

 183  0034  0700     E  	mov a,re
 183  0035  1200     E  	sbc a,rc
 183  0036  380A        	snz c
 183  0037  2800     R  	jmp _L183
 181  0038              #line 181 "E:\hamed\touch2\touch-RGB-2key\clock-temp-touch\ADC.h"
 181  0038  1480     E  	inc ra
 181  0039  1780     E  	sdz rf
 181  003A  2800     R  	jmp _L184
 181  003B  0F63        	mov a,99
 181  003C  0080     E  	mov ra,a
 181  003D              _L183:
 189  003D              #line 189 "E:\hamed\touch2\touch-RGB-2key\clock-temp-touch\ADC.h"
 189  003D  1F00     E  	clr _builtin_holtek_udivmodqi4_2[3]
 189  003E  0700     E  	mov a,ra
 189  003F  0080     E  	mov _builtin_holtek_udivmodqi4_2[0],a
 189  0040  0F0A        	mov a,10
 189  0041  0080     E  	mov _builtin_holtek_udivmodqi4_2[1],a
 189  0042  2000     E  	call _builtin_holtek_udivmodqi4
 189  0043  0700     E  	mov a,_builtin_holtek_udivmodqi4_2[0]
 189  0044  0080     R  	mov _T1[0],a
 190  0045              #line 190 "E:\hamed\touch2\touch-RGB-2key\clock-temp-touch\ADC.h"
 190  0045  1F00     E  	clr _builtin_holtek_udivmodqi4_2[3]
 190  0046  0700     E  	mov a,ra
 190  0047  0080     E  	mov _builtin_holtek_udivmodqi4_2[0],a
 190  0048  0F0A        	mov a,10
 190  0049  0080     E  	mov _builtin_holtek_udivmodqi4_2[1],a
 190  004A  2000     E  	call _builtin_holtek_udivmodqi4
 190  004B  0700     E  	mov a,_builtin_holtek_udivmodqi4_2[2]
 190  004C  0080     R  	mov _T2[0],a
 193  004D              #line 193 "E:\hamed\touch2\touch-RGB-2key\clock-temp-touch\ADC.h"
 193  004D  0700     E  	mov a,ra
 193  004E  0003        	ret
 193  004F              _NTC_MAP endp
 193  004F              #line 193 "E:\hamed\touch2\touch-RGB-2key\clock-temp-touch\ADC.h"
 193  004F              #pragma debug scope 1 1
 193  004F              ___psc0r equ [50]
 193  004F              ___tb0c equ [51]
 193  004F              ___intc2 equ [18]
 193  004F              ___intc0 equ [16]
 193  004F              public _TB0_INIT
 193  004F              #pragma debug scope 21 1

  43  004F              #line 43 "E:\hamed\touch2\touch-RGB-2key\clock-temp-touch\TIMEBASE.h"
  43  0000              _TB0_INIT .section 'code'
  43  0000              _TB0_INIT proc
  44  0000              #line 44 "E:\hamed\touch2\touch-RGB-2key\clock-temp-touch\TIMEBASE.h"
  44  0000  30B2        	set [50].1
  44  0001  3032        	set [50].0
  45  0002              #line 45 "E:\hamed\touch2\touch-RGB-2key\clock-temp-touch\TIMEBASE.h"
  45  0002  33B3        	set [51].7
  46  0003              #line 46 "E:\hamed\touch2\touch-RGB-2key\clock-temp-touch\TIMEBASE.h"
  46  0003  3133        	set [51].2
  46  0004  30B3        	set [51].1
  46  0005  3033        	set [51].0
  47  0006              #line 47 "E:\hamed\touch2\touch-RGB-2key\clock-temp-touch\TIMEBASE.h"
  47  0006  3092        	set [18].1
  48  0007              #line 48 "E:\hamed\touch2\touch-RGB-2key\clock-temp-touch\TIMEBASE.h"
  48  0007  3692        	clr [18].5
  49  0008              #line 49 "E:\hamed\touch2\touch-RGB-2key\clock-temp-touch\TIMEBASE.h"
  49  0008  3010        	set [16].0
"File: TIMEBASE.h    Assembler  Version HGASM0202      Page 37

  49  0009  0003        	ret
  49  000A              _TB0_INIT endp
  49  000A              #line 49 "E:\hamed\touch2\touch-RGB-2key\clock-temp-touch\TIMEBASE.h"
  49  000A              #pragma debug scope 1 1
  49  000A              ___psc1r equ [68]
  49  000A              ___tb1c equ [52]
  49  000A              public _TB1_INIT
  49  000A              #pragma debug scope 22 1
  53  000A              #line 53 "E:\hamed\touch2\touch-RGB-2key\clock-temp-touch\TIMEBASE.h"
  53  0000              _TB1_INIT .section 'code'
  53  0000              _TB1_INIT proc
  54  0000              #line 54 "E:\hamed\touch2\touch-RGB-2key\clock-temp-touch\TIMEBASE.h"
  54  0000  34C4        	clr [68].1
  54  0001  3044        	set [68].0
  55  0002              #line 55 "E:\hamed\touch2\touch-RGB-2key\clock-temp-touch\TIMEBASE.h"
  55  0002  33B4        	set [52].7
  56  0003              #line 56 "E:\hamed\touch2\touch-RGB-2key\clock-temp-touch\TIMEBASE.h"
  56  0003  3534        	clr [52].2
  56  0004  30B4        	set [52].1
  56  0005  3434        	clr [52].0
  57  0006              #line 57 "E:\hamed\touch2\touch-RGB-2key\clock-temp-touch\TIMEBASE.h"
  57  0006  3112        	set [18].2
  58  0007              #line 58 "E:\hamed\touch2\touch-RGB-2key\clock-temp-touch\TIMEBASE.h"
  58  0007  3712        	clr [18].6
  59  0008              #line 59 "E:\hamed\touch2\touch-RGB-2key\clock-temp-touch\TIMEBASE.h"
  59  0008  3010        	set [16].0
  59  0009  0003        	ret
  59  000A              _TB1_INIT endp
  59  000A              #line 59 "E:\hamed\touch2\touch-RGB-2key\clock-temp-touch\TIMEBASE.h"
  59  000A              #pragma debug scope 1 1
  59  000A              public _TB0_ISR
  59  000A              #pragma debug scope 23 1
  65  000A              #line 65 "E:\hamed\touch2\touch-RGB-2key\clock-temp-touch\TIMEBASE.h"
  65  0000              @TB0_ISR_code .section at 36 'code'
  65  0000              ifdef INTERRUPT_DELAY
  65  0000              	nop
  65  0000              endif
  65  0000  0080     E  	mov r1,a
  65  0001  070A        	mov a,status
  65  0002              ifndef INTERRUPT_DELAY
  65  0002  0080     E  	mov r2,a
  65  0003              endif
  65  0003  2800     R  	jmp _TB0_ISR
  65  0004              #pragma debug scope 1 1
  65  0004              @dummy36 endp
  65  0004              #pragma debug scope 24 1
  65  0000              _TB0_ISR .section 'code'
  65  0000              _TB0_ISR proc
  65  0000              ifdef INTERRUPT_DELAY
  65  0000              	mov r2,a
  65  0000              endif
  80  0000              #line 80 "E:\hamed\touch2\touch-RGB-2key\clock-temp-touch\TIMEBASE.h"
  80  0000              ;# 80 "E:\hamed\touch2\touch-RGB-2key\clock-temp-touch\TIMEBASE.h" 1
  80  0000  0001        	clr wdt
  80  0001  0700     E  	mov a,r2
  80  0002  008A        	mov status,a
  80  0003  0700     E  	mov a,r1
  80  0004  0004        	reti
  80  0005              _TB0_ISR endp
  80  0005              
"File: TIMEBASE.h    Assembler  Version HGASM0202      Page 38

  80  0005              #line 80 "E:\hamed\touch2\touch-RGB-2key\clock-temp-touch\TIMEBASE.h"
  80  0005              #pragma debug scope 1 1
  80  0005              public _TB1_ISR
  80  0005              #pragma debug scope 25 1
  84  0005              #line 84 "E:\hamed\touch2\touch-RGB-2key\clock-temp-touch\TIMEBASE.h"
  84  0000              @TB1_ISR_code .section at 40 'code'
  84  0000              ifdef INTERRUPT_DELAY
  84  0000              	nop
  84  0000              endif
  84  0000  0080     E  	mov r1,a
  84  0001  070A        	mov a,status
  84  0002              ifndef INTERRUPT_DELAY
  84  0002  0080     E  	mov r2,a
  84  0003              endif
  84  0003  2800     R  	jmp _TB1_ISR
  84  0004              #pragma debug scope 1 1
  84  0004              @dummy40 endp
  84  0004              #pragma debug scope 26 1
  84  0000              _TB1_ISR .section 'code'
  84  0000              _TB1_ISR proc
  84  0000  00          local _TB1_ISR_2 db 1 dup(?)
  84  0000              ifdef INTERRUPT_DELAY
  84  0000              	mov r2,a
  84  0000              endif
  84  0000  0703        	mov a,mp
  84  0001  0080     E  	mov r3,a
  84  0002  0704        	mov a,sbp
  84  0003  0080     E  	mov r4,a
  84  0004  0707        	mov a,tblp
  84  0005  0080     E  	mov r5,a
  84  0006  0709        	mov a,tbhp
  84  0007  0080     E  	mov r6,a
  85  0008              #line 85 "E:\hamed\touch2\touch-RGB-2key\clock-temp-touch\TIMEBASE.h"
  85  0008              ;# 85 "E:\hamed\touch2\touch-RGB-2key\clock-temp-touch\TIMEBASE.h" 1
  85  0008  0001        	clr wdt
  87  0009              #line 87 "E:\hamed\touch2\touch-RGB-2key\clock-temp-touch\TIMEBASE.h"
  87  0009  2000     R  	call _Math
  90  000A              #line 90 "E:\hamed\touch2\touch-RGB-2key\clock-temp-touch\TIMEBASE.h"
  90  000A  3800     R  	snz _Litgh
  90  000B  2800     R  	jmp _L190
  92  000C              #line 92 "E:\hamed\touch2\touch-RGB-2key\clock-temp-touch\TIMEBASE.h"
  92  000C  0700     R  	mov a,_State[0]
  92  000D  0080     R  	mov _TB1_ISR_2[0],a
  92  000E  0700     R  	mov a,_TB1_ISR_2[0]
  92  000F  0A00        	sub a,0
  92  0010  3D0A        	sz z
  92  0011  2800     R  	jmp _L200
  92  0012  0A01        	sub a,(1)-(0)
  92  0013  3D0A        	sz z
  92  0014  2800     R  	jmp _L200
  92  0015  0700     R  	mov a,_TB1_ISR_2[0]
  92  0016  0A02        	sub a,2
  92  0017  3D0A        	sz z
  92  0018  2800     R  	jmp _L200
  92  0019  0A01        	sub a,(3)-(2)
  92  001A  3D0A        	sz z
  92  001B  2800     R  	jmp _L200
  92  001C  0700     R  	mov a,_TB1_ISR_2[0]
  92  001D  0A04        	sub a,4
  92  001E  3D0A        	sz z
"File: TIMEBASE.h    Assembler  Version HGASM0202      Page 39

  92  001F  2800     R  	jmp _L200
  92  0020  0A01        	sub a,(5)-(4)
  92  0021  3D0A        	sz z
  92  0022  2800     R  	jmp _L200
  92  0023  0700     R  	mov a,_TB1_ISR_2[0]
  92  0024  0A06        	sub a,6
  92  0025  3D0A        	sz z
  92  0026  2800     R  	jmp _L200
  92  0027  0A01        	sub a,(7)-(6)
  92  0028  3D0A        	sz z
  92  0029  2800     R  	jmp _L200
  92  002A  0700     R  	mov a,_TB1_ISR_2[0]
  92  002B  0A08        	sub a,8
  92  002C  3D0A        	sz z
  92  002D  2800     R  	jmp _L200
  92  002E  0A01        	sub a,(9)-(8)
  92  002F  3D0A        	sz z
  92  0030  2800     R  	jmp _L200
  92  0031  0700     R  	mov a,_TB1_ISR_2[0]
  92  0032  0A0A        	sub a,10
  92  0033  3D0A        	sz z
  92  0034  2800     R  	jmp _L201
  92  0035  0A01        	sub a,(11)-(10)
  92  0036  3D0A        	sz z
  92  0037  2800     R  	jmp _L204
  92  0038  0700     R  	mov a,_TB1_ISR_2[0]
  92  0039  0A0C        	sub a,12
  92  003A  3D0A        	sz z
  92  003B  2800     R  	jmp _L204
  92  003C  0A01        	sub a,(13)-(12)
  92  003D  3D0A        	sz z
  92  003E  2800     R  	jmp _L204
  92  003F  0700     R  	mov a,_TB1_ISR_2[0]
  92  0040  0A0E        	sub a,14
  92  0041  3D0A        	sz z
  92  0042  2800     R  	jmp _L205
  92  0043  0A06        	sub a,(20)-(14)
  92  0044  3D0A        	sz z
  92  0045  2800     R  	jmp _L210
  92  0046  0700     R  	mov a,_TB1_ISR_2[0]
  92  0047  0A15        	sub a,21
  92  0048  3D0A        	sz z
  92  0049  2800     R  	jmp _L210
  92  004A  0A01        	sub a,(22)-(21)
  92  004B  3D0A        	sz z
  92  004C  2800     R  	jmp _L210
  92  004D  0700     R  	mov a,_TB1_ISR_2[0]
  92  004E  0A17        	sub a,23
  92  004F  3D0A        	sz z
  92  0050  2800     R  	jmp _L210
  92  0051  0A01        	sub a,(24)-(23)
  92  0052  3D0A        	sz z
  92  0053  2800     R  	jmp _L210
  92  0054  0700     R  	mov a,_TB1_ISR_2[0]
  92  0055  0A19        	sub a,25
  92  0056  3D0A        	sz z
  92  0057  2800     R  	jmp _L215
  92  0058  0A01        	sub a,(26)-(25)
  92  0059  3D0A        	sz z
  92  005A  2800     R  	jmp _L215
"File: TIMEBASE.h    Assembler  Version HGASM0202      Page 40

  92  005B  0700     R  	mov a,_TB1_ISR_2[0]
  92  005C  0A1B        	sub a,27
  92  005D  3D0A        	sz z
  92  005E  2800     R  	jmp _L215
  92  005F  0A01        	sub a,(28)-(27)
  92  0060  3D0A        	sz z
  92  0061  2800     R  	jmp _L215
  92  0062  0700     R  	mov a,_TB1_ISR_2[0]
  92  0063  0A1D        	sub a,29
  92  0064  3D0A        	sz z
  92  0065  2800     R  	jmp _L215
  92  0066  0700     R  	mov a,_TB1_ISR_2[0]
  92  0067  0A1E        	sub a,30
  92  0068  390A        	snz z
  92  0069  2800     R  	jmp _L190
 120  006A              #line 120 "E:\hamed\touch2\touch-RGB-2key\clock-temp-touch\TIMEBASE.h"
 120  006A  1F00     E  	clr ra
 120  006B  3C00     R  	sz _Belinker
 120  006C  3000     E  	set ra.0
 120  006D  0F01        	mov a,1
 120  006E  0680     E  	andm a,ra
 120  006F  0F01        	mov a,1
 120  0070  0080     R  	mov _DispTimer_2[0],a
 120  0071  0700     E  	mov a,ra
 120  0072  2000     R  	call _DispTimer
 120  0073  1F00     R  	clr _State[0]
 120  0074  3400     R  	clr _Belinking
 120  0075  2800     R  	jmp _L190
 120  0076              _L200:
 103  0076              #line 103 "E:\hamed\touch2\touch-RGB-2key\clock-temp-touch\TIMEBASE.h"
 103  0076  0F01        	mov a,1
 103  0077  0080     R  	mov _DispTimer_2[0],a
 103  0078  2800     R  	jmp _L231
 103  0079              _L201:
 104  0079              #line 104 "E:\hamed\touch2\touch-RGB-2key\clock-temp-touch\TIMEBASE.h"
 104  0079  2000     R  	call _NTC_MAP
 104  007A  1480     R  	inc _State[0]
 104  007B  3000     R  	set _Dot
 104  007C  2800     R  	jmp _L190
 104  007D              _L204:
 107  007D              #line 107 "E:\hamed\touch2\touch-RGB-2key\clock-temp-touch\TIMEBASE.h"
 107  007D  2000     R  	call _DispTemp
 107  007E  2800     R  	jmp _L190
 107  007F              _L205:
 108  007F              #line 108 "E:\hamed\touch2\touch-RGB-2key\clock-temp-touch\TIMEBASE.h"
 108  007F  2000     R  	call _DispTemp
 108  0080  1F00     R  	clr _State[0]
 108  0081  3318        	set [24].6
 108  0082  2800     R  	jmp _L190
 108  0083              _L210:
 114  0083              #line 114 "E:\hamed\touch2\touch-RGB-2key\clock-temp-touch\TIMEBASE.h"
 114  0083  1F00     E  	clr ra
 114  0084  3C00     R  	sz _Belinker
 114  0085  3000     E  	set ra.0
 114  0086  0F01        	mov a,1
 114  0087  0680     E  	andm a,ra
 114  0088  0700     E  	mov a,ra
 114  0089  0080     R  	mov _DispTimer_2[0],a
 114  008A              _L231:
 114  008A  0F01        	mov a,1
"File: TIMEBASE.h    Assembler  Version HGASM0202      Page 41

 114  008B  2800     R  	jmp _L230
 114  008C              _L215:
 119  008C              #line 119 "E:\hamed\touch2\touch-RGB-2key\clock-temp-touch\TIMEBASE.h"
 119  008C  1F00     E  	clr ra
 119  008D  3C00     R  	sz _Belinker
 119  008E  3000     E  	set ra.0
 119  008F  0F01        	mov a,1
 119  0090  0680     E  	andm a,ra
 119  0091  0F01        	mov a,1
 119  0092  0080     R  	mov _DispTimer_2[0],a
 119  0093  0700     E  	mov a,ra
 119  0094              _L230:
 119  0094  2000     R  	call _DispTimer
 119  0095              _L190:
 141  0095              #line 141 "E:\hamed\touch2\touch-RGB-2key\clock-temp-touch\TIMEBASE.h"
 141  0095  3800     R  	snz _Belinking
 141  0096  2800     R  	jmp _L217
 143  0097              #line 143 "E:\hamed\touch2\touch-RGB-2key\clock-temp-touch\TIMEBASE.h"
 143  0097  1480     R  	inc _Belink[0]
 143  0098  3D0A        	sz z
 143  0099  1480     R  	inc _Belink[1]
 144  009A              #line 144 "E:\hamed\touch2\touch-RGB-2key\clock-temp-touch\TIMEBASE.h"
 144  009A  3400     R  	clr _Dot
 145  009B              #line 145 "E:\hamed\touch2\touch-RGB-2key\clock-temp-touch\TIMEBASE.h"
 145  009B  0FDB        	mov a,219
 145  009C  0200     R  	sub a,_Belink[0]
 145  009D  0F05        	mov a,5
 145  009E  1200     R  	sbc a,_Belink[1]
 145  009F  380A        	snz c
 145  00A0  2800     R  	jmp _L218
 145  00A1  3000     R  	set _Belinker
 145  00A2              _L218:
 146  00A2              #line 146 "E:\hamed\touch2\touch-RGB-2key\clock-temp-touch\TIMEBASE.h"
 146  00A2  0FDC        	mov a,220
 146  00A3  0200     R  	sub a,_Belink[0]
 146  00A4  0F05        	mov a,5
 146  00A5  1200     R  	sbc a,_Belink[1]
 146  00A6  3C0A        	sz c
 146  00A7  2800     R  	jmp _L219
 146  00A8  3400     R  	clr _Belinker
 146  00A9              _L219:
 147  00A9              #line 147 "E:\hamed\touch2\touch-RGB-2key\clock-temp-touch\TIMEBASE.h"
 147  00A9  0FB8        	mov a,184
 147  00AA  0200     R  	sub a,_Belink[0]
 147  00AB  0F0B        	mov a,11
 147  00AC  1200     R  	sbc a,_Belink[1]
 147  00AD  3C0A        	sz c
 147  00AE  2800     R  	jmp _L220
 147  00AF  1F00     R  	clr _Belink[0]
 147  00B0  1F00     R  	clr _Belink[1]
 147  00B1              _L217:
 149  00B1              #line 149 "E:\hamed\touch2\touch-RGB-2key\clock-temp-touch\TIMEBASE.h"
 149  00B1  3000     R  	set _Belinker
 149  00B2              _L220:
 150  00B2              #line 150 "E:\hamed\touch2\touch-RGB-2key\clock-temp-touch\TIMEBASE.h"
 150  00B2  3800     R  	snz _Bip
 150  00B3  2800     R  	jmp _L221
 152  00B4              #line 152 "E:\hamed\touch2\touch-RGB-2key\clock-temp-touch\TIMEBASE.h"
 152  00B4  1480     R  	inc _Biper[0]
 152  00B5  3D0A        	sz z
"File: TIMEBASE.h    Assembler  Version HGASM0202      Page 42

 152  00B6  1480     R  	inc _Biper[1]
 153  00B7              #line 153 "E:\hamed\touch2\touch-RGB-2key\clock-temp-touch\TIMEBASE.h"
 153  00B7  0FC7        	mov a,199
 153  00B8  0200     R  	sub a,_Biper[0]
 153  00B9  0F00        	mov a,0
 153  00BA  1200     R  	sbc a,_Biper[1]
 153  00BB  380A        	snz c
 153  00BC  2800     R  	jmp _L222
 153  00BD  3314        	set [20].6
 153  00BE              _L222:
 154  00BE              #line 154 "E:\hamed\touch2\touch-RGB-2key\clock-temp-touch\TIMEBASE.h"
 154  00BE  0FC8        	mov a,200
 154  00BF  0200     R  	sub a,_Biper[0]
 154  00C0  0F00        	mov a,0
 154  00C1  1200     R  	sbc a,_Biper[1]
 154  00C2  3C0A        	sz c
 154  00C3  2800     R  	jmp _L223
 154  00C4  0F2B        	mov a,43
 154  00C5  0200     R  	sub a,_Biper[0]
 154  00C6  0F01        	mov a,1
 154  00C7  1200     R  	sbc a,_Biper[1]
 154  00C8  380A        	snz c
 154  00C9  2800     R  	jmp _L223
 154  00CA  3714        	clr [20].6
 154  00CB              _L223:
 155  00CB              #line 155 "E:\hamed\touch2\touch-RGB-2key\clock-temp-touch\TIMEBASE.h"
 155  00CB  0F2C        	mov a,44
 155  00CC  0200     R  	sub a,_Biper[0]
 155  00CD  0F01        	mov a,1
 155  00CE  1200     R  	sbc a,_Biper[1]
 155  00CF  3C0A        	sz c
 155  00D0  2800     R  	jmp _L224
 155  00D1  0FF3        	mov a,243
 155  00D2  0200     R  	sub a,_Biper[0]
 155  00D3  0F01        	mov a,1
 155  00D4  1200     R  	sbc a,_Biper[1]
 155  00D5  380A        	snz c
 155  00D6  2800     R  	jmp _L224
 155  00D7  3314        	set [20].6
 155  00D8              _L224:
 156  00D8              #line 156 "E:\hamed\touch2\touch-RGB-2key\clock-temp-touch\TIMEBASE.h"
 156  00D8  0FF4        	mov a,244
 156  00D9  0200     R  	sub a,_Biper[0]
 156  00DA  0F01        	mov a,1
 156  00DB  1200     R  	sbc a,_Biper[1]
 156  00DC  3C0A        	sz c
 156  00DD  2800     R  	jmp _L225
 156  00DE  3714        	clr [20].6
 156  00DF              _L225:
 157  00DF              #line 157 "E:\hamed\touch2\touch-RGB-2key\clock-temp-touch\TIMEBASE.h"
 157  00DF  0FD0        	mov a,208
 157  00E0  0200     R  	sub a,_Biper[0]
 157  00E1  0F07        	mov a,7
 157  00E2  1200     R  	sbc a,_Biper[1]
 157  00E3  3C0A        	sz c
 157  00E4  2800     R  	jmp _L189
 157  00E5  1F00     R  	clr _Biper[0]
 157  00E6  1F00     R  	clr _Biper[1]
 157  00E7  2800     R  	jmp _L189
 157  00E8              _L221:
"File: TIMEBASE.h    Assembler  Version HGASM0202      Page 43

 159  00E8              #line 159 "E:\hamed\touch2\touch-RGB-2key\clock-temp-touch\TIMEBASE.h"
 159  00E8  1F00     R  	clr _Biper[0]
 159  00E9  1F00     R  	clr _Biper[1]
 159  00EA  3714        	clr [20].6
 159  00EB              _L189:
 159  00EB  0700     E  	mov a,r2
 159  00EC  008A        	mov status,a
 159  00ED  0700     E  	mov a,r3
 159  00EE  0083        	mov mp,a
 159  00EF  0700     E  	mov a,r4
 159  00F0  0084        	mov sbp,a
 159  00F1  0700     E  	mov a,r5
 159  00F2  0087        	mov tblp,a
 159  00F3  0700     E  	mov a,r6
 159  00F4  0089        	mov tbhp,a
 159  00F5  1D05        	tabrdc acc
 159  00F6  0700     E  	mov a,r1
 159  00F7  0004        	reti
 159  00F8              _TB1_ISR endp
 159  00F8              
 159  00F8              #line 159 "E:\hamed\touch2\touch-RGB-2key\clock-temp-touch\TIMEBASE.h"
 159  00F8              #pragma debug scope 1 1
 159  00F8              public _Date
 159  00F8              #pragma debug scope 27 1
 164  00F8              #line 164 "E:\hamed\touch2\touch-RGB-2key\clock-temp-touch\TIMEBASE.h"
 164  0000              _Date .section 'code'
 164  0000              _Date proc
 168  0000              #line 168 "E:\hamed\touch2\touch-RGB-2key\clock-temp-touch\TIMEBASE.h"
 168  0000  3C00     R  	sz _Dot
 168  0001  2800     R  	jmp _LI3
 168  0002  3000     R  	set _Dot
 168  0003  2800     R  	jmp _LI4
 168  0004              _LI3:
 168  0004  3400     R  	clr _Dot
 168  0005              _LI4:
 169  0005              #line 169 "E:\hamed\touch2\touch-RGB-2key\clock-temp-touch\TIMEBASE.h"
 169  0005  1480     R  	inc _State[0]
 171  0006              #line 171 "E:\hamed\touch2\touch-RGB-2key\clock-temp-touch\TIMEBASE.h"
 171  0006  1480     R  	inc _Sec[0]
 172  0007              #line 172 "E:\hamed\touch2\touch-RGB-2key\clock-temp-touch\TIMEBASE.h"
 172  0007  0F3A        	mov a,58
 172  0008  0200     R  	sub a,_Sec[0]
 172  0009  3C0A        	sz c
 172  000A  2800     R  	jmp _L232
 174  000B              #line 174 "E:\hamed\touch2\touch-RGB-2key\clock-temp-touch\TIMEBASE.h"
 174  000B  1F00     R  	clr _Sec[0]
 175  000C              #line 175 "E:\hamed\touch2\touch-RGB-2key\clock-temp-touch\TIMEBASE.h"
 175  000C  1480     R  	inc _Min[0]
 177  000D              #line 177 "E:\hamed\touch2\touch-RGB-2key\clock-temp-touch\TIMEBASE.h"
 177  000D  0F3B        	mov a,59
 177  000E  0200     R  	sub a,_Min[0]
 177  000F  3C0A        	sz c
 177  0010  2800     R  	jmp _L232
 179  0011              #line 179 "E:\hamed\touch2\touch-RGB-2key\clock-temp-touch\TIMEBASE.h"
 179  0011  1F00     R  	clr _Min[0]
 180  0012              #line 180 "E:\hamed\touch2\touch-RGB-2key\clock-temp-touch\TIMEBASE.h"
 180  0012  1480     R  	inc _Hrs[0]
 181  0013              #line 181 "E:\hamed\touch2\touch-RGB-2key\clock-temp-touch\TIMEBASE.h"
 181  0013  0700     R  	mov a,_Hrs[0]
 181  0014  0200     R  	sub a,_H124[0]
"File: TIMEBASE.h    Assembler  Version HGASM0202      Page 44

 181  0015  380A        	snz c
 181  0016  2800     R  	jmp _L232
 183  0017              #line 183 "E:\hamed\touch2\touch-RGB-2key\clock-temp-touch\TIMEBASE.h"
 183  0017  0700     R  	mov a,_H124[0]
 183  0018  0A0C        	sub a,12
 183  0019  390A        	snz z
 183  001A  2800     R  	jmp _L236
 183  001B  3C00     R  	sz _Seg1
 183  001C  2800     R  	jmp _LI5
 183  001D  3000     R  	set _Seg1
 183  001E  2800     R  	jmp _LI6
 183  001F              _LI5:
 183  001F  3400     R  	clr _Seg1
 183  0020              _LI6:
 183  0020  0F01        	mov a,1
 183  0021  0080     R  	mov _Hrs[0],a
 183  0022              _L236:
 184  0022              #line 184 "E:\hamed\touch2\touch-RGB-2key\clock-temp-touch\TIMEBASE.h"
 184  0022  0700     R  	mov a,_H124[0]
 184  0023  0A18        	sub a,24
 184  0024  3D0A        	sz z
 184  0025  2800     R  	jmp _L237
 184  0026  3800     R  	snz _Seg1
 184  0027  2800     R  	jmp _L232
 184  0028              _L237:
 186  0028              #line 186 "E:\hamed\touch2\touch-RGB-2key\clock-temp-touch\TIMEBASE.h"
 186  0028  1F00     R  	clr _Hrs[0]
 187  0029              #line 187 "E:\hamed\touch2\touch-RGB-2key\clock-temp-touch\TIMEBASE.h"
 187  0029  0700     R  	mov a,_H124[0]
 187  002A  0A0C        	sub a,12
 187  002B  390A        	snz z
 187  002C  2800     R  	jmp _L232
 187  002D  0F01        	mov a,1
 187  002E  0080     R  	mov _Hrs[0],a
 187  002F              _L232:
 187  002F  0003        	ret
 187  0030              _Date endp
 187  0030              #line 187 "E:\hamed\touch2\touch-RGB-2key\clock-temp-touch\TIMEBASE.h"
 187  0030              #pragma debug scope 1 1
 187  0030              ___ptmc1 equ [73]
 187  0030              ___ptmal equ [76]
 187  0030              ___ptmah equ [77]
 187  0030              ___ptmrpl equ [78]
 187  0030              ___ptmrph equ [79]
 187  0030              public _PTMR_PERIOD
 187  0030              #pragma debug scope 28 1

  36  0030              #line 36 "E:\hamed\touch2\touch-RGB-2key\clock-temp-touch\PTM.h"
  36  0000              _PTMR_PERIOD .section 'code'
  36  0000              _PTMR_PERIOD proc
  36  0000              public _PTMR_PERIOD_2
  36  0000  0002[           local _PTMR_PERIOD_2 db 2 dup(?)	; 2,0
            00
            ]
  36  0002              #pragma debug variable 12 28 _PTMR_PERIOD_2+0 "TempPeriod"
  36  0000  0700     R  	mov a,_PTMR_PERIOD_2[0]
  36  0001  0080     E  	mov ra,a
  37  0002              #line 37 "E:\hamed\touch2\touch-RGB-2key\clock-temp-touch\PTM.h"
  37  0002  3849        	snz [73].0
  37  0003  2800     R  	jmp _L242
"File: PTM.h         Assembler  Version HGASM0202      Page 45

  39  0004              #line 39 "E:\hamed\touch2\touch-RGB-2key\clock-temp-touch\PTM.h"
  39  0004  0700     E  	mov a,ra
  39  0005  00CC        	mov [76],a
  40  0006              #line 40 "E:\hamed\touch2\touch-RGB-2key\clock-temp-touch\PTM.h"
  40  0006  0700     R  	mov a,_PTMR_PERIOD_2[1]
  40  0007  00CD        	mov [77],a
  40  0008  2800     R  	jmp _L241
  40  0009              _L242:
  44  0009              #line 44 "E:\hamed\touch2\touch-RGB-2key\clock-temp-touch\PTM.h"
  44  0009  0700     E  	mov a,ra
  44  000A  00CE        	mov [78],a
  45  000B              #line 45 "E:\hamed\touch2\touch-RGB-2key\clock-temp-touch\PTM.h"
  45  000B  0700     R  	mov a,_PTMR_PERIOD_2[1]
  45  000C  00CF        	mov [79],a
  45  000D              _L241:
  45  000D  0003        	ret
  45  000E              _PTMR_PERIOD endp
  45  000E              #line 45 "E:\hamed\touch2\touch-RGB-2key\clock-temp-touch\PTM.h"
  45  000E              #pragma debug scope 1 1
  45  000E              ___ptmc0 equ [72]
  45  000E              ___mfi2 equ [44]
  45  000E              public _PTMRINIT
  45  000E              #pragma debug scope 29 1
  50  000E              #line 50 "E:\hamed\touch2\touch-RGB-2key\clock-temp-touch\PTM.h"
  50  0000              _PTMRINIT .section 'code'
  50  0000              _PTMRINIT proc
  51  0000              #line 51 "E:\hamed\touch2\touch-RGB-2key\clock-temp-touch\PTM.h"
  51  0000  33C9        	set [73].7
  51  0001  3349        	set [73].6
  52  0002              #line 52 "E:\hamed\touch2\touch-RGB-2key\clock-temp-touch\PTM.h"
  52  0002  3348        	set [72].6
  52  0003  36C8        	clr [72].5
  52  0004  3248        	set [72].4
  53  0005              #line 53 "E:\hamed\touch2\touch-RGB-2key\clock-temp-touch\PTM.h"
  53  0005  31C8        	set [72].3
  54  0006              #line 54 "E:\hamed\touch2\touch-RGB-2key\clock-temp-touch\PTM.h"
  54  0006  3049        	set [73].0
  55  0007              #line 55 "E:\hamed\touch2\touch-RGB-2key\clock-temp-touch\PTM.h"
  55  0007  0FFA        	mov a,-6
  55  0008  0080     R  	mov _PTMR_PERIOD_2[0],a
  55  0009  0F01        	mov a,1
  55  000A  0080     R  	mov _PTMR_PERIOD_2[1],a
  55  000B  2000     R  	call _PTMR_PERIOD
  56  000C              #line 56 "E:\hamed\touch2\touch-RGB-2key\clock-temp-touch\PTM.h"
  56  000C  30AC        	set [44].1
  57  000D              #line 57 "E:\hamed\touch2\touch-RGB-2key\clock-temp-touch\PTM.h"
  57  000D  342C        	clr [44].0
  58  000E              #line 58 "E:\hamed\touch2\touch-RGB-2key\clock-temp-touch\PTM.h"
  58  000E  37C8        	clr [72].7
  59  000F              #line 59 "E:\hamed\touch2\touch-RGB-2key\clock-temp-touch\PTM.h"
  59  000F  3012        	set [18].0
  60  0010              #line 60 "E:\hamed\touch2\touch-RGB-2key\clock-temp-touch\PTM.h"
  60  0010  3612        	clr [18].4
  61  0011              #line 61 "E:\hamed\touch2\touch-RGB-2key\clock-temp-touch\PTM.h"
  61  0011  3010        	set [16].0
  61  0012  0003        	ret
  61  0013              _PTMRINIT endp
  61  0013              #line 61 "E:\hamed\touch2\touch-RGB-2key\clock-temp-touch\PTM.h"
  61  0013              #pragma debug scope 1 1
  61  0013              public _PTMR
"File: PTM.h         Assembler  Version HGASM0202      Page 46

  61  0013              #pragma debug scope 30 1
  66  0013              #line 66 "E:\hamed\touch2\touch-RGB-2key\clock-temp-touch\PTM.h"
  66  0000              @PTMR_code .section at 32 'code'
  66  0000              ifdef INTERRUPT_DELAY
  66  0000              	nop
  66  0000              endif
  66  0000  0080     E  	mov r1,a
  66  0001  070A        	mov a,status
  66  0002              ifndef INTERRUPT_DELAY
  66  0002  0080     E  	mov r2,a
  66  0003              endif
  66  0003  2800     R  	jmp _PTMR
  66  0004              #pragma debug scope 1 1
  66  0004              @dummy32 endp
  66  0004              #pragma debug scope 31 1
  66  0000              _PTMR .section 'code'
  66  0000              _PTMR proc
  66  0000              ifdef INTERRUPT_DELAY
  66  0000              	mov r2,a
  66  0000              endif
  66  0000  0703        	mov a,mp
  66  0001  0080     E  	mov r3,a
  66  0002  0704        	mov a,sbp
  66  0003  0080     E  	mov r4,a
  66  0004  0707        	mov a,tblp
  66  0005  0080     E  	mov r5,a
  66  0006  0709        	mov a,tbhp
  66  0007  0080     E  	mov r6,a
  67  0008              #line 67 "E:\hamed\touch2\touch-RGB-2key\clock-temp-touch\PTM.h"
  67  0008  3AAC        	snz [44].5
  67  0009  2800     R  	jmp _L245
  69  000A              #line 69 "E:\hamed\touch2\touch-RGB-2key\clock-temp-touch\PTM.h"
  69  000A  36AC        	clr [44].5
  70  000B              #line 70 "E:\hamed\touch2\touch-RGB-2key\clock-temp-touch\PTM.h"
  70  000B              ;# 70 "E:\hamed\touch2\touch-RGB-2key\clock-temp-touch\PTM.h" 1
  70  000B  0001        	clr wdt
  71  000C              #line 71 "E:\hamed\touch2\touch-RGB-2key\clock-temp-touch\PTM.h"
  71  000C  1480     R  	inc _S[0]
  72  000D              #line 72 "E:\hamed\touch2\touch-RGB-2key\clock-temp-touch\PTM.h"
  72  000D  0F3F        	mov a,63
  72  000E  0200     R  	sub a,_S[0]
  72  000F  3C0A        	sz c
  72  0010  2800     R  	jmp _L247
  76  0011              #line 76 "E:\hamed\touch2\touch-RGB-2key\clock-temp-touch\PTM.h"
  76  0011  1F00     R  	clr _S[0]
  77  0012              #line 77 "E:\hamed\touch2\touch-RGB-2key\clock-temp-touch\PTM.h"
  77  0012  2000     R  	call _Date
  77  0013              _L247:
  82  0013              #line 82 "E:\hamed\touch2\touch-RGB-2key\clock-temp-touch\PTM.h"
  82  0013              ;# 82 "E:\hamed\touch2\touch-RGB-2key\clock-temp-touch\PTM.h" 1
  82  0013  0001        	clr wdt
  82  0014              _L245:
  82  0014  0700     E  	mov a,r2
  82  0015  008A        	mov status,a
  82  0016  0700     E  	mov a,r3
  82  0017  0083        	mov mp,a
  82  0018  0700     E  	mov a,r4
  82  0019  0084        	mov sbp,a
  82  001A  0700     E  	mov a,r5
  82  001B  0087        	mov tblp,a
"File: PTM.h         Assembler  Version HGASM0202      Page 47

  82  001C  0700     E  	mov a,r6
  82  001D  0089        	mov tbhp,a
  82  001E  1D05        	tabrdc acc
  82  001F  0700     E  	mov a,r1
  82  0020  0004        	reti
  82  0021              _PTMR endp
  82  0021              
  82  0021              #line 82 "E:\hamed\touch2\touch-RGB-2key\clock-temp-touch\PTM.h"
  82  0021              #pragma debug scope 1 1
  82  0021              ___tkc1 equ [260]
  82  0021              ___tktmr equ [256]
  82  0021              ___tkc0 equ [257]
  82  0021              ___tkm1rol equ [270]
  82  0021              ___tkm1roh equ [271]
  82  0021              ___tkm1c0 equ [272]
  82  0021              ___tkm1c1 equ [273]
  82  0021              ___pcs0 equ [329]
  82  0021              public _TuochKeyInit
  82  0021              #pragma debug scope 32 1

 120  0021              #line 120 "E:\hamed\touch2\touch-RGB-2key\clock-temp-touch\TOUCH.h"
 120  0000              _TuochKeyInit .section 'code'
 120  0000              _TuochKeyInit proc
 122  0000              #line 122 "E:\hamed\touch2\touch-RGB-2key\clock-temp-touch\TOUCH.h"
 122  0000  B584 0001   	lclr [260].3
 122  0002  B504 0001   	lclr [260].2
 123  0004              #line 123 "E:\hamed\touch2\touch-RGB-2key\clock-temp-touch\TOUCH.h"
 123  0004  B084 0001   	lset [260].1
 123  0006  B004 0001   	lset [260].0
 124  0008              #line 124 "E:\hamed\touch2\touch-RGB-2key\clock-temp-touch\TOUCH.h"
 124  0008  3590        	clr [16].3
 125  0009              #line 125 "E:\hamed\touch2\touch-RGB-2key\clock-temp-touch\TOUCH.h"
 125  0009  3710        	clr [16].6
 126  000A              #line 126 "E:\hamed\touch2\touch-RGB-2key\clock-temp-touch\TOUCH.h"
 126  000A  9F00 0001   	lclr [256]
 127  000C              #line 127 "E:\hamed\touch2\touch-RGB-2key\clock-temp-touch\TOUCH.h"
 127  000C  B381 0001   	lset [257].7
 128  000E              #line 128 "E:\hamed\touch2\touch-RGB-2key\clock-temp-touch\TOUCH.h"
 128  000E  B081 0001   	lset [257].1
 129  0010              #line 129 "E:\hamed\touch2\touch-RGB-2key\clock-temp-touch\TOUCH.h"
 129  0010  B604 0001   	lclr [260].4
 133  0012              #line 133 "E:\hamed\touch2\touch-RGB-2key\clock-temp-touch\TOUCH.h"
 133  0012  0FC8        	mov a,200
 133  0013  808E 0001   	lmov [270],a
 133  0015  9F0F 0001   	lclr [271]
 134  0017              #line 134 "E:\hamed\touch2\touch-RGB-2key\clock-temp-touch\TOUCH.h"
 134  0017  B110 0001   	lset [272].2
 134  0019  B090 0001   	lset [272].1
 134  001B  B010 0001   	lset [272].0
 135  001D              #line 135 "E:\hamed\touch2\touch-RGB-2key\clock-temp-touch\TOUCH.h"
 135  001D  B290 0001   	lset [272].5
 136  001F              #line 136 "E:\hamed\touch2\touch-RGB-2key\clock-temp-touch\TOUCH.h"
 136  001F  B590 0001   	lclr [272].3
 137  0021              #line 137 "E:\hamed\touch2\touch-RGB-2key\clock-temp-touch\TOUCH.h"
 137  0021  B791 0001   	lclr [273].7
 138  0023              #line 138 "E:\hamed\touch2\touch-RGB-2key\clock-temp-touch\TOUCH.h"
 138  0023  B291 0001   	lset [273].5
 139  0025              #line 139 "E:\hamed\touch2\touch-RGB-2key\clock-temp-touch\TOUCH.h"
 139  0025  B211 0001   	lset [273].4
 140  0027              #line 140 "E:\hamed\touch2\touch-RGB-2key\clock-temp-touch\TOUCH.h"
"File: TOUCH.h       Assembler  Version HGASM0202      Page 48

 140  0027  B591 0001   	lclr [273].3
 140  0029  B511 0001   	lclr [273].2
 140  002B  B091 0001   	lset [273].1
 140  002D  B011 0001   	lset [273].0
 141  002F              #line 141 "E:\hamed\touch2\touch-RGB-2key\clock-temp-touch\TOUCH.h"
 141  002F  B0C9 0001   	lset [329].1
 141  0031  B449 0001   	lclr [329].0
 142  0033              #line 142 "E:\hamed\touch2\touch-RGB-2key\clock-temp-touch\TOUCH.h"
 142  0033  B1C9 0001   	lset [329].3
 142  0035  B549 0001   	lclr [329].2
 142  0037  0003        	ret
 142  0038              _TuochKeyInit endp
 142  0038              #line 142 "E:\hamed\touch2\touch-RGB-2key\clock-temp-touch\TOUCH.h"
 142  0038              #pragma debug scope 1 1
 142  0038              ___pc equ [36]
 142  0038              public _Key_Touch
 142  0038              #pragma debug scope 33 1
 146  0038              #line 146 "E:\hamed\touch2\touch-RGB-2key\clock-temp-touch\TOUCH.h"
 146  0000              _Key_Touch .section 'code'
 146  0000              _Key_Touch proc
 148  0000              #line 148 "E:\hamed\touch2\touch-RGB-2key\clock-temp-touch\TOUCH.h"
 148  0000  0FCE        	mov a,206
 148  0001  0300     R  	add a,_Count_B1[0]
 148  0002  0080     E  	mov rb,a
 148  0003  0FFF        	mov a,255
 148  0004  1300     R  	adc a,_Count_B1[1]
 148  0005  0080     E  	mov rc,a
 148  0006  0700     R  	mov a,_Count_C1[0]
 148  0007  0200     E  	sub a,rb
 148  0008  0700     R  	mov a,_Count_C1[1]
 148  0009  1200     E  	sbc a,rc
 148  000A  3C0A        	sz c
 148  000B  2800     R  	jmp _L253
 148  000C              #line 148 "E:\hamed\touch2\touch-RGB-2key\clock-temp-touch\TOUCH.h"
 148  000C  0FD8        	mov a,216
 148  000D  0300     R  	add a,_Count_B2[0]
 148  000E  0080     E  	mov rb,a
 148  000F  0FFF        	mov a,255
 148  0010  1300     R  	adc a,_Count_B2[1]
 148  0011  0080     E  	mov rc,a
 148  0012  0700     E  	mov a,rb
 148  0013  0200     R  	sub a,_Count_C2[0]
 148  0014  0700     E  	mov a,rc
 148  0015  1200     R  	sbc a,_Count_C2[1]
 148  0016  3C0A        	sz c
 148  0017  2800     R  	jmp _L253
 149  0018              #line 149 "E:\hamed\touch2\touch-RGB-2key\clock-temp-touch\TOUCH.h"
 149  0018  1480     R  	inc _Count_T1[0]
 150  0019              #line 150 "E:\hamed\touch2\touch-RGB-2key\clock-temp-touch\TOUCH.h"
 150  0019  0F64        	mov a,100
 150  001A  0200     R  	sub a,_Count_T1[0]
 150  001B  3C0A        	sz c
 150  001C  2800     R  	jmp _L255
 150  001D  0F64        	mov a,100
 150  001E  0080     R  	mov _Count_T1[0],a
 150  001F  2800     R  	jmp _L255
 150  0020              _L253:
 151  0020              #line 151 "E:\hamed\touch2\touch-RGB-2key\clock-temp-touch\TOUCH.h"
 151  0020  0FF6        	mov a,246
 151  0021  0300     R  	add a,_Count_B1[0]
"File: TOUCH.h       Assembler  Version HGASM0202      Page 49

 151  0022  0080     E  	mov rb,a
 151  0023  0FFF        	mov a,255
 151  0024  1300     R  	adc a,_Count_B1[1]
 151  0025  0080     E  	mov rc,a
 151  0026  0700     E  	mov a,rb
 151  0027  0200     R  	sub a,_Count_C1[0]
 151  0028  0700     E  	mov a,rc
 151  0029  1200     R  	sbc a,_Count_C1[1]
 151  002A  3C0A        	sz c
 151  002B  2800     R  	jmp _L255
 151  002C  1F00     R  	clr _Count_T1[0]
 151  002D              _L255:
 153  002D              #line 153 "E:\hamed\touch2\touch-RGB-2key\clock-temp-touch\TOUCH.h"
 153  002D  0700     R  	mov a,_Count_T1[0]
 153  002E  0A3C        	sub a,60
 153  002F  390A        	snz z
 153  0030  2800     R  	jmp _L258
 155  0031              #line 155 "E:\hamed\touch2\touch-RGB-2key\clock-temp-touch\TOUCH.h"
 155  0031  0700     R  	mov a,_State[0]
 155  0032  0080     E  	mov ra,a
 155  0033  0F0E        	mov a,14
 155  0034  0200     R  	sub a,_State[0]
 155  0035  380A        	snz c
 155  0036  2800     R  	jmp _L259
 156  0037              #line 156 "E:\hamed\touch2\touch-RGB-2key\clock-temp-touch\TOUCH.h"
 156  0037  3800     R  	snz _q1
 156  0038  2800     R  	jmp _L260
 156  0039  3400     R  	clr _q1
 156  003A  2800     R  	jmp _L261
 156  003B              _L260:
 157  003B              #line 157 "E:\hamed\touch2\touch-RGB-2key\clock-temp-touch\TOUCH.h"
 157  003B  3000     R  	set _q1
 157  003C              _L261:
 159  003C              #line 159 "E:\hamed\touch2\touch-RGB-2key\clock-temp-touch\TOUCH.h"
 159  003C  1F00     E  	clr ra
 159  003D  3C00     R  	sz _q1
 159  003E  3000     E  	set ra.0
 159  003F  1B80     E  	rrc ra
 159  0040  1F00     E  	clr ra
 159  0041  1B80     E  	rrc ra
 159  0042  3794        	clr [20].7
 159  0043  0700     E  	mov a,ra
 159  0044  0594        	orm a,[20]
 160  0045              #line 160 "E:\hamed\touch2\touch-RGB-2key\clock-temp-touch\TOUCH.h"
 160  0045  1F00     E  	clr ra
 160  0046  3800     R  	snz _q1
 160  0047  3000     E  	set ra.0
 160  0048  3470        	clr [112].0
 160  0049  0700     E  	mov a,ra
 160  004A  05F0        	orm a,[112]
 160  004B              _L259:
 162  004B              #line 162 "E:\hamed\touch2\touch-RGB-2key\clock-temp-touch\TOUCH.h"
 162  004B  0F13        	mov a,19
 162  004C  0200     R  	sub a,_State[0]
 162  004D  3C0A        	sz c
 162  004E  2800     R  	jmp _L263
 162  004F  0F18        	mov a,24
 162  0050  0200     R  	sub a,_State[0]
 162  0051  380A        	snz c
 162  0052  2800     R  	jmp _L263
"File: TOUCH.h       Assembler  Version HGASM0202      Page 50

 163  0053              #line 163 "E:\hamed\touch2\touch-RGB-2key\clock-temp-touch\TOUCH.h"
 163  0053  1F00     R  	clr _Belink[0]
 163  0054  1F00     R  	clr _Belink[1]
 163  0055  3000     R  	set _Belinker
 164  0056              #line 164 "E:\hamed\touch2\touch-RGB-2key\clock-temp-touch\TOUCH.h"
 164  0056  0F14        	mov a,20
 164  0057  0080     R  	mov _State[0],a
 165  0058              #line 165 "E:\hamed\touch2\touch-RGB-2key\clock-temp-touch\TOUCH.h"
 165  0058  1780     R  	sdz _Min[0]
 165  0059  2800     R  	jmp _L263
 166  005A              #line 166 "E:\hamed\touch2\touch-RGB-2key\clock-temp-touch\TOUCH.h"
 166  005A  0F3C        	mov a,60
 166  005B  0080     R  	mov _Min[0],a
 166  005C              _L263:
 168  005C              #line 168 "E:\hamed\touch2\touch-RGB-2key\clock-temp-touch\TOUCH.h"
 168  005C  0F18        	mov a,24
 168  005D  0200     R  	sub a,_State[0]
 168  005E  3C0A        	sz c
 168  005F  2800     R  	jmp _L258
 168  0060  0F1E        	mov a,30
 168  0061  0200     R  	sub a,_State[0]
 168  0062  380A        	snz c
 168  0063  2800     R  	jmp _L258
 169  0064              #line 169 "E:\hamed\touch2\touch-RGB-2key\clock-temp-touch\TOUCH.h"
 169  0064  1F00     R  	clr _Belink[0]
 169  0065  1F00     R  	clr _Belink[1]
 169  0066  3000     R  	set _Belinker
 170  0067              #line 170 "E:\hamed\touch2\touch-RGB-2key\clock-temp-touch\TOUCH.h"
 170  0067  0F19        	mov a,25
 170  0068  0080     R  	mov _State[0],a
 171  0069              #line 171 "E:\hamed\touch2\touch-RGB-2key\clock-temp-touch\TOUCH.h"
 171  0069  1780     R  	sdz _Hrs[0]
 171  006A  2800     R  	jmp _L258
 172  006B              #line 172 "E:\hamed\touch2\touch-RGB-2key\clock-temp-touch\TOUCH.h"
 172  006B  0F17        	mov a,23
 172  006C  0080     R  	mov _Hrs[0],a
 172  006D              _L258:
 178  006D              #line 178 "E:\hamed\touch2\touch-RGB-2key\clock-temp-touch\TOUCH.h"
 178  006D  0FCE        	mov a,206
 178  006E  0300     R  	add a,_Count_B2[0]
 178  006F  0080     E  	mov rb,a
 178  0070  0FFF        	mov a,255
 178  0071  1300     R  	adc a,_Count_B2[1]
 178  0072  0080     E  	mov rc,a
 178  0073  0700     R  	mov a,_Count_C2[0]
 178  0074  0200     E  	sub a,rb
 178  0075  0700     R  	mov a,_Count_C2[1]
 178  0076  1200     E  	sbc a,rc
 178  0077  3C0A        	sz c
 178  0078  2800     R  	jmp _L266
 178  0079  0FD8        	mov a,216
 178  007A  0300     R  	add a,_Count_B1[0]
 178  007B  0080     E  	mov rb,a
 178  007C  0FFF        	mov a,255
 178  007D  1300     R  	adc a,_Count_B1[1]
 178  007E  0080     E  	mov rc,a
 178  007F  0700     E  	mov a,rb
 178  0080  0200     R  	sub a,_Count_C1[0]
 178  0081  0700     E  	mov a,rc
 178  0082  1200     R  	sbc a,_Count_C1[1]
"File: TOUCH.h       Assembler  Version HGASM0202      Page 51

 178  0083  3C0A        	sz c
 178  0084  2800     R  	jmp _L266
 179  0085              #line 179 "E:\hamed\touch2\touch-RGB-2key\clock-temp-touch\TOUCH.h"
 179  0085  1480     R  	inc _Count_T2[0]
 180  0086              #line 180 "E:\hamed\touch2\touch-RGB-2key\clock-temp-touch\TOUCH.h"
 180  0086  0F64        	mov a,100
 180  0087  0200     R  	sub a,_Count_T2[0]
 180  0088  3C0A        	sz c
 180  0089  2800     R  	jmp _L268
 180  008A  0F64        	mov a,100
 180  008B  0080     R  	mov _Count_T2[0],a
 180  008C  2800     R  	jmp _L268
 180  008D              _L266:
 181  008D              #line 181 "E:\hamed\touch2\touch-RGB-2key\clock-temp-touch\TOUCH.h"
 181  008D  0FF6        	mov a,246
 181  008E  0300     R  	add a,_Count_B2[0]
 181  008F  0080     E  	mov rb,a
 181  0090  0FFF        	mov a,255
 181  0091  1300     R  	adc a,_Count_B2[1]
 181  0092  0080     E  	mov rc,a
 181  0093  0700     E  	mov a,rb
 181  0094  0200     R  	sub a,_Count_C2[0]
 181  0095  0700     E  	mov a,rc
 181  0096  1200     R  	sbc a,_Count_C2[1]
 181  0097  3C0A        	sz c
 181  0098  2800     R  	jmp _L268
 181  0099  1F00     R  	clr _Count_T2[0]
 181  009A              _L268:
 183  009A              #line 183 "E:\hamed\touch2\touch-RGB-2key\clock-temp-touch\TOUCH.h"
 183  009A  0700     R  	mov a,_Count_T2[0]
 183  009B  0A3C        	sub a,60
 183  009C  390A        	snz z
 183  009D  2800     R  	jmp _L271
 185  009E              #line 185 "E:\hamed\touch2\touch-RGB-2key\clock-temp-touch\TOUCH.h"
 185  009E  0700     R  	mov a,_State[0]
 185  009F  0080     E  	mov ra,a
 185  00A0  0F0E        	mov a,14
 185  00A1  0200     R  	sub a,_State[0]
 185  00A2  380A        	snz c
 185  00A3  2800     R  	jmp _L272
 186  00A4              #line 186 "E:\hamed\touch2\touch-RGB-2key\clock-temp-touch\TOUCH.h"
 186  00A4  3800     R  	snz _q2
 186  00A5  2800     R  	jmp _L273
 186  00A6  3400     R  	clr _q2
 186  00A7  2800     R  	jmp _L274
 186  00A8              _L273:
 187  00A8              #line 187 "E:\hamed\touch2\touch-RGB-2key\clock-temp-touch\TOUCH.h"
 187  00A8  3000     R  	set _q2
 187  00A9              _L274:
 189  00A9              #line 189 "E:\hamed\touch2\touch-RGB-2key\clock-temp-touch\TOUCH.h"
 189  00A9  1F00     E  	clr rb
 189  00AA  3C00     R  	sz _q2
 189  00AB  3000     E  	set rb.0
 189  00AC  1F00     E  	clr ra
 189  00AD  1080     E  	sz rb
 189  00AE  3000     E  	set ra.2
 189  00AF  3524        	clr [36].2
 189  00B0  0700     E  	mov a,ra
 189  00B1  05A4        	orm a,[36]
 190  00B2              #line 190 "E:\hamed\touch2\touch-RGB-2key\clock-temp-touch\TOUCH.h"
"File: TOUCH.h       Assembler  Version HGASM0202      Page 52

 190  00B2  1F00     E  	clr ra
 190  00B3  3800     R  	snz _q2
 190  00B4  3000     E  	set ra.0
 190  00B5  1100     E  	swapa ra
 190  00B6  1985        	rr acc
 190  00B7  0EF8        	and a,0f8h
 190  00B8  0080     E  	mov ra,a
 190  00B9  35A4        	clr [36].3
 190  00BA  0700     E  	mov a,ra
 190  00BB  05A4        	orm a,[36]
 190  00BC              _L272:
 192  00BC              #line 192 "E:\hamed\touch2\touch-RGB-2key\clock-temp-touch\TOUCH.h"
 192  00BC  0F13        	mov a,19
 192  00BD  0200     R  	sub a,_State[0]
 192  00BE  3C0A        	sz c
 192  00BF  2800     R  	jmp _L276
 192  00C0  0F18        	mov a,24
 192  00C1  0200     R  	sub a,_State[0]
 192  00C2  380A        	snz c
 192  00C3  2800     R  	jmp _L276
 193  00C4              #line 193 "E:\hamed\touch2\touch-RGB-2key\clock-temp-touch\TOUCH.h"
 193  00C4  1F00     R  	clr _Belink[0]
 193  00C5  1F00     R  	clr _Belink[1]
 193  00C6  3000     R  	set _Belinker
 194  00C7              #line 194 "E:\hamed\touch2\touch-RGB-2key\clock-temp-touch\TOUCH.h"
 194  00C7  0F14        	mov a,20
 194  00C8  0080     R  	mov _State[0],a
 195  00C9              #line 195 "E:\hamed\touch2\touch-RGB-2key\clock-temp-touch\TOUCH.h"
 195  00C9  1480     R  	inc _Min[0]
 196  00CA              #line 196 "E:\hamed\touch2\touch-RGB-2key\clock-temp-touch\TOUCH.h"
 196  00CA  0F3B        	mov a,59
 196  00CB  0200     R  	sub a,_Min[0]
 196  00CC  3C0A        	sz c
 196  00CD  2800     R  	jmp _L276
 196  00CE  1F00     R  	clr _Min[0]
 196  00CF              _L276:
 198  00CF              #line 198 "E:\hamed\touch2\touch-RGB-2key\clock-temp-touch\TOUCH.h"
 198  00CF  0F18        	mov a,24
 198  00D0  0200     R  	sub a,_State[0]
 198  00D1  3C0A        	sz c
 198  00D2  2800     R  	jmp _L271
 198  00D3  0F1E        	mov a,30
 198  00D4  0200     R  	sub a,_State[0]
 198  00D5  380A        	snz c
 198  00D6  2800     R  	jmp _L271
 199  00D7              #line 199 "E:\hamed\touch2\touch-RGB-2key\clock-temp-touch\TOUCH.h"
 199  00D7  1F00     R  	clr _Belink[0]
 199  00D8  1F00     R  	clr _Belink[1]
 199  00D9  3000     R  	set _Belinker
 200  00DA              #line 200 "E:\hamed\touch2\touch-RGB-2key\clock-temp-touch\TOUCH.h"
 200  00DA  0F19        	mov a,25
 200  00DB  0080     R  	mov _State[0],a
 201  00DC              #line 201 "E:\hamed\touch2\touch-RGB-2key\clock-temp-touch\TOUCH.h"
 201  00DC  1480     R  	inc _Hrs[0]
 202  00DD              #line 202 "E:\hamed\touch2\touch-RGB-2key\clock-temp-touch\TOUCH.h"
 202  00DD  0F17        	mov a,23
 202  00DE  0200     R  	sub a,_Hrs[0]
 202  00DF  3C0A        	sz c
 202  00E0  2800     R  	jmp _L271
 202  00E1  1F00     R  	clr _Hrs[0]
"File: TOUCH.h       Assembler  Version HGASM0202      Page 53

 202  00E2              _L271:
 209  00E2              #line 209 "E:\hamed\touch2\touch-RGB-2key\clock-temp-touch\TOUCH.h"
 209  00E2  0FCE        	mov a,206
 209  00E3  0300     R  	add a,_Count_B2[0]
 209  00E4  0080     E  	mov rb,a
 209  00E5  0FFF        	mov a,255
 209  00E6  1300     R  	adc a,_Count_B2[1]
 209  00E7  0080     E  	mov rc,a
 209  00E8  0700     R  	mov a,_Count_C2[0]
 209  00E9  0200     E  	sub a,rb
 209  00EA  0700     R  	mov a,_Count_C2[1]
 209  00EB  1200     E  	sbc a,rc
 209  00EC  3C0A        	sz c
 209  00ED  2800     R  	jmp _L279
 209  00EE  0FCE        	mov a,206
 209  00EF  0300     R  	add a,_Count_B1[0]
 209  00F0  0080     E  	mov rb,a
 209  00F1  0FFF        	mov a,255
 209  00F2  1300     R  	adc a,_Count_B1[1]
 209  00F3  0080     E  	mov rc,a
 209  00F4  0700     R  	mov a,_Count_C1[0]
 209  00F5  0200     E  	sub a,rb
 209  00F6  0700     R  	mov a,_Count_C1[1]
 209  00F7  1200     E  	sbc a,rc
 209  00F8  3C0A        	sz c
 209  00F9  2800     R  	jmp _L279
 210  00FA              #line 210 "E:\hamed\touch2\touch-RGB-2key\clock-temp-touch\TOUCH.h"
 210  00FA  1480     R  	inc _Count_TQ[0]
 210  00FB  3D0A        	sz z
 210  00FC  1480     R  	inc _Count_TQ[1]
 211  00FD              #line 211 "E:\hamed\touch2\touch-RGB-2key\clock-temp-touch\TOUCH.h"
 211  00FD  0FC8        	mov a,200
 211  00FE  0200     R  	sub a,_Count_TQ[0]
 211  00FF  0F00        	mov a,0
 211  0100  1200     R  	sbc a,_Count_TQ[1]
 211  0101  3C0A        	sz c
 211  0102  2800     R  	jmp _L281
 211  0103  0FC8        	mov a,200
 211  0104  0080     R  	mov _Count_T2[0],a
 211  0105  2800     R  	jmp _L281
 211  0106              _L279:
 212  0106              #line 212 "E:\hamed\touch2\touch-RGB-2key\clock-temp-touch\TOUCH.h"
 212  0106  0FF6        	mov a,246
 212  0107  0300     R  	add a,_Count_B2[0]
 212  0108  0080     E  	mov rb,a
 212  0109  0FFF        	mov a,255
 212  010A  1300     R  	adc a,_Count_B2[1]
 212  010B  0080     E  	mov rc,a
 212  010C  0700     E  	mov a,rb
 212  010D  0200     R  	sub a,_Count_C2[0]
 212  010E  0700     E  	mov a,rc
 212  010F  1200     R  	sbc a,_Count_C2[1]
 212  0110  3C0A        	sz c
 212  0111  2800     R  	jmp _L281
 212  0112  0FF6        	mov a,246
 212  0113  0300     R  	add a,_Count_B1[0]
 212  0114  0080     E  	mov rb,a
 212  0115  0FFF        	mov a,255
 212  0116  1300     R  	adc a,_Count_B1[1]
 212  0117  0080     E  	mov rc,a
"File: TOUCH.h       Assembler  Version HGASM0202      Page 54

 212  0118  0700     E  	mov a,rb
 212  0119  0200     R  	sub a,_Count_C1[0]
 212  011A  0700     E  	mov a,rc
 212  011B  1200     R  	sbc a,_Count_C1[1]
 212  011C  3C0A        	sz c
 212  011D  2800     R  	jmp _L281
 212  011E  1F00     R  	clr _Count_TQ[0]
 212  011F  1F00     R  	clr _Count_TQ[1]
 212  0120              _L281:
 214  0120              #line 214 "E:\hamed\touch2\touch-RGB-2key\clock-temp-touch\TOUCH.h"
 214  0120  0700     R  	mov a,_Count_TQ[0]
 214  0121  0CBE        	xor a,190
 214  0122  0500     R  	or a,_Count_TQ[1]
 214  0123  390A        	snz z
 214  0124  2800     R  	jmp _L252
 216  0125              #line 216 "E:\hamed\touch2\touch-RGB-2key\clock-temp-touch\TOUCH.h"
 216  0125  3000     R  	set _Belinking
 216  0126  0F14        	mov a,20
 216  0127  0080     R  	mov _State[0],a
 216  0128              _L252:
 216  0128  0003        	ret
 216  0129              _Key_Touch endp
 216  0129              #line 216 "E:\hamed\touch2\touch-RGB-2key\clock-temp-touch\TOUCH.h"
 216  0129              #pragma debug scope 1 1
 216  0129              ___tkm1c2 equ [274]
 216  0129              ___tkm116dh equ [269]
 216  0129              ___tkm116dl equ [268]
 216  0129              public _CalibrTuoch
 216  0129              #pragma debug scope 34 1
 223  0129              #line 223 "E:\hamed\touch2\touch-RGB-2key\clock-temp-touch\TOUCH.h"
 223  0000              _CalibrTuoch .section 'code'
 223  0000              _CalibrTuoch proc
 223  0000  0004[           local _CalibrTuoch_2 db 4 dup(?)	; 0,4
            00
            ]
 224  0004              #line 224 "E:\hamed\touch2\touch-RGB-2key\clock-temp-touch\TOUCH.h"
 224  0000  1F00     R  	clr _j[0]
 224  0001              _L285:
 224  0001              #line 224 "E:\hamed\touch2\touch-RGB-2key\clock-temp-touch\TOUCH.h"
 224  0001  0F01        	mov a,1
 224  0002  0200     R  	sub a,_j[0]
 224  0003  380A        	snz c
 224  0004  2800     R  	jmp _L297
 226  0005              #line 226 "E:\hamed\touch2\touch-RGB-2key\clock-temp-touch\TOUCH.h"
 226  0005  B681 0001   	lclr [257].5
 227  0007              #line 227 "E:\hamed\touch2\touch-RGB-2key\clock-temp-touch\TOUCH.h"
 227  0007  1080     R  	sz _j[0]
 227  0008  2800     R  	jmp _L286
 227  0009  B492 0001   	lclr [274].1
 227  000B  B412 0001   	lclr [274].0
 227  000D  0FF4        	mov a,-12
 227  000E  0080     R  	mov _delay_10us_2[0],a
 227  000F  0F01        	mov a,1
 227  0010  0080     R  	mov _delay_10us_2[1],a
 227  0011  1F00     R  	clr _delay_10us_2[2]
 227  0012  1F00     R  	clr _delay_10us_2[3]
 227  0013  2000     R  	call _delay_10us
 227  0014              _L286:
 228  0014              #line 228 "E:\hamed\touch2\touch-RGB-2key\clock-temp-touch\TOUCH.h"
 228  0014  1700     R  	sdza _j[0]
"File: TOUCH.h       Assembler  Version HGASM0202      Page 55

 228  0015  2800     R  	jmp _L287
 228  0016  B492 0001   	lclr [274].1
 228  0018  B012 0001   	lset [274].0
 228  001A  0FF4        	mov a,-12
 228  001B  0080     R  	mov _delay_10us_2[0],a
 228  001C  0F01        	mov a,1
 228  001D  0080     R  	mov _delay_10us_2[1],a
 228  001E  1F00     R  	clr _delay_10us_2[2]
 228  001F  1F00     R  	clr _delay_10us_2[3]
 228  0020  2000     R  	call _delay_10us
 228  0021              _L287:
 230  0021              #line 230 "E:\hamed\touch2\touch-RGB-2key\clock-temp-touch\TOUCH.h"
 230  0021              ;# 230 "E:\hamed\touch2\touch-RGB-2key\clock-temp-touch\TOUCH.h" 1
 230  0021  0001        	clr wdt
 232  0022              #line 232 "E:\hamed\touch2\touch-RGB-2key\clock-temp-touch\TOUCH.h"
 232  0022  1F00     R  	clr _i[0]
 232  0023              _L288:
 232  0023  0F13        	mov a,19
 232  0024  0200     R  	sub a,_i[0]
 232  0025  380A        	snz c
 232  0026  2800     R  	jmp _L298
 234  0027              #line 234 "E:\hamed\touch2\touch-RGB-2key\clock-temp-touch\TOUCH.h"
 234  0027  1080     R  	sz _j[0]
 234  0028  2800     R  	jmp _L289
 234  0029  B291 0001   	lset [273].5
 234  002B  B211 0001   	lset [273].4
 234  002D              _L289:
 235  002D              #line 235 "E:\hamed\touch2\touch-RGB-2key\clock-temp-touch\TOUCH.h"
 235  002D  1700     R  	sdza _j[0]
 235  002E  2800     R  	jmp _L290
 235  002F  B291 0001   	lset [273].5
 235  0031  B211 0001   	lset [273].4
 235  0033              _L290:
 237  0033              #line 237 "E:\hamed\touch2\touch-RGB-2key\clock-temp-touch\TOUCH.h"
 237  0033  B281 0001   	lset [257].5
 239  0035              #line 239 "E:\hamed\touch2\touch-RGB-2key\clock-temp-touch\TOUCH.h"
 239  0035              ;# 239 "E:\hamed\touch2\touch-RGB-2key\clock-temp-touch\TOUCH.h" 1
 239  0035  0001        	clr wdt
 239  0036              _L292:
 240  0036              #line 240 "E:\hamed\touch2\touch-RGB-2key\clock-temp-touch\TOUCH.h"
 240  0036  BB01 0001   	lsnz [257].6
 240  0038  2800     R  	jmp _L292
 242  0039              #line 242 "E:\hamed\touch2\touch-RGB-2key\clock-temp-touch\TOUCH.h"
 242  0039  1080     R  	sz _j[0]
 242  003A  2800     R  	jmp _L293
 242  003B  870D 0001   	lmov a,[269]
 242  003D  0080     R  	mov _CalibrTuoch_2[1],a
 242  003E  1F00     R  	clr _CalibrTuoch_2[0]
 242  003F  0700     R  	mov a,_CalibrTuoch_2[1]
 242  0040  0080     R  	mov _Count_C1[1],a
 242  0041  870C 0001   	lmov a,[268]
 242  0043  0500     R  	or a,_CalibrTuoch_2[0]
 242  0044  0080     R  	mov _Count_C1[0],a
 242  0045  0700     R  	mov a,_Count_C1[0]
 242  0046  0380     R  	addm a,_Count_P1[0]
 242  0047  0700     R  	mov a,_Count_C1[1]
 242  0048  1380     R  	adcm a,_Count_P1[1]
 242  0049  1F05        	clr acc
 242  004A  1380     R  	adcm a,_Count_P1[2]
 242  004B  1380     R  	adcm a,_Count_P1[3]
"File: TOUCH.h       Assembler  Version HGASM0202      Page 56

 242  004C              _L293:
 243  004C              #line 243 "E:\hamed\touch2\touch-RGB-2key\clock-temp-touch\TOUCH.h"
 243  004C  1700     R  	sdza _j[0]
 243  004D  2800     R  	jmp _L294
 243  004E  870D 0001   	lmov a,[269]
 243  0050  0080     R  	mov _CalibrTuoch_2[3],a
 243  0051  1F00     R  	clr _CalibrTuoch_2[2]
 243  0052  0700     R  	mov a,_CalibrTuoch_2[3]
 243  0053  0080     R  	mov _Count_C2[1],a
 243  0054  870C 0001   	lmov a,[268]
 243  0056  0500     R  	or a,_CalibrTuoch_2[2]
 243  0057  0080     R  	mov _Count_C2[0],a
 243  0058  0700     R  	mov a,_Count_C2[0]
 243  0059  0380     R  	addm a,_Count_P2[0]
 243  005A  0700     R  	mov a,_Count_C2[1]
 243  005B  1380     R  	adcm a,_Count_P2[1]
 243  005C  1F05        	clr acc
 243  005D  1380     R  	adcm a,_Count_P2[2]
 243  005E  1380     R  	adcm a,_Count_P2[3]
 243  005F              _L294:
 245  005F              #line 245 "E:\hamed\touch2\touch-RGB-2key\clock-temp-touch\TOUCH.h"
 245  005F  B701 0001   	lclr [257].6
 246  0061              #line 246 "E:\hamed\touch2\touch-RGB-2key\clock-temp-touch\TOUCH.h"
 246  0061  B681 0001   	lclr [257].5
 248  0063              #line 248 "E:\hamed\touch2\touch-RGB-2key\clock-temp-touch\TOUCH.h"
 248  0063              ;# 248 "E:\hamed\touch2\touch-RGB-2key\clock-temp-touch\TOUCH.h" 1
 248  0063  0001        	clr wdt
 249  0064              #line 249 "E:\hamed\touch2\touch-RGB-2key\clock-temp-touch\TOUCH.h"
 249  0064  0F05        	mov a,5
 249  0065  0080     R  	mov _delay_ms_2[0],a
 249  0066  1F00     R  	clr _delay_ms_2[1]
 249  0067  1F00     R  	clr _delay_ms_2[2]
 249  0068  1F00     R  	clr _delay_ms_2[3]
 249  0069  2000     R  	call _delay_ms
 232  006A              #line 232 "E:\hamed\touch2\touch-RGB-2key\clock-temp-touch\TOUCH.h"
 232  006A  1480     R  	inc _i[0]
 232  006B  2800     R  	jmp _L288
 232  006C              _L298:
 224  006C              #line 224 "E:\hamed\touch2\touch-RGB-2key\clock-temp-touch\TOUCH.h"
 224  006C  1480     R  	inc _j[0]
 224  006D  2800     R  	jmp _L285
 224  006E              _L297:
 252  006E              #line 252 "E:\hamed\touch2\touch-RGB-2key\clock-temp-touch\TOUCH.h"
 252  006E  1F00     E  	clr _builtin_holtek_udivmodsi4_2[12]
 252  006F  0700     R  	mov a,_Count_P1[0]  
 252  0070  0080     E  	mov _builtin_holtek_udivmodsi4_2[0],a  
 252  0071  0700     R  	mov a,_Count_P1[1]  
 252  0072  0080     E  	mov _builtin_holtek_udivmodsi4_2[1],a
 252  0073  0700     R  	mov a,_Count_P1[2]  
 252  0074  0080     E  	mov _builtin_holtek_udivmodsi4_2[2],a  
 252  0075  0700     R  	mov a,_Count_P1[3]  
 252  0076  0080     E  	mov _builtin_holtek_udivmodsi4_2[3],a
 252  0077  0F14        	mov a,20  
 252  0078  0080     E  	mov _builtin_holtek_udivmodsi4_2[4],a  
 252  0079  0F00        	mov a,0  
 252  007A  0080     E  	mov _builtin_holtek_udivmodsi4_2[5],a
 252  007B  1F00     E  	clr _builtin_holtek_udivmodsi4_2[6]
 252  007C  1F00     E  	clr _builtin_holtek_udivmodsi4_2[7]
 252  007D  2000     E  	call _builtin_holtek_udivmodsi4
 252  007E  0700     E  	mov a,_builtin_holtek_udivmodsi4_2[0]  
"File: TOUCH.h       Assembler  Version HGASM0202      Page 57

 252  007F  0080     E  	mov rd,a  
 252  0080  0700     E  	mov a,_builtin_holtek_udivmodsi4_2[1]  
 252  0081  0080     E  	mov re,a
 252  0082  0700     E  	mov a,_builtin_holtek_udivmodsi4_2[2]  
 252  0083  0080     E  	mov rf,a  
 252  0084  0700     E  	mov a,_builtin_holtek_udivmodsi4_2[3]  
 252  0085  0080     E  	mov rg,a
 252  0086  0700     E  	mov a,rd
 252  0087  0080     R  	mov _Count_B1[0],a
 252  0088  0700     E  	mov a,re
 252  0089  0080     R  	mov _Count_B1[1],a
 253  008A              #line 253 "E:\hamed\touch2\touch-RGB-2key\clock-temp-touch\TOUCH.h"
 253  008A  1F00     E  	clr _builtin_holtek_udivmodsi4_2[12]
 253  008B  0700     R  	mov a,_Count_P2[0]  
 253  008C  0080     E  	mov _builtin_holtek_udivmodsi4_2[0],a  
 253  008D  0700     R  	mov a,_Count_P2[1]  
 253  008E  0080     E  	mov _builtin_holtek_udivmodsi4_2[1],a
 253  008F  0700     R  	mov a,_Count_P2[2]  
 253  0090  0080     E  	mov _builtin_holtek_udivmodsi4_2[2],a  
 253  0091  0700     R  	mov a,_Count_P2[3]  
 253  0092  0080     E  	mov _builtin_holtek_udivmodsi4_2[3],a
 253  0093  0F14        	mov a,20  
 253  0094  0080     E  	mov _builtin_holtek_udivmodsi4_2[4],a  
 253  0095  0F00        	mov a,0  
 253  0096  0080     E  	mov _builtin_holtek_udivmodsi4_2[5],a
 253  0097  1F00     E  	clr _builtin_holtek_udivmodsi4_2[6]
 253  0098  1F00     E  	clr _builtin_holtek_udivmodsi4_2[7]
 253  0099  2000     E  	call _builtin_holtek_udivmodsi4
 253  009A  0700     E  	mov a,_builtin_holtek_udivmodsi4_2[0]  
 253  009B  0080     E  	mov rd,a  
 253  009C  0700     E  	mov a,_builtin_holtek_udivmodsi4_2[1]  
 253  009D  0080     E  	mov re,a
 253  009E  0700     E  	mov a,_builtin_holtek_udivmodsi4_2[2]  
 253  009F  0080     E  	mov rf,a  
 253  00A0  0700     E  	mov a,_builtin_holtek_udivmodsi4_2[3]  
 253  00A1  0080     E  	mov rg,a
 253  00A2  0700     E  	mov a,rd
 253  00A3  0080     R  	mov _Count_B2[0],a
 253  00A4  0700     E  	mov a,re
 253  00A5  0080     R  	mov _Count_B2[1],a
 255  00A6              #line 255 "E:\hamed\touch2\touch-RGB-2key\clock-temp-touch\TOUCH.h"
 255  00A6  1F00     R  	clr _Count_P1[0]
 255  00A7  1F00     R  	clr _Count_P1[1]
 255  00A8  1F00     R  	clr _Count_P1[2]
 255  00A9  1F00     R  	clr _Count_P1[3]
 256  00AA              #line 256 "E:\hamed\touch2\touch-RGB-2key\clock-temp-touch\TOUCH.h"
 256  00AA  1F00     R  	clr _Count_P2[0]
 256  00AB  1F00     R  	clr _Count_P2[1]
 256  00AC  1F00     R  	clr _Count_P2[2]
 256  00AD  1F00     R  	clr _Count_P2[3]
 258  00AE              #line 258 "E:\hamed\touch2\touch-RGB-2key\clock-temp-touch\TOUCH.h"
 258  00AE              ;# 258 "E:\hamed\touch2\touch-RGB-2key\clock-temp-touch\TOUCH.h" 1
 258  00AE  0001        	clr wdt
 258  00AF  0003        	ret
 258  00B0              _CalibrTuoch endp
 258  00B0              #line 258 "E:\hamed\touch2\touch-RGB-2key\clock-temp-touch\TOUCH.h"
 258  00B0              #pragma debug scope 1 1
 258  00B0              public _Key_Select
 258  00B0              #pragma debug scope 35 1
 263  00B0              #line 263 "E:\hamed\touch2\touch-RGB-2key\clock-temp-touch\TOUCH.h"
"File: TOUCH.h       Assembler  Version HGASM0202      Page 58

 263  0000              _Key_Select .section 'code'
 263  0000              _Key_Select proc
 263  0000  00              local _Key_Select_2 db 1 dup(?)	; 0,1
 263  0000  0080     E  	mov ra,a
 263  0001  0080     R  	mov _Key_Select_2[0],a
 263  0002              #pragma debug variable 7 35 _Key_Select_2+0 "Sel"
 279  0002              #line 279 "E:\hamed\touch2\touch-RGB-2key\clock-temp-touch\TOUCH.h"
 279  0002  1080     E  	sz ra
 279  0003  2800     R  	jmp _L300
 280  0004              #line 280 "E:\hamed\touch2\touch-RGB-2key\clock-temp-touch\TOUCH.h"
 280  0004  B291 0001   	lset [273].5
 280  0006  B211 0001   	lset [273].4
 280  0008  B281 0001   	lset [257].5
 280  000A  B492 0001   	lclr [274].1
 280  000C  B412 0001   	lclr [274].0
 280  000E              _L301:
 282  000E              #line 282 "E:\hamed\touch2\touch-RGB-2key\clock-temp-touch\TOUCH.h"
 282  000E  BF01 0001   	lsz [257].6
 282  0010  2800     R  	jmp _L312
 282  0011              ;# 282 "E:\hamed\touch2\touch-RGB-2key\clock-temp-touch\TOUCH.h" 1
 282  0011  0000        	nop
 282  0012  2800     R  	jmp _L301
 282  0013              _L312:
 283  0013              #line 283 "E:\hamed\touch2\touch-RGB-2key\clock-temp-touch\TOUCH.h"
 283  0013  870D 0001   	lmov a,[269]
 283  0015  0080     E  	mov rc,a
 283  0016  1F00     E  	clr rb
 283  0017  0700     E  	mov a,rc
 283  0018  0080     R  	mov _Count_C1[1],a
 283  0019  870C 0001   	lmov a,[268]
 283  001B  0500     E  	or a,rb
 283  001C  0080     R  	mov _Count_C1[0],a
 284  001D              #line 284 "E:\hamed\touch2\touch-RGB-2key\clock-temp-touch\TOUCH.h"
 284  001D  1480     R  	inc _CalibrCount1[0]
 285  001E              #line 285 "E:\hamed\touch2\touch-RGB-2key\clock-temp-touch\TOUCH.h"
 285  001E  0F64        	mov a,100
 285  001F  0200     R  	sub a,_CalibrCount1[0]
 285  0020  3C0A        	sz c
 285  0021  2800     R  	jmp _L310
 287  0022              #line 287 "E:\hamed\touch2\touch-RGB-2key\clock-temp-touch\TOUCH.h"
 287  0022  1F00     R  	clr _CalibrCount1[0]
 288  0023              #line 288 "E:\hamed\touch2\touch-RGB-2key\clock-temp-touch\TOUCH.h"
 288  0023  0700     R  	mov a,_Count_C1[0]
 288  0024  0380     R  	addm a,_Count_P1[0]
 288  0025  0700     R  	mov a,_Count_C1[1]
 288  0026  1380     R  	adcm a,_Count_P1[1]
 288  0027  1F05        	clr acc
 288  0028  1380     R  	adcm a,_Count_P1[2]
 288  0029  1380     R  	adcm a,_Count_P1[3]
 289  002A              #line 289 "E:\hamed\touch2\touch-RGB-2key\clock-temp-touch\TOUCH.h"
 289  002A  1480     R  	inc _Count_H1[0]
 289  002B  0F13        	mov a,19
 289  002C  0200     R  	sub a,_Count_H1[0]
 289  002D  3C0A        	sz c
 289  002E  2800     R  	jmp _L310
 289  002F  1F00     R  	clr _Count_H1[0]
 289  0030  1F00     E  	clr _builtin_holtek_udivmodsi4_2[12]
 289  0031  0700     R  	mov a,_Count_P1[0]  
 289  0032  0080     E  	mov _builtin_holtek_udivmodsi4_2[0],a  
 289  0033  0700     R  	mov a,_Count_P1[1]  
"File: TOUCH.h       Assembler  Version HGASM0202      Page 59

 289  0034  0080     E  	mov _builtin_holtek_udivmodsi4_2[1],a
 289  0035  0700     R  	mov a,_Count_P1[2]  
 289  0036  0080     E  	mov _builtin_holtek_udivmodsi4_2[2],a  
 289  0037  0700     R  	mov a,_Count_P1[3]  
 289  0038  0080     E  	mov _builtin_holtek_udivmodsi4_2[3],a
 289  0039  0F14        	mov a,20  
 289  003A  0080     E  	mov _builtin_holtek_udivmodsi4_2[4],a  
 289  003B  0F00        	mov a,0  
 289  003C  0080     E  	mov _builtin_holtek_udivmodsi4_2[5],a
 289  003D  1F00     E  	clr _builtin_holtek_udivmodsi4_2[6]
 289  003E  1F00     E  	clr _builtin_holtek_udivmodsi4_2[7]
 289  003F  2000     E  	call _builtin_holtek_udivmodsi4
 289  0040  0700     E  	mov a,_builtin_holtek_udivmodsi4_2[0]  
 289  0041  0080     E  	mov rd,a  
 289  0042  0700     E  	mov a,_builtin_holtek_udivmodsi4_2[1]  
 289  0043  0080     E  	mov re,a
 289  0044  0700     E  	mov a,_builtin_holtek_udivmodsi4_2[2]  
 289  0045  0080     E  	mov rf,a  
 289  0046  0700     E  	mov a,_builtin_holtek_udivmodsi4_2[3]  
 289  0047  0080     E  	mov rg,a
 289  0048  0700     E  	mov a,rd
 289  0049  0080     R  	mov _Count_B1[0],a
 289  004A  0700     E  	mov a,re
 289  004B  0080     R  	mov _Count_B1[1],a
 289  004C  1F00     R  	clr _Count_P1[0]
 289  004D  1F00     R  	clr _Count_P1[1]
 289  004E  1F00     R  	clr _Count_P1[2]
 289  004F  1F00     R  	clr _Count_P1[3]
 289  0050  2800     R  	jmp _L310
 289  0051              _L300:
 295  0051              #line 295 "E:\hamed\touch2\touch-RGB-2key\clock-temp-touch\TOUCH.h"
 295  0051  1700     R  	sdza _Key_Select_2[0]
 295  0052  2800     R  	jmp _L299
 296  0053              #line 296 "E:\hamed\touch2\touch-RGB-2key\clock-temp-touch\TOUCH.h"
 296  0053  B291 0001   	lset [273].5
 296  0055  B211 0001   	lset [273].4
 296  0057  B281 0001   	lset [257].5
 296  0059  B492 0001   	lclr [274].1
 296  005B  B012 0001   	lset [274].0
 296  005D              _L307:
 298  005D              #line 298 "E:\hamed\touch2\touch-RGB-2key\clock-temp-touch\TOUCH.h"
 298  005D  BF01 0001   	lsz [257].6
 298  005F  2800     R  	jmp _L313
 298  0060              ;# 298 "E:\hamed\touch2\touch-RGB-2key\clock-temp-touch\TOUCH.h" 1
 298  0060  0000        	nop
 298  0061  2800     R  	jmp _L307
 298  0062              _L313:
 299  0062              #line 299 "E:\hamed\touch2\touch-RGB-2key\clock-temp-touch\TOUCH.h"
 299  0062  870D 0001   	lmov a,[269]
 299  0064  0080     E  	mov rc,a
 299  0065  1F00     E  	clr rb
 299  0066  0700     E  	mov a,rc
 299  0067  0080     R  	mov _Count_C2[1],a
 299  0068  870C 0001   	lmov a,[268]
 299  006A  0500     E  	or a,rb
 299  006B  0080     R  	mov _Count_C2[0],a
 300  006C              #line 300 "E:\hamed\touch2\touch-RGB-2key\clock-temp-touch\TOUCH.h"
 300  006C  1480     R  	inc _CalibrCount2[0]
 301  006D              #line 301 "E:\hamed\touch2\touch-RGB-2key\clock-temp-touch\TOUCH.h"
 301  006D  0F64        	mov a,100
"File: TOUCH.h       Assembler  Version HGASM0202      Page 60

 301  006E  0200     R  	sub a,_CalibrCount2[0]
 301  006F  3C0A        	sz c
 301  0070  2800     R  	jmp _L310
 303  0071              #line 303 "E:\hamed\touch2\touch-RGB-2key\clock-temp-touch\TOUCH.h"
 303  0071  1F00     R  	clr _CalibrCount2[0]
 304  0072              #line 304 "E:\hamed\touch2\touch-RGB-2key\clock-temp-touch\TOUCH.h"
 304  0072  0700     R  	mov a,_Count_C2[0]
 304  0073  0380     R  	addm a,_Count_P2[0]
 304  0074  0700     R  	mov a,_Count_C2[1]
 304  0075  1380     R  	adcm a,_Count_P2[1]
 304  0076  1F05        	clr acc
 304  0077  1380     R  	adcm a,_Count_P2[2]
 304  0078  1380     R  	adcm a,_Count_P2[3]
 305  0079              #line 305 "E:\hamed\touch2\touch-RGB-2key\clock-temp-touch\TOUCH.h"
 305  0079  1480     R  	inc _Count_H2[0]
 305  007A  0F13        	mov a,19
 305  007B  0200     R  	sub a,_Count_H2[0]
 305  007C  3C0A        	sz c
 305  007D  2800     R  	jmp _L310
 305  007E  1F00     R  	clr _Count_H2[0]
 305  007F  1F00     E  	clr _builtin_holtek_udivmodsi4_2[12]
 305  0080  0700     R  	mov a,_Count_P2[0]  
 305  0081  0080     E  	mov _builtin_holtek_udivmodsi4_2[0],a  
 305  0082  0700     R  	mov a,_Count_P2[1]  
 305  0083  0080     E  	mov _builtin_holtek_udivmodsi4_2[1],a
 305  0084  0700     R  	mov a,_Count_P2[2]  
 305  0085  0080     E  	mov _builtin_holtek_udivmodsi4_2[2],a  
 305  0086  0700     R  	mov a,_Count_P2[3]  
 305  0087  0080     E  	mov _builtin_holtek_udivmodsi4_2[3],a
 305  0088  0F14        	mov a,20  
 305  0089  0080     E  	mov _builtin_holtek_udivmodsi4_2[4],a  
 305  008A  0F00        	mov a,0  
 305  008B  0080     E  	mov _builtin_holtek_udivmodsi4_2[5],a
 305  008C  1F00     E  	clr _builtin_holtek_udivmodsi4_2[6]
 305  008D  1F00     E  	clr _builtin_holtek_udivmodsi4_2[7]
 305  008E  2000     E  	call _builtin_holtek_udivmodsi4
 305  008F  0700     E  	mov a,_builtin_holtek_udivmodsi4_2[0]  
 305  0090  0080     E  	mov rd,a  
 305  0091  0700     E  	mov a,_builtin_holtek_udivmodsi4_2[1]  
 305  0092  0080     E  	mov re,a
 305  0093  0700     E  	mov a,_builtin_holtek_udivmodsi4_2[2]  
 305  0094  0080     E  	mov rf,a  
 305  0095  0700     E  	mov a,_builtin_holtek_udivmodsi4_2[3]  
 305  0096  0080     E  	mov rg,a
 305  0097  0700     E  	mov a,rd
 305  0098  0080     R  	mov _Count_B2[0],a
 305  0099  0700     E  	mov a,re
 305  009A  0080     R  	mov _Count_B2[1],a
 305  009B  1F00     R  	clr _Count_P2[0]
 305  009C  1F00     R  	clr _Count_P2[1]
 305  009D  1F00     R  	clr _Count_P2[2]
 305  009E  1F00     R  	clr _Count_P2[3]
 305  009F              _L310:
 308  009F              #line 308 "E:\hamed\touch2\touch-RGB-2key\clock-temp-touch\TOUCH.h"
 308  009F  B701 0001   	lclr [257].6
 308  00A1  B681 0001   	lclr [257].5
 308  00A3              _L299:
 308  00A3  0003        	ret
 308  00A4              _Key_Select endp
 308  00A4              #line 308 "E:\hamed\touch2\touch-RGB-2key\clock-temp-touch\TOUCH.h"
"File: TOUCH.h       Assembler  Version HGASM0202      Page 61

 308  00A4              #pragma debug scope 1 1
 308  00A4              public _main
 308  00A4              #pragma debug scope 36 1

  18  00A4              #line 18 "E:\hamed\touch2\touch-RGB-2key\clock-temp-touch\clock-temp-touch.c"
  18  00A4              IFDEF WITH_DEFAULT_STARTUP
  18  00A4              extern _main_initial0:near
  18  00A4              extern _main_startup:near
  18  00A4              ENDIF
  18  00A4              
  18  00A4              ROMBANK 0 @start
  18  0000              @start .section com_l 'code'
  18  0000              _main_startup1:
  18  0000              @start .section com_e 'code'
  18  0000  2800     R  	jmp _main
  18  0001              
  18  0000              _main .section 'code'
  18  0000              _main proc
  19  0000              #line 19 "E:\hamed\touch2\touch-RGB-2key\clock-temp-touch\clock-temp-touch.c"
  19  0000  0F01        	mov a,1
  19  0001  0080     R  	mov _delay_ms_2[0],a
  19  0002  1F00     R  	clr _delay_ms_2[1]
  19  0003  1F00     R  	clr _delay_ms_2[2]
  19  0004  1F00     R  	clr _delay_ms_2[3]
  19  0005  2000     R  	call _delay_ms
  20  0006              #line 20 "E:\hamed\touch2\touch-RGB-2key\clock-temp-touch\clock-temp-touch.c"
  20  0006  2000     R  	call _ADC_INIT
  21  0007              #line 21 "E:\hamed\touch2\touch-RGB-2key\clock-temp-touch\clock-temp-touch.c"
  21  0007  2000     R  	call _IO_INIT
  22  0008              #line 22 "E:\hamed\touch2\touch-RGB-2key\clock-temp-touch\clock-temp-touch.c"
  22  0008  0F01        	mov a,1
  22  0009  0080     R  	mov _delay_ms_2[0],a
  22  000A  1F00     R  	clr _delay_ms_2[1]
  22  000B  1F00     R  	clr _delay_ms_2[2]
  22  000C  1F00     R  	clr _delay_ms_2[3]
  22  000D  2000     R  	call _delay_ms
  23  000E              #line 23 "E:\hamed\touch2\touch-RGB-2key\clock-temp-touch\clock-temp-touch.c"
  23  000E  2000     R  	call _TB0_INIT
  24  000F              #line 24 "E:\hamed\touch2\touch-RGB-2key\clock-temp-touch\clock-temp-touch.c"
  24  000F  0F01        	mov a,1
  24  0010  0080     R  	mov _delay_ms_2[0],a
  24  0011  1F00     R  	clr _delay_ms_2[1]
  24  0012  1F00     R  	clr _delay_ms_2[2]
  24  0013  1F00     R  	clr _delay_ms_2[3]
  24  0014  2000     R  	call _delay_ms
  25  0015              #line 25 "E:\hamed\touch2\touch-RGB-2key\clock-temp-touch\clock-temp-touch.c"
  25  0015  2000     R  	call _TB1_INIT
  26  0016              #line 26 "E:\hamed\touch2\touch-RGB-2key\clock-temp-touch\clock-temp-touch.c"
  26  0016  0F01        	mov a,1
  26  0017  0080     R  	mov _delay_ms_2[0],a
  26  0018  1F00     R  	clr _delay_ms_2[1]
  26  0019  1F00     R  	clr _delay_ms_2[2]
  26  001A  1F00     R  	clr _delay_ms_2[3]
  26  001B  2000     R  	call _delay_ms
  27  001C              #line 27 "E:\hamed\touch2\touch-RGB-2key\clock-temp-touch\clock-temp-touch.c"
  27  001C  2000     R  	call _PTMRINIT
  28  001D              #line 28 "E:\hamed\touch2\touch-RGB-2key\clock-temp-touch\clock-temp-touch.c"
  28  001D  0F01        	mov a,1
  28  001E  0080     R  	mov _delay_ms_2[0],a
  28  001F  1F00     R  	clr _delay_ms_2[1]
"File: clock-temp-touch.c  Assembler  Version HGASM0202      Page 62

  28  0020  1F00     R  	clr _delay_ms_2[2]
  28  0021  1F00     R  	clr _delay_ms_2[3]
  28  0022  2000     R  	call _delay_ms
  29  0023              #line 29 "E:\hamed\touch2\touch-RGB-2key\clock-temp-touch\clock-temp-touch.c"
  29  0023  2000     R  	call _TuochKeyInit
  30  0024              #line 30 "E:\hamed\touch2\touch-RGB-2key\clock-temp-touch\clock-temp-touch.c"
  30  0024  0F01        	mov a,1
  30  0025  0080     R  	mov _delay_ms_2[0],a
  30  0026  1F00     R  	clr _delay_ms_2[1]
  30  0027  1F00     R  	clr _delay_ms_2[2]
  30  0028  1F00     R  	clr _delay_ms_2[3]
  30  0029  2000     R  	call _delay_ms
  31  002A              #line 31 "E:\hamed\touch2\touch-RGB-2key\clock-temp-touch\clock-temp-touch.c"
  31  002A  2000     R  	call _CalibrTuoch
  34  002B              #line 34 "E:\hamed\touch2\touch-RGB-2key\clock-temp-touch\clock-temp-touch.c"
  34  002B  1F00     E  	clr ra
  34  002C  3C00     R  	sz _q1
  34  002D  3000     E  	set ra.0
  34  002E  1B80     E  	rrc ra
  34  002F  1F00     E  	clr ra
  34  0030  1B80     E  	rrc ra
  34  0031  3794        	clr [20].7
  34  0032  0700     E  	mov a,ra
  34  0033  0594        	orm a,[20]
  35  0034              #line 35 "E:\hamed\touch2\touch-RGB-2key\clock-temp-touch\clock-temp-touch.c"
  35  0034  1F00     E  	clr ra
  35  0035  3800     R  	snz _q1
  35  0036  3000     E  	set ra.0
  35  0037  3470        	clr [112].0
  35  0038  0700     E  	mov a,ra
  35  0039  05F0        	orm a,[112]
  37  003A              #line 37 "E:\hamed\touch2\touch-RGB-2key\clock-temp-touch\clock-temp-touch.c"
  37  003A  1F00     E  	clr rb
  37  003B  3C00     R  	sz _q2
  37  003C  3000     E  	set rb.0
  37  003D  1F00     E  	clr ra
  37  003E  1080     E  	sz rb
  37  003F  3000     E  	set ra.2
  37  0040  3524        	clr [36].2
  37  0041  0700     E  	mov a,ra
  37  0042  05A4        	orm a,[36]
  38  0043              #line 38 "E:\hamed\touch2\touch-RGB-2key\clock-temp-touch\clock-temp-touch.c"
  38  0043  1F00     E  	clr ra
  38  0044  3800     R  	snz _q2
  38  0045  3000     E  	set ra.0
  38  0046  1100     E  	swapa ra
  38  0047  1985        	rr acc
  38  0048  0EF8        	and a,0f8h
  38  0049  0080     E  	mov ra,a
  38  004A  35A4        	clr [36].3
  38  004B  0700     E  	mov a,ra
  38  004C  05A4        	orm a,[36]
  38  004D              _L318:
  43  004D              #line 43 "E:\hamed\touch2\touch-RGB-2key\clock-temp-touch\clock-temp-touch.c"
  43  004D  3EF0        	sz [112].5
  43  004E  2800     R  	jmp _L315
  43  004F  3000     R  	set _Litgh
  43  0050  2800     R  	jmp _L316
  43  0051              _L315:
  44  0051              #line 44 "E:\hamed\touch2\touch-RGB-2key\clock-temp-touch\clock-temp-touch.c"
"File: clock-temp-touch.c  Assembler  Version HGASM0202      Page 63

  44  0051  3400     R  	clr _Litgh
  44  0052              _L316:
  46  0052              #line 46 "E:\hamed\touch2\touch-RGB-2key\clock-temp-touch\clock-temp-touch.c"
  46  0052              ;# 46 "E:\hamed\touch2\touch-RGB-2key\clock-temp-touch\clock-temp-touch.c" 1
  46  0052  0001        	clr wdt
  49  0053              #line 49 "E:\hamed\touch2\touch-RGB-2key\clock-temp-touch\clock-temp-touch.c"
  49  0053  0700     R  	mov a,_iq[0]
  49  0054  0080     E  	mov ra,a
  49  0055  0700     E  	mov a,ra
  49  0056  2000     R  	call _Key_Select
  50  0057              #line 50 "E:\hamed\touch2\touch-RGB-2key\clock-temp-touch\clock-temp-touch.c"
  50  0057  1480     R  	inc _iq[0]
  50  0058  0F01        	mov a,1
  50  0059  0200     R  	sub a,_iq[0]
  50  005A  3C0A        	sz c
  50  005B  2800     R  	jmp _L317
  50  005C  1F00     R  	clr _iq[0]
  50  005D              _L317:
  51  005D              #line 51 "E:\hamed\touch2\touch-RGB-2key\clock-temp-touch\clock-temp-touch.c"
  51  005D  2000     R  	call _Key_Touch
  54  005E              #line 54 "E:\hamed\touch2\touch-RGB-2key\clock-temp-touch\clock-temp-touch.c"
  54  005E  2800     R  	jmp _L318
  54  005F  2800     R  	jmp $
  54  0060              _main endp
  54  0060              
  54  0060              @dummy endp
  54  0060              
  54  0060              #line 54 "E:\hamed\touch2\touch-RGB-2key\clock-temp-touch\clock-temp-touch.c"
  54  0060              #pragma debug scope 1 1
  54  0060              public _KeySel
  54  0000              @HCCINIT	.section 'data'

   9  0000              #line 9 "E:\hamed\touch2\touch-RGB-2key\clock-temp-touch\TOUCH.h"
   9  0000              @HCCINIT_KeySel .section 'data'
   9  0000              _KeySel label byte
   9  0000              #pragma debug variable 8 1 _KeySel "KeySel"
   9  0000              	db 0
   9  0000              @ROMDATA_BASE .section inpage 'code'
   9  0000              	db 0
   9  0001              @HCCINIT_KeySel .section 'data'
   9  0001              public _iq
   9  0001              #line 9 "E:\hamed\touch2\touch-RGB-2key\clock-temp-touch\TOUCH.h"
   9  0000              @HCCINIT_iq .section 'data'
   9  0000              _iq label byte
   9  0000              #pragma debug variable 8 1 _iq "iq"
   9  0000              	db 0
   9  0001              @ROMDATA_BASE .section inpage 'code'
   9  0001              	db 0
   9  0001              @HCCINIT_iq .section 'data'
   9  0001              public _i
   9  0001              #line 9 "E:\hamed\touch2\touch-RGB-2key\clock-temp-touch\TOUCH.h"
   9  0000              @HCCINIT_i .section 'data'
   9  0000              _i label byte
   9  0000              #pragma debug variable 8 1 _i "i"
   9  0000              	db 0
   9  0001              @ROMDATA_BASE .section inpage 'code'
   9  0001              	db 0
   9  0001              @HCCINIT_i .section 'data'
   9  0001              public _j
   9  0001              #line 9 "E:\hamed\touch2\touch-RGB-2key\clock-temp-touch\TOUCH.h"
"File: TOUCH.h       Assembler  Version HGASM0202      Page 64

   9  0000              @HCCINIT_j .section 'data'
   9  0000              _j label byte
   9  0000              #pragma debug variable 8 1 _j "j"
   9  0000              	db 0
   9  0002              @ROMDATA_BASE .section inpage 'code'
   9  0002              	db 0
   9  0001              @HCCINIT_j .section 'data'
   9  0001              public _Count_TQ
   8  0001              #line 8 "E:\hamed\touch2\touch-RGB-2key\clock-temp-touch\TOUCH.h"
   8  0000              @HCCINIT_Count_TQ .section 'data'
   8  0000              _Count_TQ label byte
   8  0000              #pragma debug variable 12 1 _Count_TQ "Count_TQ"
   8  0000              	db 0
   8  0002              @ROMDATA_BASE .section inpage 'code'
   8  0002              	db 0
   8  0001              @HCCINIT_Count_TQ .section 'data'
   8  0001              	db 0
   8  0003              @ROMDATA_BASE .section inpage 'code'
   8  0003              	db 0
   8  0002              @HCCINIT_Count_TQ .section 'data'
   8  0002              public _CalibrCount2
   7  0002              #line 7 "E:\hamed\touch2\touch-RGB-2key\clock-temp-touch\TOUCH.h"
   7  0000              @HCCINIT_CalibrCount2 .section 'data'
   7  0000              _CalibrCount2 label byte
   7  0000              #pragma debug variable 8 1 _CalibrCount2 "CalibrCount2"
   7  0000              	db 0
   7  0003              @ROMDATA_BASE .section inpage 'code'
   7  0003              	db 0
   7  0001              @HCCINIT_CalibrCount2 .section 'data'
   7  0001              public _CalibrCount1
   7  0001              #line 7 "E:\hamed\touch2\touch-RGB-2key\clock-temp-touch\TOUCH.h"
   7  0000              @HCCINIT_CalibrCount1 .section 'data'
   7  0000              _CalibrCount1 label byte
   7  0000              #pragma debug variable 8 1 _CalibrCount1 "CalibrCount1"
   7  0000              	db 0
   7  0004              @ROMDATA_BASE .section inpage 'code'
   7  0004              	db 0
   7  0001              @HCCINIT_CalibrCount1 .section 'data'
   7  0001              public _Count_H2
   6  0001              #line 6 "E:\hamed\touch2\touch-RGB-2key\clock-temp-touch\TOUCH.h"
   6  0000              @HCCINIT_Count_H2 .section 'data'
   6  0000              _Count_H2 label byte
   6  0000              #pragma debug variable 8 1 _Count_H2 "Count_H2"
   6  0000              	db 0
   6  0004              @ROMDATA_BASE .section inpage 'code'
   6  0004              	db 0
   6  0001              @HCCINIT_Count_H2 .section 'data'
   6  0001              public _Count_H1
   6  0001              #line 6 "E:\hamed\touch2\touch-RGB-2key\clock-temp-touch\TOUCH.h"
   6  0000              @HCCINIT_Count_H1 .section 'data'
   6  0000              _Count_H1 label byte
   6  0000              #pragma debug variable 8 1 _Count_H1 "Count_H1"
   6  0000              	db 0
   6  0005              @ROMDATA_BASE .section inpage 'code'
   6  0005              	db 0
   6  0001              @HCCINIT_Count_H1 .section 'data'
   6  0001              public _Count_B2
   5  0001              #line 5 "E:\hamed\touch2\touch-RGB-2key\clock-temp-touch\TOUCH.h"
   5  0000              @HCCINIT_Count_B2 .section 'data'
   5  0000              _Count_B2 label byte
"File: TOUCH.h       Assembler  Version HGASM0202      Page 65

   5  0000              #pragma debug variable 12 1 _Count_B2 "Count_B2"
   5  0000              	db 0
   5  0005              @ROMDATA_BASE .section inpage 'code'
   5  0005              	db 0
   5  0001              @HCCINIT_Count_B2 .section 'data'
   5  0001              	db 0
   5  0006              @ROMDATA_BASE .section inpage 'code'
   5  0006              	db 0
   5  0002              @HCCINIT_Count_B2 .section 'data'
   5  0002              public _Count_B1
   5  0002              #line 5 "E:\hamed\touch2\touch-RGB-2key\clock-temp-touch\TOUCH.h"
   5  0000              @HCCINIT_Count_B1 .section 'data'
   5  0000              _Count_B1 label byte
   5  0000              #pragma debug variable 12 1 _Count_B1 "Count_B1"
   5  0000              	db 0
   5  0006              @ROMDATA_BASE .section inpage 'code'
   5  0006              	db 0
   5  0001              @HCCINIT_Count_B1 .section 'data'
   5  0001              	db 0
   5  0007              @ROMDATA_BASE .section inpage 'code'
   5  0007              	db 0
   5  0002              @HCCINIT_Count_B1 .section 'data'
   5  0002              public _Count_C2
   4  0002              #line 4 "E:\hamed\touch2\touch-RGB-2key\clock-temp-touch\TOUCH.h"
   4  0000              @HCCINIT_Count_C2 .section 'data'
   4  0000              _Count_C2 label byte
   4  0000              #pragma debug variable 12 1 _Count_C2 "Count_C2"
   4  0000              	db 0
   4  0007              @ROMDATA_BASE .section inpage 'code'
   4  0007              	db 0
   4  0001              @HCCINIT_Count_C2 .section 'data'
   4  0001              	db 0
   4  0008              @ROMDATA_BASE .section inpage 'code'
   4  0008              	db 0
   4  0002              @HCCINIT_Count_C2 .section 'data'
   4  0002              public _Count_C1
   4  0002              #line 4 "E:\hamed\touch2\touch-RGB-2key\clock-temp-touch\TOUCH.h"
   4  0000              @HCCINIT_Count_C1 .section 'data'
   4  0000              _Count_C1 label byte
   4  0000              #pragma debug variable 12 1 _Count_C1 "Count_C1"
   4  0000              	db 0
   4  0008              @ROMDATA_BASE .section inpage 'code'
   4  0008              	db 0
   4  0001              @HCCINIT_Count_C1 .section 'data'
   4  0001              	db 0
   4  0009              @ROMDATA_BASE .section inpage 'code'
   4  0009              	db 0
   4  0002              @HCCINIT_Count_C1 .section 'data'
   4  0002              public _Count_T2
   3  0002              #line 3 "E:\hamed\touch2\touch-RGB-2key\clock-temp-touch\TOUCH.h"
   3  0000              @HCCINIT_Count_T2 .section 'data'
   3  0000              _Count_T2 label byte
   3  0000              #pragma debug variable 8 1 _Count_T2 "Count_T2"
   3  0000              	db 0
   3  0009              @ROMDATA_BASE .section inpage 'code'
   3  0009              	db 0
   3  0001              @HCCINIT_Count_T2 .section 'data'
   3  0001              public _Count_T1
   3  0001              #line 3 "E:\hamed\touch2\touch-RGB-2key\clock-temp-touch\TOUCH.h"
   3  0000              @HCCINIT_Count_T1 .section 'data'
"File: TOUCH.h       Assembler  Version HGASM0202      Page 66

   3  0000              _Count_T1 label byte
   3  0000              #pragma debug variable 8 1 _Count_T1 "Count_T1"
   3  0000              	db 0
   3  000A              @ROMDATA_BASE .section inpage 'code'
   3  000A              	db 0
   3  0001              @HCCINIT_Count_T1 .section 'data'
   3  0001              public _Count_P2
   2  0001              #line 2 "E:\hamed\touch2\touch-RGB-2key\clock-temp-touch\TOUCH.h"
   2  0000              @HCCINIT_Count_P2 .section 'data'
   2  0000              _Count_P2 label byte
   2  0000              #pragma debug variable 14 1 _Count_P2 "Count_P2"
   2  0000              	db 0
   2  000A              @ROMDATA_BASE .section inpage 'code'
   2  000A              	db 0
   2  0001              @HCCINIT_Count_P2 .section 'data'
   2  0001              	db 0
   2  000B              @ROMDATA_BASE .section inpage 'code'
   2  000B              	db 0
   2  0002              @HCCINIT_Count_P2 .section 'data'
   2  0002              	db 0
   2  000B              @ROMDATA_BASE .section inpage 'code'
   2  000B              	db 0
   2  0003              @HCCINIT_Count_P2 .section 'data'
   2  0003              	db 0
   2  000C              @ROMDATA_BASE .section inpage 'code'
   2  000C              	db 0
   2  0004              @HCCINIT_Count_P2 .section 'data'
   2  0004              public _Count_P1
   2  0004              #line 2 "E:\hamed\touch2\touch-RGB-2key\clock-temp-touch\TOUCH.h"
   2  0000              @HCCINIT_Count_P1 .section 'data'
   2  0000              _Count_P1 label byte
   2  0000              #pragma debug variable 14 1 _Count_P1 "Count_P1"
   2  0000              	db 0
   2  000C              @ROMDATA_BASE .section inpage 'code'
   2  000C              	db 0
   2  0001              @HCCINIT_Count_P1 .section 'data'
   2  0001              	db 0
   2  000D              @ROMDATA_BASE .section inpage 'code'
   2  000D              	db 0
   2  0002              @HCCINIT_Count_P1 .section 'data'
   2  0002              	db 0
   2  000D              @ROMDATA_BASE .section inpage 'code'
   2  000D              	db 0
   2  0003              @HCCINIT_Count_P1 .section 'data'
   2  0003              	db 0
   2  000E              @ROMDATA_BASE .section inpage 'code'
   2  000E              	db 0
   2  0004              @HCCINIT_Count_P1 .section 'data'
   2  0004              public _NTC_Table
   2  0000              @crom	.section 'crom'

 151  0000              #line 151 "E:\hamed\touch2\touch-RGB-2key\clock-temp-touch\ADC.h"
 151  0000              @crom	.section	'crom'
 151  0000              _NTC_Table:
 151  0000              #pragma debug array 42 12 100 1
 151  0000              #pragma debug array 42 12 100 1
 151  0000              #pragma debug variable 42 1 _NTC_Table "NTC_Table"
 151  0000  03BE        	dc 958
 151  0001  03E4        	dc 996
 151  0002  040B        	dc 1035
"File: ADC.h         Assembler  Version HGASM0202      Page 67

 151  0003  0433        	dc 1075
 151  0004  045B        	dc 1115
 151  0005  0483        	dc 1155
 151  0006  04AD        	dc 1197
 151  0007  04D7        	dc 1239
 151  0008  0502        	dc 1282
 151  0009  052D        	dc 1325
 151  000A  0558        	dc 1368
 151  000B  0584        	dc 1412
 151  000C  05B1        	dc 1457
 151  000D  05DD        	dc 1501
 151  000E  060A        	dc 1546
 151  000F  0637        	dc 1591
 151  0010  0665        	dc 1637
 151  0011  0693        	dc 1683
 151  0012  06C0        	dc 1728
 151  0013  06EE        	dc 1774
 151  0014  071C        	dc 1820
 151  0015  0749        	dc 1865
 151  0016  0777        	dc 1911
 151  0017  07A5        	dc 1957
 151  0018  07D2        	dc 2002
 151  0019  07FF        	dc 2047
 151  001A  082C        	dc 2092
 151  001B  0858        	dc 2136
 151  001C  0885        	dc 2181
 151  001D  08B0        	dc 2224
 151  001E  08DC        	dc 2268
 151  001F  0907        	dc 2311
 151  0020  0931        	dc 2353
 151  0021  095B        	dc 2395
 151  0022  0985        	dc 2437
 151  0023  09AE        	dc 2478
 151  0024  09D6        	dc 2518
 151  0025  09FE        	dc 2558
 151  0026  0A25        	dc 2597
 151  0027  0A4B        	dc 2635
 151  0028  0A71        	dc 2673
 151  0029  0A96        	dc 2710
 151  002A  0ABB        	dc 2747
 151  002B  0ADE        	dc 2782
 151  002C  0B02        	dc 2818
 151  002D  0B24        	dc 2852
 151  002E  0B46        	dc 2886
 151  002F  0B67        	dc 2919
 151  0030  0B87        	dc 2951
 151  0031  0BA6        	dc 2982
 151  0032  0BC5        	dc 3013
 151  0033  0BE3        	dc 3043
 151  0034  0C01        	dc 3073
 151  0035  0C1D        	dc 3101
 151  0036  0C39        	dc 3129
 151  0037  0C55        	dc 3157
 151  0038  0C6F        	dc 3183
 151  0039  0C89        	dc 3209
 151  003A  0CA2        	dc 3234
 151  003B  0CBB        	dc 3259
 151  003C  0CD3        	dc 3283
 151  003D  0CEA        	dc 3306
 151  003E  0D01        	dc 3329
"File: ADC.h         Assembler  Version HGASM0202      Page 68

 151  003F  0D17        	dc 3351
 151  0040  0D2C        	dc 3372
 151  0041  0D41        	dc 3393
 151  0042  0D56        	dc 3414
 151  0043  0D69        	dc 3433
 151  0044  0D7D        	dc 3453
 151  0045  0D8F        	dc 3471
 151  0046  0DA1        	dc 3489
 151  0047  0DB3        	dc 3507
 151  0048  0DC4        	dc 3524
 151  0049  0DD4        	dc 3540
 151  004A  0DE4        	dc 3556
 151  004B  0DF4        	dc 3572
 151  004C  0E03        	dc 3587
 151  004D  0E12        	dc 3602
 151  004E  0E20        	dc 3616
 151  004F  0E2E        	dc 3630
 151  0050  0E3B        	dc 3643
 151  0051  0E48        	dc 3656
 151  0052  0E55        	dc 3669
 151  0053  0E61        	dc 3681
 151  0054  0E6D        	dc 3693
 151  0055  0E79        	dc 3705
 151  0056  0E84        	dc 3716
 151  0057  0E8F        	dc 3727
 151  0058  0E99        	dc 3737
 151  0059  0EA3        	dc 3747
 151  005A  0EAD        	dc 3757
 151  005B  0EB7        	dc 3767
 151  005C  0EC0        	dc 3776
 151  005D  0EC9        	dc 3785
 151  005E  0ED2        	dc 3794
 151  005F  0EDA        	dc 3802
 151  0060  0EE2        	dc 3810
 151  0061  0EEA        	dc 3818
 151  0062  0EF2        	dc 3826
 151  0063  0EF9        	dc 3833
 151  0064              public _Min2
 151  0000              @HCCINIT	.section 'data'

  65  0000              #line 65 "E:\hamed\touch2\touch-RGB-2key\clock-temp-touch\IO.h"
  65  0000              @HCCINIT_Min2 .section 'data'
  65  0000              _Min2 label byte
  65  0000              #pragma debug variable 8 1 _Min2 "Min2"
  65  0000              	db 30
  65  000E              @ROMDATA_BASE .section inpage 'code'
  65  000E              	db 30
  65  0001              @HCCINIT_Min2 .section 'data'
  65  0001              public _Min1
  65  0001              #line 65 "E:\hamed\touch2\touch-RGB-2key\clock-temp-touch\IO.h"
  65  0000              @HCCINIT_Min1 .section 'data'
  65  0000              _Min1 label byte
  65  0000              #pragma debug variable 8 1 _Min1 "Min1"
  65  0000              	db 0
  65  000F              @ROMDATA_BASE .section inpage 'code'
  65  000F              	db 0
  65  0001              @HCCINIT_Min1 .section 'data'
  65  0001              public _Hrs2
  65  0001              #line 65 "E:\hamed\touch2\touch-RGB-2key\clock-temp-touch\IO.h"
  65  0000              @HCCINIT_Hrs2 .section 'data'
"File: IO.h          Assembler  Version HGASM0202      Page 69

  65  0000              _Hrs2 label byte
  65  0000              #pragma debug variable 8 1 _Hrs2 "Hrs2"
  65  0000              	db 5
  65  000F              @ROMDATA_BASE .section inpage 'code'
  65  000F              	db 5
  65  0001              @HCCINIT_Hrs2 .section 'data'
  65  0001              public _Hrs1
  65  0001              #line 65 "E:\hamed\touch2\touch-RGB-2key\clock-temp-touch\IO.h"
  65  0000              @HCCINIT_Hrs1 .section 'data'
  65  0000              _Hrs1 label byte
  65  0000              #pragma debug variable 8 1 _Hrs1 "Hrs1"
  65  0000              	db 6
  65  0010              @ROMDATA_BASE .section inpage 'code'
  65  0010              	db 6
  65  0001              @HCCINIT_Hrs1 .section 'data'
  65  0001              #line 65 "E:\hamed\touch2\touch-RGB-2key\clock-temp-touch\IO.h"
  65  0001              public _N2T2
  65  0000              @HCCINIT0_N2T2 .section 'data'
  65  0000              _N2T2	db 0
  65  0001              #pragma debug variable 8 1 _N2T2 "N2T2"
  65  0001              
  65  0000              @HCCINIT .section 'data'
  65  0000              #line 65 "E:\hamed\touch2\touch-RGB-2key\clock-temp-touch\IO.h"
  65  0000              public _N2T1
  65  0000              @HCCINIT0_N2T1 .section 'data'
  65  0000              _N2T1	db 0
  65  0001              #pragma debug variable 8 1 _N2T1 "N2T1"
  65  0001              
  65  0000              @HCCINIT .section 'data'
  65  0000              #line 65 "E:\hamed\touch2\touch-RGB-2key\clock-temp-touch\IO.h"
  65  0000              public _N1T2
  65  0000              @HCCINIT0_N1T2 .section 'data'
  65  0000              _N1T2	db 0
  65  0001              #pragma debug variable 8 1 _N1T2 "N1T2"
  65  0001              
  65  0000              @HCCINIT .section 'data'
  65  0000              #line 65 "E:\hamed\touch2\touch-RGB-2key\clock-temp-touch\IO.h"
  65  0000              public _N1T1
  65  0000              @HCCINIT0_N1T1 .section 'data'
  65  0000              _N1T1	db 0
  65  0001              #pragma debug variable 8 1 _N1T1 "N1T1"
  65  0001              
  65  0000              @HCCINIT .section 'data'
  65  0000              #line 65 "E:\hamed\touch2\touch-RGB-2key\clock-temp-touch\IO.h"
  65  0000              public _H2T2
  65  0000              @HCCINIT0_H2T2 .section 'data'
  65  0000              _H2T2	db 0
  65  0001              #pragma debug variable 8 1 _H2T2 "H2T2"
  65  0001              
  65  0000              @HCCINIT .section 'data'
  65  0000              #line 65 "E:\hamed\touch2\touch-RGB-2key\clock-temp-touch\IO.h"
  65  0000              public _H2T1
  65  0000              @HCCINIT0_H2T1 .section 'data'
  65  0000              _H2T1	db 0
  65  0001              #pragma debug variable 8 1 _H2T1 "H2T1"
  65  0001              
  65  0000              @HCCINIT .section 'data'
  65  0000              #line 65 "E:\hamed\touch2\touch-RGB-2key\clock-temp-touch\IO.h"
  65  0000              public _H1T2
  65  0000              @HCCINIT0_H1T2 .section 'data'
"File: IO.h          Assembler  Version HGASM0202      Page 70

  65  0000              _H1T2	db 0
  65  0001              #pragma debug variable 8 1 _H1T2 "H1T2"
  65  0001              
  65  0000              @HCCINIT .section 'data'
  65  0000              #line 65 "E:\hamed\touch2\touch-RGB-2key\clock-temp-touch\IO.h"
  65  0000              public _H1T1
  65  0000              @HCCINIT0_H1T1 .section 'data'
  65  0000              _H1T1	db 0
  65  0001              #pragma debug variable 8 1 _H1T1 "H1T1"
  65  0001              
  65  0000              @HCCINIT .section 'data'
  64  0000              #line 64 "E:\hamed\touch2\touch-RGB-2key\clock-temp-touch\IO.h"
  64  0000              public _TM2
  64  0000              @HCCINIT0_TM2 .section 'data'
  64  0000              _TM2	db 0
  64  0001              #pragma debug variable 8 1 _TM2 "TM2"
  64  0001              
  64  0000              @HCCINIT .section 'data'
  64  0000              #line 64 "E:\hamed\touch2\touch-RGB-2key\clock-temp-touch\IO.h"
  64  0000              public _TM1
  64  0000              @HCCINIT0_TM1 .section 'data'
  64  0000              _TM1	db 0
  64  0001              #pragma debug variable 8 1 _TM1 "TM1"
  64  0001              
  64  0000              @HCCINIT .section 'data'
  64  0000              #line 64 "E:\hamed\touch2\touch-RGB-2key\clock-temp-touch\IO.h"
  64  0000              public _S2
  64  0000              @HCCINIT0_S2 .section 'data'
  64  0000              _S2	db 0
  64  0001              #pragma debug variable 8 1 _S2 "S2"
  64  0001              
  64  0000              @HCCINIT .section 'data'
  64  0000              #line 64 "E:\hamed\touch2\touch-RGB-2key\clock-temp-touch\IO.h"
  64  0000              public _S1
  64  0000              @HCCINIT0_S1 .section 'data'
  64  0000              _S1	db 0
  64  0001              #pragma debug variable 8 1 _S1 "S1"
  64  0001              
  64  0000              @HCCINIT .section 'data'
  64  0000              #line 64 "E:\hamed\touch2\touch-RGB-2key\clock-temp-touch\IO.h"
  64  0000              public _T2
  64  0000              @HCCINIT0_T2 .section 'data'
  64  0000              _T2	db 0
  64  0001              #pragma debug variable 8 1 _T2 "T2"
  64  0001              
  64  0000              @HCCINIT .section 'data'
  64  0000              #line 64 "E:\hamed\touch2\touch-RGB-2key\clock-temp-touch\IO.h"
  64  0000              public _T1
  64  0000              @HCCINIT0_T1 .section 'data'
  64  0000              _T1	db 0
  64  0001              #pragma debug variable 8 1 _T1 "T1"
  64  0001              
  64  0000              @HCCINIT .section 'data'
  64  0000              #line 64 "E:\hamed\touch2\touch-RGB-2key\clock-temp-touch\IO.h"
  64  0000              public _N2
  64  0000              @HCCINIT0_N2 .section 'data'
  64  0000              _N2	db 0
  64  0001              #pragma debug variable 8 1 _N2 "N2"
  64  0001              
  64  0000              @HCCINIT .section 'data'
"File: IO.h          Assembler  Version HGASM0202      Page 71

  64  0000              #line 64 "E:\hamed\touch2\touch-RGB-2key\clock-temp-touch\IO.h"
  64  0000              public _N1
  64  0000              @HCCINIT0_N1 .section 'data'
  64  0000              _N1	db 0
  64  0001              #pragma debug variable 8 1 _N1 "N1"
  64  0001              
  64  0000              @HCCINIT .section 'data'
  64  0000              #line 64 "E:\hamed\touch2\touch-RGB-2key\clock-temp-touch\IO.h"
  64  0000              public _H2
  64  0000              @HCCINIT0_H2 .section 'data'
  64  0000              _H2	db 0
  64  0001              #pragma debug variable 8 1 _H2 "H2"
  64  0001              
  64  0000              @HCCINIT .section 'data'
  64  0000              #line 64 "E:\hamed\touch2\touch-RGB-2key\clock-temp-touch\IO.h"
  64  0000              public _H1
  64  0000              @HCCINIT0_H1 .section 'data'
  64  0000              _H1	db 0
  64  0001              #pragma debug variable 8 1 _H1 "H1"
  64  0001              
  64  0000              @HCCINIT .section 'data'
  64  0000              #line 64 "E:\hamed\touch2\touch-RGB-2key\clock-temp-touch\IO.h"
  64  0000              public _D2
  64  0000              @HCCINIT0_D2 .section 'data'
  64  0000              _D2	db 0
  64  0001              #pragma debug variable 8 1 _D2 "D2"
  64  0001              
  64  0000              @HCCINIT .section 'data'
  64  0000              #line 64 "E:\hamed\touch2\touch-RGB-2key\clock-temp-touch\IO.h"
  64  0000              public _D1
  64  0000              @HCCINIT0_D1 .section 'data'
  64  0000              _D1	db 0
  64  0001              #pragma debug variable 8 1 _D1 "D1"
  64  0001              
  64  0000              @HCCINIT .section 'data'
  64  0000              #line 64 "E:\hamed\touch2\touch-RGB-2key\clock-temp-touch\IO.h"
  64  0000              public _M2
  64  0000              @HCCINIT0_M2 .section 'data'
  64  0000              _M2	db 0
  64  0001              #pragma debug variable 8 1 _M2 "M2"
  64  0001              
  64  0000              @HCCINIT .section 'data'
  64  0000              #line 64 "E:\hamed\touch2\touch-RGB-2key\clock-temp-touch\IO.h"
  64  0000              public _M1
  64  0000              @HCCINIT0_M1 .section 'data'
  64  0000              _M1	db 0
  64  0001              #pragma debug variable 8 1 _M1 "M1"
  64  0001              
  64  0000              @HCCINIT .section 'data'
  64  0000              #line 64 "E:\hamed\touch2\touch-RGB-2key\clock-temp-touch\IO.h"
  64  0000              public _Y4
  64  0000              @HCCINIT0_Y4 .section 'data'
  64  0000              _Y4	db 0
  64  0001              #pragma debug variable 8 1 _Y4 "Y4"
  64  0001              
  64  0000              @HCCINIT .section 'data'
  64  0000              #line 64 "E:\hamed\touch2\touch-RGB-2key\clock-temp-touch\IO.h"
  64  0000              public _Y3
  64  0000              @HCCINIT0_Y3 .section 'data'
  64  0000              _Y3	db 0
"File: IO.h          Assembler  Version HGASM0202      Page 72

  64  0001              #pragma debug variable 8 1 _Y3 "Y3"
  64  0001              
  64  0000              @HCCINIT .section 'data'
  64  0000              #line 64 "E:\hamed\touch2\touch-RGB-2key\clock-temp-touch\IO.h"
  64  0000              public _Y2
  64  0000              @HCCINIT0_Y2 .section 'data'
  64  0000              _Y2	db 0
  64  0001              #pragma debug variable 8 1 _Y2 "Y2"
  64  0001              
  64  0000              @HCCINIT .section 'data'
  64  0000              #line 64 "E:\hamed\touch2\touch-RGB-2key\clock-temp-touch\IO.h"
  64  0000              public _Y1
  64  0000              @HCCINIT0_Y1 .section 'data'
  64  0000              _Y1	db 0
  64  0001              #pragma debug variable 8 1 _Y1 "Y1"
  64  0001              
  64  0000              @HCCINIT .section 'data'
  37  0000              #line 37 "E:\hamed\touch2\touch-RGB-2key\clock-temp-touch\IO.h"
  37  0000              public _q2
  37  0000              @BITDATASEC .section 'data'
  37  0000  00          _q2	dbit 0
  37  0001              #pragma debug variable 2 1 _q2 "q2"
  37  0001              
  37  0000              @HCCINIT .section 'data'
  37  0000              #line 37 "E:\hamed\touch2\touch-RGB-2key\clock-temp-touch\IO.h"
  37  0000              public _q1
  37  0001              @BITDATASEC .section 'data'
  37  0000              _q1	dbit 0
  37  0001              #pragma debug variable 2 1 _q1 "q1"
  37  0001              
  37  0000              @HCCINIT .section 'data'
  37  0000              #line 37 "E:\hamed\touch2\touch-RGB-2key\clock-temp-touch\IO.h"
  37  0000              public _Litgh
  37  0001              @BITDATASEC .section 'data'
  37  0000              _Litgh	dbit 0
  37  0001              #pragma debug variable 2 1 _Litgh "Litgh"
  37  0001              
  37  0000              @HCCINIT .section 'data'
  37  0000              #line 37 "E:\hamed\touch2\touch-RGB-2key\clock-temp-touch\IO.h"
  37  0000              public _SetAlarm
  37  0001              @BITDATASEC .section 'data'
  37  0000              _SetAlarm	dbit 0
  37  0001              #pragma debug variable 2 1 _SetAlarm "SetAlarm"
  37  0001              
  37  0000              @HCCINIT .section 'data'
  37  0000              #line 37 "E:\hamed\touch2\touch-RGB-2key\clock-temp-touch\IO.h"
  37  0000              public _SetTime
  37  0001              @BITDATASEC .section 'data'
  37  0000              _SetTime	dbit 0
  37  0001              #pragma debug variable 2 1 _SetTime "SetTime"
  37  0001              
  37  0000              @HCCINIT .section 'data'
  37  0000              #line 37 "E:\hamed\touch2\touch-RGB-2key\clock-temp-touch\IO.h"
  37  0000              public _PM2
  37  0001              @BITDATASEC .section 'data'
  37  0000              _PM2	dbit 0
  37  0001              #pragma debug variable 2 1 _PM2 "PM2"
  37  0001              
  37  0000              @HCCINIT .section 'data'
  37  0000              #line 37 "E:\hamed\touch2\touch-RGB-2key\clock-temp-touch\IO.h"
"File: IO.h          Assembler  Version HGASM0202      Page 73

  37  0000              public _PM1
  37  0001              @BITDATASEC .section 'data'
  37  0000              _PM1	dbit 0
  37  0001              #pragma debug variable 2 1 _PM1 "PM1"
  37  0001              
  37  0000              @HCCINIT .section 'data'
  37  0000              #line 37 "E:\hamed\touch2\touch-RGB-2key\clock-temp-touch\IO.h"
  37  0000              public _Belinking
  37  0001              @BITDATASEC .section 'data'
  37  0000              _Belinking	dbit 0
  37  0001              #pragma debug variable 2 1 _Belinking "Belinking"
  37  0001              
  37  0000              @HCCINIT .section 'data'
  37  0000              #line 37 "E:\hamed\touch2\touch-RGB-2key\clock-temp-touch\IO.h"
  37  0000              public _Belinker
  37  0001              @BITDATASEC .section 'data'
  37  0001  00          _Belinker	dbit 0
  37  0002              #pragma debug variable 2 1 _Belinker "Belinker"
  37  0002              
  37  0000              @HCCINIT .section 'data'
  37  0000              #line 37 "E:\hamed\touch2\touch-RGB-2key\clock-temp-touch\IO.h"
  37  0000              public _Seg3
  37  0002              @BITDATASEC .section 'data'
  37  0001              _Seg3	dbit 0
  37  0002              #pragma debug variable 2 1 _Seg3 "Seg3"
  37  0002              
  37  0000              @HCCINIT .section 'data'
  37  0000              #line 37 "E:\hamed\touch2\touch-RGB-2key\clock-temp-touch\IO.h"
  37  0000              public _Seg2
  37  0002              @BITDATASEC .section 'data'
  37  0001              _Seg2	dbit 0
  37  0002              #pragma debug variable 2 1 _Seg2 "Seg2"
  37  0002              
  37  0000              @HCCINIT .section 'data'
  37  0000              #line 37 "E:\hamed\touch2\touch-RGB-2key\clock-temp-touch\IO.h"
  37  0000              public _Seg1
  37  0002              @BITDATASEC .section 'data'
  37  0001              _Seg1	dbit 0
  37  0002              #pragma debug variable 2 1 _Seg1 "Seg1"
  37  0002              
  37  0000              @HCCINIT .section 'data'
  37  0000              #line 37 "E:\hamed\touch2\touch-RGB-2key\clock-temp-touch\IO.h"
  37  0000              public _Dot
  37  0002              @BITDATASEC .section 'data'
  37  0001              _Dot	dbit 0
  37  0002              #pragma debug variable 2 1 _Dot "Dot"
  37  0002              
  37  0000              @HCCINIT .section 'data'
  37  0000              #line 37 "E:\hamed\touch2\touch-RGB-2key\clock-temp-touch\IO.h"
  37  0000              public _Lock
  37  0002              @BITDATASEC .section 'data'
  37  0001              _Lock	dbit 0
  37  0002              #pragma debug variable 2 1 _Lock "Lock"
  37  0002              
  37  0000              @HCCINIT .section 'data'
  37  0000              #line 37 "E:\hamed\touch2\touch-RGB-2key\clock-temp-touch\IO.h"
  37  0000              public _Bip
  37  0002              @BITDATASEC .section 'data'
  37  0001              _Bip	dbit 0
  37  0002              #pragma debug variable 2 1 _Bip "Bip"
"File: IO.h          Assembler  Version HGASM0202      Page 74

  37  0002              
  37  0000              @HCCINIT .section 'data'
  37  0000              public _CountTemp
  36  0000              #line 36 "E:\hamed\touch2\touch-RGB-2key\clock-temp-touch\IO.h"
  36  0000              @HCCINIT_CountTemp .section 'data'
  36  0000              _CountTemp label byte
  36  0000              #pragma debug variable 8 1 _CountTemp "CountTemp"
  36  0000              	db 0
  36  0010              @ROMDATA_BASE .section inpage 'code'
  36  0010              	db 0
  36  0001              @HCCINIT_CountTemp .section 'data'
  36  0001              public _State
  36  0001              #line 36 "E:\hamed\touch2\touch-RGB-2key\clock-temp-touch\IO.h"
  36  0000              @HCCINIT_State .section 'data'
  36  0000              _State label byte
  36  0000              #pragma debug variable 8 1 _State "State"
  36  0000              	db 0
  36  0011              @ROMDATA_BASE .section inpage 'code'
  36  0011              	db 0
  36  0001              @HCCINIT_State .section 'data'
  36  0001              public _CountOn
  36  0001              #line 36 "E:\hamed\touch2\touch-RGB-2key\clock-temp-touch\IO.h"
  36  0000              @HCCINIT_CountOn .section 'data'
  36  0000              _CountOn label byte
  36  0000              #pragma debug variable 8 1 _CountOn "CountOn"
  36  0000              	db 0
  36  0011              @ROMDATA_BASE .section inpage 'code'
  36  0011              	db 0
  36  0001              @HCCINIT_CountOn .section 'data'
  36  0001              public _Ok
  36  0001              #line 36 "E:\hamed\touch2\touch-RGB-2key\clock-temp-touch\IO.h"
  36  0000              @HCCINIT_Ok .section 'data'
  36  0000              _Ok label byte
  36  0000              #pragma debug variable 8 1 _Ok "Ok"
  36  0000              	db 0
  36  0012              @ROMDATA_BASE .section inpage 'code'
  36  0012              	db 0
  36  0001              @HCCINIT_Ok .section 'data'
  36  0001              public _Kab
  36  0001              #line 36 "E:\hamed\touch2\touch-RGB-2key\clock-temp-touch\IO.h"
  36  0000              @HCCINIT_Kab .section 'data'
  36  0000              _Kab label byte
  36  0000              #pragma debug variable 8 1 _Kab "Kab"
  36  0000              	db 0
  36  0012              @ROMDATA_BASE .section inpage 'code'
  36  0012              	db 0
  36  0001              @HCCINIT_Kab .section 'data'
  36  0001              public _LookTime
  36  0064              @crom	.section 'crom'
  34  0064              #line 34 "E:\hamed\touch2\touch-RGB-2key\clock-temp-touch\IO.h"
  34  0064              @crom	.section	'crom'
  34  0064              _LookTime:
  34  0064              #pragma debug array 43 11 24 1
  34  0064              #pragma debug array 43 11 24 1
  34  0064              #pragma debug variable 43 1 _LookTime "LookTime"
  34  0064  000C        	dc 12
  34  0065  000D        	dc 13
  34  0066  000E        	dc 14
  34  0067  000F        	dc 15
  34  0068  0010        	dc 16
"File: IO.h          Assembler  Version HGASM0202      Page 75

  34  0069  0011        	dc 17
  34  006A  0012        	dc 18
  34  006B  0013        	dc 19
  34  006C  0014        	dc 20
  34  006D  0015        	dc 21
  34  006E  0016        	dc 22
  34  006F  0017        	dc 23
  34  0070  0000        	dc 0
  34  0071  0001        	dc 1
  34  0072  0002        	dc 2
  34  0073  0003        	dc 3
  34  0074  0004        	dc 4
  34  0075  0005        	dc 5
  34  0076  0006        	dc 6
  34  0077  0007        	dc 7
  34  0078  0008        	dc 8
  34  0079  0009        	dc 9
  34  007A  000A        	dc 10
  34  007B  000B        	dc 11
  34  007C              public _Lookup
  33  007C              #line 33 "E:\hamed\touch2\touch-RGB-2key\clock-temp-touch\IO.h"
  33  007C              @crom	.section	'crom'
  33  007C              _Lookup:
  33  007C              #pragma debug array 44 11 8 1
  33  007C              #pragma debug array 44 11 8 1
  33  007C              #pragma debug variable 44 1 _Lookup "Lookup"
  33  007C  0001        	dc 1
  33  007D  0005        	dc 5
  33  007E  0009        	dc 9
  33  007F  000D        	dc 13
  33  0080  0011        	dc 17
  33  0081  0016        	dc 22
  33  0082  001A        	dc 26
  33  0083  001E        	dc 30
  33  0084              public _Biper
  33  0000              @HCCINIT	.section 'data'
  32  0000              #line 32 "E:\hamed\touch2\touch-RGB-2key\clock-temp-touch\IO.h"
  32  0000              @HCCINIT_Biper .section 'data'
  32  0000              _Biper label byte
  32  0000              #pragma debug variable 12 1 _Biper "Biper"
  32  0000              	db 0
  32  0013              @ROMDATA_BASE .section inpage 'code'
  32  0013              	db 0
  32  0001              @HCCINIT_Biper .section 'data'
  32  0001              	db 0
  32  0013              @ROMDATA_BASE .section inpage 'code'
  32  0013              	db 0
  32  0002              @HCCINIT_Biper .section 'data'
  32  0002              public _Belink
  32  0002              #line 32 "E:\hamed\touch2\touch-RGB-2key\clock-temp-touch\IO.h"
  32  0000              @HCCINIT_Belink .section 'data'
  32  0000              _Belink label byte
  32  0000              #pragma debug variable 12 1 _Belink "Belink"
  32  0000              	db 0
  32  0014              @ROMDATA_BASE .section inpage 'code'
  32  0014              	db 0
  32  0001              @HCCINIT_Belink .section 'data'
  32  0001              	db 0
  32  0014              @ROMDATA_BASE .section inpage 'code'
  32  0014              	db 0
"File: IO.h          Assembler  Version HGASM0202      Page 76

  32  0002              @HCCINIT_Belink .section 'data'
  32  0002              public _Yer
  32  0002              #line 32 "E:\hamed\touch2\touch-RGB-2key\clock-temp-touch\IO.h"
  32  0000              @HCCINIT_Yer .section 'data'
  32  0000              _Yer label byte
  32  0000              #pragma debug variable 12 1 _Yer "Yer"
  32  0000              	dw 1403
  32  0015              @ROMDATA_BASE .section inpage 'code'
  32  0015  057B        	dc 1403
  32  0002              @HCCINIT_Yer .section 'data'
  32  0002              public _H124
  31  0002              #line 31 "E:\hamed\touch2\touch-RGB-2key\clock-temp-touch\IO.h"
  31  0000              @HCCINIT_H124 .section 'data'
  31  0000              _H124 label byte
  31  0000              #pragma debug variable 8 1 _H124 "H124"
  31  0000              	db 24
  31  0016              @ROMDATA_BASE .section inpage 'code'
  31  0016              	db 24
  31  0001              @HCCINIT_H124 .section 'data'
  31  0001              public _Day
  31  0001              #line 31 "E:\hamed\touch2\touch-RGB-2key\clock-temp-touch\IO.h"
  31  0000              @HCCINIT_Day .section 'data'
  31  0000              _Day label byte
  31  0000              #pragma debug variable 8 1 _Day "Day"
  31  0000              	db 16
  31  0016              @ROMDATA_BASE .section inpage 'code'
  31  0016              	db 16
  31  0001              @HCCINIT_Day .section 'data'
  31  0001              public _May
  31  0001              #line 31 "E:\hamed\touch2\touch-RGB-2key\clock-temp-touch\IO.h"
  31  0000              @HCCINIT_May .section 'data'
  31  0000              _May label byte
  31  0000              #pragma debug variable 8 1 _May "May"
  31  0000              	db 4
  31  0017              @ROMDATA_BASE .section inpage 'code'
  31  0017              	db 4
  31  0001              @HCCINIT_May .section 'data'
  31  0001              public _Sec
  30  0001              #line 30 "E:\hamed\touch2\touch-RGB-2key\clock-temp-touch\IO.h"
  30  0000              @HCCINIT_Sec .section 'data'
  30  0000              _Sec label byte
  30  0000              #pragma debug variable 8 1 _Sec "Sec"
  30  0000              	db 0
  30  0017              @ROMDATA_BASE .section inpage 'code'
  30  0017              	db 0
  30  0001              @HCCINIT_Sec .section 'data'
  30  0001              public _Temp
  30  0001              #line 30 "E:\hamed\touch2\touch-RGB-2key\clock-temp-touch\IO.h"
  30  0000              @HCCINIT_Temp .section 'data'
  30  0000              _Temp label byte
  30  0000              #pragma debug variable 8 1 _Temp "Temp"
  30  0000              	db 0
  30  0018              @ROMDATA_BASE .section inpage 'code'
  30  0018              	db 0
  30  0001              @HCCINIT_Temp .section 'data'
  30  0001              public _S
  30  0001              #line 30 "E:\hamed\touch2\touch-RGB-2key\clock-temp-touch\IO.h"
  30  0000              @HCCINIT_S .section 'data'
  30  0000              _S label byte
  30  0000              #pragma debug variable 8 1 _S "S"
"File: IO.h          Assembler  Version HGASM0202      Page 77

  30  0000              	db 0
  30  0018              @ROMDATA_BASE .section inpage 'code'
  30  0018              	db 0
  30  0001              @HCCINIT_S .section 'data'
  30  0001              public _Min
  30  0001              #line 30 "E:\hamed\touch2\touch-RGB-2key\clock-temp-touch\IO.h"
  30  0000              @HCCINIT_Min .section 'data'
  30  0000              _Min label byte
  30  0000              #pragma debug variable 8 1 _Min "Min"
  30  0000              	db 2
  30  0019              @ROMDATA_BASE .section inpage 'code'
  30  0019              	db 2
  30  0001              @HCCINIT_Min .section 'data'
  30  0001              public _Hrs
  30  0001              #line 30 "E:\hamed\touch2\touch-RGB-2key\clock-temp-touch\IO.h"
  30  0000              @HCCINIT_Hrs .section 'data'
  30  0000              _Hrs label byte
  30  0000              #pragma debug variable 8 1 _Hrs "Hrs"
  30  0000              	db 17
  30  0019              @ROMDATA_BASE .section inpage 'code'
  30  0019              	db 17
  30  0001              @HCCINIT_Hrs .section 'data'
  30  0001              public _Display
  30  0001              #line 30 "E:\hamed\touch2\touch-RGB-2key\clock-temp-touch\IO.h"
  30  0000              @HCCINIT_Display .section 'data'
  30  0000              _Display label byte
  30  0000              #pragma debug variable 8 1 _Display "Display"
  30  0000              	db 2
  30  001A              @ROMDATA_BASE .section inpage 'code'
  30  001A              	db 2
  30  0001              @HCCINIT_Display .section 'data'
  30  0001              public _Seletion
  30  0001              #line 30 "E:\hamed\touch2\touch-RGB-2key\clock-temp-touch\IO.h"
  30  0000              @HCCINIT_Seletion .section 'data'
  30  0000              _Seletion label byte
  30  0000              #pragma debug variable 8 1 _Seletion "Seletion"
  30  0000              	db 1
  30  001A              @ROMDATA_BASE .section inpage 'code'
  30  001A              	db 1
  30  0001              @HCCINIT_Seletion .section 'data'
  30  0001              public _Disp
  30  0001              #line 30 "E:\hamed\touch2\touch-RGB-2key\clock-temp-touch\IO.h"
  30  0000              @HCCINIT_Disp .section 'data'
  30  0000              _Disp label byte
  30  0000              #pragma debug variable 8 1 _Disp "Disp"
  30  0000              	db 0
  30  001B              @ROMDATA_BASE .section inpage 'code'
  30  001B              	db 0
  30  0001              @HCCINIT_Disp .section 'data'
  30  0001              public _CNT_DISP
  30  0001              #line 30 "E:\hamed\touch2\touch-RGB-2key\clock-temp-touch\IO.h"
  30  0000              @HCCINIT_CNT_DISP .section 'data'
  30  0000              _CNT_DISP label byte
  30  0000              #pragma debug variable 8 1 _CNT_DISP "CNT_DISP"
  30  0000              	db 0
  30  001B              @ROMDATA_BASE .section inpage 'code'
  30  001B              	db 0
  30  0001              @HCCINIT_CNT_DISP .section 'data'
  30  0001              #pragma debug struct_end
  30  0001              #pragma debug struct_end
"File: IO.h          Assembler  Version HGASM0202      Page 78

  30  0001              #pragma debug union_end
  30  0001              #pragma debug union_end
  30  0001              #pragma debug variable 46 1 ___intc0 "__intc0" 1
  30  0001              #pragma debug struct_end
  30  0001              #pragma debug struct_end
  30  0001              #pragma debug union_end
  30  0001              #pragma debug union_end
  30  0001              #pragma debug variable 48 1 ___intc2 "__intc2" 1
  30  0001              #pragma debug struct_end
  30  0001              #pragma debug struct_end
  30  0001              #pragma debug union_end
  30  0001              #pragma debug union_end
  30  0001              #pragma debug variable 50 1 ___pa "__pa" 1
  30  0001              #pragma debug struct_end
  30  0001              #pragma debug struct_end
  30  0001              #pragma debug union_end
  30  0001              #pragma debug union_end
  30  0001              #pragma debug variable 52 1 ___pac "__pac" 1
  30  0001              #pragma debug struct_end
  30  0001              #pragma debug struct_end
  30  0001              #pragma debug union_end
  30  0001              #pragma debug union_end
  30  0001              #pragma debug variable 54 1 ___pb "__pb" 1
  30  0001              #pragma debug struct_end
  30  0001              #pragma debug struct_end
  30  0001              #pragma debug union_end
  30  0001              #pragma debug union_end
  30  0001              #pragma debug variable 56 1 ___pbc "__pbc" 1
  30  0001              #pragma debug struct_end
  30  0001              #pragma debug struct_end
  30  0001              #pragma debug union_end
  30  0001              #pragma debug union_end
  30  0001              #pragma debug variable 58 1 ___pc "__pc" 1
  30  0001              #pragma debug struct_end
  30  0001              #pragma debug struct_end
  30  0001              #pragma debug union_end
  30  0001              #pragma debug union_end
  30  0001              #pragma debug variable 60 1 ___pcc "__pcc" 1
  30  0001              #pragma debug struct_end
  30  0001              #pragma debug struct_end
  30  0001              #pragma debug union_end
  30  0001              #pragma debug union_end
  30  0001              #pragma debug variable 62 1 ___mfi2 "__mfi2" 1
  30  0001              #pragma debug variable 8 1 ___sadol "__sadol" 1
  30  0001              #pragma debug variable 8 1 ___sadoh "__sadoh" 1
  30  0001              #pragma debug struct_end
  30  0001              #pragma debug struct_end
  30  0001              #pragma debug union_end
  30  0001              #pragma debug union_end
  30  0001              #pragma debug variable 64 1 ___sadc0 "__sadc0" 1
  30  0001              #pragma debug struct_end
  30  0001              #pragma debug struct_end
  30  0001              #pragma debug union_end
  30  0001              #pragma debug union_end
  30  0001              #pragma debug variable 66 1 ___sadc1 "__sadc1" 1
  30  0001              #pragma debug struct_end
  30  0001              #pragma debug struct_end
  30  0001              #pragma debug union_end
  30  0001              #pragma debug union_end
  30  0001              #pragma debug variable 68 1 ___psc0r "__psc0r" 1
"File: IO.h          Assembler  Version HGASM0202      Page 79

  30  0001              #pragma debug struct_end
  30  0001              #pragma debug struct_end
  30  0001              #pragma debug union_end
  30  0001              #pragma debug union_end
  30  0001              #pragma debug variable 70 1 ___tb0c "__tb0c" 1
  30  0001              #pragma debug struct_end
  30  0001              #pragma debug struct_end
  30  0001              #pragma debug union_end
  30  0001              #pragma debug union_end
  30  0001              #pragma debug variable 72 1 ___tb1c "__tb1c" 1
  30  0001              #pragma debug struct_end
  30  0001              #pragma debug struct_end
  30  0001              #pragma debug union_end
  30  0001              #pragma debug union_end
  30  0001              #pragma debug variable 74 1 ___psc1r "__psc1r" 1
  30  0001              #pragma debug struct_end
  30  0001              #pragma debug struct_end
  30  0001              #pragma debug union_end
  30  0001              #pragma debug union_end
  30  0001              #pragma debug variable 76 1 ___ptmc0 "__ptmc0" 1
  30  0001              #pragma debug struct_end
  30  0001              #pragma debug struct_end
  30  0001              #pragma debug union_end
  30  0001              #pragma debug union_end
  30  0001              #pragma debug variable 78 1 ___ptmc1 "__ptmc1" 1
  30  0001              #pragma debug variable 8 1 ___ptmal "__ptmal" 1
  30  0001              #pragma debug variable 8 1 ___ptmah "__ptmah" 1
  30  0001              #pragma debug variable 8 1 ___ptmrpl "__ptmrpl" 1
  30  0001              #pragma debug variable 8 1 ___ptmrph "__ptmrph" 1
  30  0001              #pragma debug struct_end
  30  0001              #pragma debug struct_end
  30  0001              #pragma debug union_end
  30  0001              #pragma debug union_end
  30  0001              #pragma debug variable 80 1 ___pe "__pe" 1
  30  0001              #pragma debug struct_end
  30  0001              #pragma debug struct_end
  30  0001              #pragma debug union_end
  30  0001              #pragma debug union_end
  30  0001              #pragma debug variable 82 1 ___pec "__pec" 1
  30  0001              #pragma debug struct_end
  30  0001              #pragma debug struct_end
  30  0001              #pragma debug union_end
  30  0001              #pragma debug union_end
  30  0001              #pragma debug variable 84 1 ___pepu "__pepu" 1
  30  0001              #pragma debug variable 8 1 ___tktmr "__tktmr" 1
  30  0001              #pragma debug struct_end
  30  0001              #pragma debug struct_end
  30  0001              #pragma debug union_end
  30  0001              #pragma debug union_end
  30  0001              #pragma debug variable 86 1 ___tkc0 "__tkc0" 1
  30  0001              #pragma debug struct_end
  30  0001              #pragma debug struct_end
  30  0001              #pragma debug union_end
  30  0001              #pragma debug union_end
  30  0001              #pragma debug variable 88 1 ___tkc1 "__tkc1" 1
  30  0001              #pragma debug variable 8 1 ___tkm116dl "__tkm116dl" 1
  30  0001              #pragma debug variable 8 1 ___tkm116dh "__tkm116dh" 1
  30  0001              #pragma debug variable 8 1 ___tkm1rol "__tkm1rol" 1
  30  0001              #pragma debug variable 8 1 ___tkm1roh "__tkm1roh" 1
  30  0001              #pragma debug struct_end
"File: IO.h          Assembler  Version HGASM0202      Page 80

  30  0001              #pragma debug struct_end
  30  0001              #pragma debug union_end
  30  0001              #pragma debug union_end
  30  0001              #pragma debug variable 90 1 ___tkm1c0 "__tkm1c0" 1
  30  0001              #pragma debug struct_end
  30  0001              #pragma debug struct_end
  30  0001              #pragma debug union_end
  30  0001              #pragma debug union_end
  30  0001              #pragma debug variable 92 1 ___tkm1c1 "__tkm1c1" 1
  30  0001              #pragma debug struct_end
  30  0001              #pragma debug struct_end
  30  0001              #pragma debug union_end
  30  0001              #pragma debug union_end
  30  0001              #pragma debug variable 94 1 ___tkm1c2 "__tkm1c2" 1
  30  0001              #pragma debug struct_end
  30  0001              #pragma debug struct_end
  30  0001              #pragma debug union_end
  30  0001              #pragma debug union_end
  30  0001              #pragma debug variable 96 1 ___pbs0 "__pbs0" 1
  30  0001              #pragma debug struct_end
  30  0001              #pragma debug struct_end
  30  0001              #pragma debug union_end
  30  0001              #pragma debug union_end
  30  0001              #pragma debug variable 98 1 ___pcs0 "__pcs0" 1
  30  0001              extern r1:byte
  30  0001              extern r2:byte
  30  0001              extern r3:byte
  30  0001              extern r4:byte
  30  0001              extern r5:byte
  30  0001              extern r6:byte

  18  0001              #line 18 "E:\hamed\touch2\touch-RGB-2key\clock-temp-touch\clock-temp-touch.c"
  18  0000              @code .section at 0 'code'
  18  0000  2800     R  	jmp _main_startup1
  18  0001              
  18  0001              extern _builtin_holtek_mulsi3_2:byte
  18  0001              extern _builtin_holtek_mulsi3:near
  18  0001              extern _builtin_holtek_udivmodqi4_2:byte
  18  0001              extern _builtin_holtek_udivmodqi4:near
  18  0001              extern _builtin_holtek_udivmodhi4_2:byte
  18  0001              extern _builtin_holtek_udivmodhi4:near
  18  0001              extern _builtin_holtek_udivmodsi4_2:byte
  18  0001              extern _builtin_holtek_udivmodsi4:near
  18  0001              
  18  0001              ; 
  18  0001              ; Generated by holtek-gcc v3.19, Thu Jul 11 14:17:01 2024
  18  0001              ; Rebuild 718
  18  0001              ; end of file


        0 Errors, 0