"File: clock-temp-touch.c  Assembler  Version HGASM0202      Page 1


<<<<<<< HEAD
   1  0000              ; Generated by holtek-gcc v3.19, Mon Oct 14 18:08:16 2024
=======
   1  0000              ; Generated by holtek-gcc v3.19, Fri Jul 19 23:57:18 2024
>>>>>>> 63842fd (car-light)
   2  0000              ; 
   3  0000              ; Configuration:
   4  0000              ;       with long instruction
   5  0000              ;       Single ROM, Multi-RAM
   6  0000              ;       bits_per_rom_unit:16
   7  0000              ;       with mp1
   8  0000              ;       with tbhp, address(0x9)
   9  0000              ;          Use tabrd-const
  10  0000              ;       
  11  0000              ; SFR address of long-instruction arch:
  12  0000              ;    mp0 = -1,1,0
  13  0000              ;    mp1 = 4,3,2
  14  0000              ;    mp2 = 14,13,12
  15  0000              ;    tbp = 9,7,8
  16  0000              ;    acc = 5
  17  0000              ;    pcl = 6
  18  0000              ;    status = 10
  19  0000              ;    bp = 11
  20  0000              ;    intc = 16
  21  0000              ;       
  22  0000              ;       
  23  0000              ; use 'tabrdc' instead of 'tabrd'
  24  0000              ;       
  25  0000              
  26  0000              #pragma translator "holtek-gcc 4.6.4" "3.19" "build 20130711"
  27  0000              ; Rebuild 718
  28  0000              
  29  0000              ir equ [2]
  30  0000              mp equ [3]
  31  0000              sbp equ [4]
  32  0000              acc equ [5]
  33  0000              bp equ [11]
  34  0000              tblp equ [7]
  35  0000              tbhp equ [9]
  36  0000              status equ [10]
  37  0000              c equ [10].0
  38  0000              ac equ [10].1
  39  0000              z equ [10].2
  40  0000              ov equ [10].3
  41  0000              cz equ [10].6
  42  0000              sc equ [10].7
  43  0000              intc equ [16]
  44  0000              
  45  0000              extern ra:byte
  46  0000              extern rb:byte
  47  0000              extern rc:byte
  48  0000              extern rd:byte
  49  0000              extern re:byte
  50  0000              extern rf:byte
  51  0000              extern rg:byte
  52  0000              extern rh:byte
  53  0000              extern _Crom2Prom:near
  54  0000              extern _Crom2PromNext:near
  55  0000              
  56  0000              RAMBANK 0 @BITDATASEC, @BITDATASEC1
  57  0000              @HCCINIT	.section 'data'
  58  0000              @HCCINIT0	.section 'data'
  59  0000              @BITDATASEC	 .section 'data'
"File: clock-temp-touch.ASM  Assembler  Version HGASM0202      Page 2

  60  0000              @BITDATASEC1	 .section 'data'
  61  0000              
  62  0000              #pragma debug scope 1 1
  63  0000              	extern __DELAY3:near
  64  0000              	extern __DELAYX3:near
  65  0000              	extern __DELAYX6:near
  66  0000              	extern __DELAYY5:near
  67  0000              	extern __DELAYY3:near
  68  0000              	extern _builtin_holtek_delay_2:byte
  69  0000              public _delay_10us
  70  0000              #pragma debug scope 2 1

<<<<<<< HEAD
  11  0000              #line 11 "E:\hamed\touch2\clock-temp-touch\DELAY.h"
=======
  11  0000              #line 11 "C:\Users\hamed\OneDrive\Documents\HTK_Project\clock-temp-touch\DELAY.h"
>>>>>>> 63842fd (car-light)
  11  0000              _delay_10us .section 'code'
  11  0000              _delay_10us proc
  11  0000              public _delay_10us_2
  11  0000  0004[           local _delay_10us_2 db 4 dup(?)	; 4,0
            00
            ]
  11  0004              #pragma debug variable 14 2 _delay_10us_2+0 "count_u"
<<<<<<< HEAD
  15  0004              #line 15 "E:\hamed\touch2\clock-temp-touch\DELAY.h"
=======
  15  0004              #line 15 "C:\Users\hamed\OneDrive\Documents\HTK_Project\clock-temp-touch\DELAY.h"
>>>>>>> 63842fd (car-light)
  15  0000  1F00     E  	clr rd
  15  0001  1F00     E  	clr re
  15  0002  1F00     E  	clr rf
  15  0003  1F00     E  	clr rg
  15  0004  2800     R  	jmp _L2
  15  0005              _L3:
<<<<<<< HEAD
  17  0005              #line 17 "E:\hamed\touch2\clock-temp-touch\DELAY.h"
  17  0005              ;# 17 "E:\hamed\touch2\clock-temp-touch\DELAY.h" 1
  17  0005  0001        	clr wdt
  18  0006              #line 18 "E:\hamed\touch2\clock-temp-touch\DELAY.h"
  18  0006              ;# 18 "E:\hamed\touch2\clock-temp-touch\DELAY.h" 1
  18  0006  0000        	nop
  19  0007              #line 19 "E:\hamed\touch2\clock-temp-touch\DELAY.h"
  19  0007              ;# 19 "E:\hamed\touch2\clock-temp-touch\DELAY.h" 1
  19  0007  0000        	nop
  20  0008              #line 20 "E:\hamed\touch2\clock-temp-touch\DELAY.h"
  20  0008              ;# 20 "E:\hamed\touch2\clock-temp-touch\DELAY.h" 1
  20  0008  0000        	nop
  21  0009              #line 21 "E:\hamed\touch2\clock-temp-touch\DELAY.h"
  21  0009              ;# 21 "E:\hamed\touch2\clock-temp-touch\DELAY.h" 1
  21  0009  0000        	nop
  15  000A              #line 15 "E:\hamed\touch2\clock-temp-touch\DELAY.h"
=======
  17  0005              #line 17 "C:\Users\hamed\OneDrive\Documents\HTK_Project\clock-temp-touch\DELAY.h"
  17  0005              ;# 17 "C:\Users\hamed\OneDrive\Documents\HTK_Project\clock-temp-touch\DELAY.h" 1
  17  0005  0001        	clr wdt
  18  0006              #line 18 "C:\Users\hamed\OneDrive\Documents\HTK_Project\clock-temp-touch\DELAY.h"
  18  0006              ;# 18 "C:\Users\hamed\OneDrive\Documents\HTK_Project\clock-temp-touch\DELAY.h" 1
  18  0006  0000        	nop
  19  0007              #line 19 "C:\Users\hamed\OneDrive\Documents\HTK_Project\clock-temp-touch\DELAY.h"
  19  0007              ;# 19 "C:\Users\hamed\OneDrive\Documents\HTK_Project\clock-temp-touch\DELAY.h" 1
  19  0007  0000        	nop
  20  0008              #line 20 "C:\Users\hamed\OneDrive\Documents\HTK_Project\clock-temp-touch\DELAY.h"
  20  0008              ;# 20 "C:\Users\hamed\OneDrive\Documents\HTK_Project\clock-temp-touch\DELAY.h" 1
  20  0008  0000        	nop
  21  0009              #line 21 "C:\Users\hamed\OneDrive\Documents\HTK_Project\clock-temp-touch\DELAY.h"
  21  0009              ;# 21 "C:\Users\hamed\OneDrive\Documents\HTK_Project\clock-temp-touch\DELAY.h" 1
  21  0009  0000        	nop
  15  000A              #line 15 "C:\Users\hamed\OneDrive\Documents\HTK_Project\clock-temp-touch\DELAY.h"
>>>>>>> 63842fd (car-light)
  15  000A  0F01        	mov a,1
  15  000B  0380     E  	addm a,rd
  15  000C  0F00        	mov a,0
  15  000D  1380     E  	adcm a,re
  15  000E  1380     E  	adcm a,rf
  15  000F  1380     E  	adcm a,rg
  15  0010              _L2:
  15  0010  0700     E  	mov a,rd
  15  0011  0200     R  	sub a,_delay_10us_2[0]
  15  0012  0700     E  	mov a,re
  15  0013  1200     R  	sbc a,_delay_10us_2[1]
  15  0014  0700     E  	mov a,rf
  15  0015  1200     R  	sbc a,_delay_10us_2[2]
  15  0016  0700     E  	mov a,rg
  15  0017  1200     R  	sbc a,_delay_10us_2[3]
  15  0018  3B0A        	snz cz
  15  0019  2800     R  	jmp _L3
"File: DELAY.h       Assembler  Version HGASM0202      Page 3

  15  001A  0003        	ret
  15  001B              _delay_10us endp
<<<<<<< HEAD
  15  001B              #line 15 "E:\hamed\touch2\clock-temp-touch\DELAY.h"
  15  001B              #pragma debug scope 1 1
  15  001B              public _delay_us
  15  001B              #pragma debug scope 3 1
  28  001B              #line 28 "E:\hamed\touch2\clock-temp-touch\DELAY.h"
=======
  15  001B              #line 15 "C:\Users\hamed\OneDrive\Documents\HTK_Project\clock-temp-touch\DELAY.h"
  15  001B              #pragma debug scope 1 1
  15  001B              public _delay_us
  15  001B              #pragma debug scope 3 1
  28  001B              #line 28 "C:\Users\hamed\OneDrive\Documents\HTK_Project\clock-temp-touch\DELAY.h"
>>>>>>> 63842fd (car-light)
  28  0000              _delay_us .section 'code'
  28  0000              _delay_us proc
  28  0000              public _delay_us_2
  28  0000  0004[           local _delay_us_2 db 4 dup(?)	; 4,0
            00
            ]
  28  0004              #pragma debug variable 14 3 _delay_us_2+0 "count_u"
<<<<<<< HEAD
  32  0004              #line 32 "E:\hamed\touch2\clock-temp-touch\DELAY.h"
=======
  32  0004              #line 32 "C:\Users\hamed\OneDrive\Documents\HTK_Project\clock-temp-touch\DELAY.h"
>>>>>>> 63842fd (car-light)
  32  0000  1F00     E  	clr rd
  32  0001  1F00     E  	clr re
  32  0002  1F00     E  	clr rf
  32  0003  1F00     E  	clr rg
  32  0004  2800     R  	jmp _L6
  32  0005              _L7:
<<<<<<< HEAD
  34  0005              #line 34 "E:\hamed\touch2\clock-temp-touch\DELAY.h"
  34  0005              ;# 34 "E:\hamed\touch2\clock-temp-touch\DELAY.h" 1
  34  0005  0001        	clr wdt
  35  0006              #line 35 "E:\hamed\touch2\clock-temp-touch\DELAY.h"
  35  0006              ;# 35 "E:\hamed\touch2\clock-temp-touch\DELAY.h" 1
  35  0006  0000        	nop
  32  0007              #line 32 "E:\hamed\touch2\clock-temp-touch\DELAY.h"
=======
  34  0005              #line 34 "C:\Users\hamed\OneDrive\Documents\HTK_Project\clock-temp-touch\DELAY.h"
  34  0005              ;# 34 "C:\Users\hamed\OneDrive\Documents\HTK_Project\clock-temp-touch\DELAY.h" 1
  34  0005  0001        	clr wdt
  35  0006              #line 35 "C:\Users\hamed\OneDrive\Documents\HTK_Project\clock-temp-touch\DELAY.h"
  35  0006              ;# 35 "C:\Users\hamed\OneDrive\Documents\HTK_Project\clock-temp-touch\DELAY.h" 1
  35  0006  0000        	nop
  32  0007              #line 32 "C:\Users\hamed\OneDrive\Documents\HTK_Project\clock-temp-touch\DELAY.h"
>>>>>>> 63842fd (car-light)
  32  0007  0F01        	mov a,1
  32  0008  0380     E  	addm a,rd
  32  0009  0F00        	mov a,0
  32  000A  1380     E  	adcm a,re
  32  000B  1380     E  	adcm a,rf
  32  000C  1380     E  	adcm a,rg
  32  000D              _L6:
  32  000D  0700     E  	mov a,rd
  32  000E  0200     R  	sub a,_delay_us_2[0]
  32  000F  0700     E  	mov a,re
  32  0010  1200     R  	sbc a,_delay_us_2[1]
  32  0011  0700     E  	mov a,rf
  32  0012  1200     R  	sbc a,_delay_us_2[2]
  32  0013  0700     E  	mov a,rg
  32  0014  1200     R  	sbc a,_delay_us_2[3]
  32  0015  3B0A        	snz cz
  32  0016  2800     R  	jmp _L7
  32  0017  0003        	ret
  32  0018              _delay_us endp
<<<<<<< HEAD
  32  0018              #line 32 "E:\hamed\touch2\clock-temp-touch\DELAY.h"
  32  0018              #pragma debug scope 1 1
  32  0018              public _delay_ms
  32  0018              #pragma debug scope 4 1
  42  0018              #line 42 "E:\hamed\touch2\clock-temp-touch\DELAY.h"
=======
  32  0018              #line 32 "C:\Users\hamed\OneDrive\Documents\HTK_Project\clock-temp-touch\DELAY.h"
  32  0018              #pragma debug scope 1 1
  32  0018              public _delay_ms
  32  0018              #pragma debug scope 4 1
  42  0018              #line 42 "C:\Users\hamed\OneDrive\Documents\HTK_Project\clock-temp-touch\DELAY.h"
>>>>>>> 63842fd (car-light)
  42  0000              _delay_ms .section 'code'
  42  0000              _delay_ms proc
  42  0000              public _delay_ms_2
  42  0000  0008[           local _delay_ms_2 db 8 dup(?)	; 4,4
            00
            ]
  42  0008              #pragma debug variable 14 4 _delay_ms_2+0 "count_m"
<<<<<<< HEAD
  44  0008              #line 44 "E:\hamed\touch2\clock-temp-touch\DELAY.h"
=======
  44  0008              #line 44 "C:\Users\hamed\OneDrive\Documents\HTK_Project\clock-temp-touch\DELAY.h"
>>>>>>> 63842fd (car-light)
"File: DELAY.h       Assembler  Version HGASM0202      Page 4

  44  0000  0700     R  	mov a,_delay_ms_2[0]
  44  0001  0080     E  	mov _builtin_holtek_mulsi3_2[0],a
  44  0002  0700     R  	mov a,_delay_ms_2[1]
  44  0003  0080     E  	mov _builtin_holtek_mulsi3_2[1],a
  44  0004  0700     R  	mov a,_delay_ms_2[2]
  44  0005  0080     E  	mov _builtin_holtek_mulsi3_2[2],a
  44  0006  0700     R  	mov a,_delay_ms_2[3]
  44  0007  0080     E  	mov _builtin_holtek_mulsi3_2[3],a
  44  0008  0F64        	mov a,100
  44  0009  0080     E  	mov _builtin_holtek_mulsi3_2[4],a
  44  000A  0F00        	mov a,0
  44  000B  0080     E  	mov _builtin_holtek_mulsi3_2[5],a
  44  000C  0F00        	mov a,0
  44  000D  0080     E  	mov _builtin_holtek_mulsi3_2[6],a
  44  000E  0F00        	mov a,0
  44  000F  0080     E  	mov _builtin_holtek_mulsi3_2[7],a
  44  0010  2000     E  	call _builtin_holtek_mulsi3
  44  0011  0700     E  	mov a,_builtin_holtek_mulsi3_2[8]
  44  0012  0080     R  	mov _delay_ms_2[4],a
  44  0013  0700     E  	mov a,_builtin_holtek_mulsi3_2[9]
  44  0014  0080     R  	mov _delay_ms_2[5],a
  44  0015  0700     E  	mov a,_builtin_holtek_mulsi3_2[10]
  44  0016  0080     R  	mov _delay_ms_2[6],a
  44  0017  0700     E  	mov a,_builtin_holtek_mulsi3_2[11]
  44  0018  0080     R  	mov _delay_ms_2[7],a
<<<<<<< HEAD
  45  0019              #line 45 "E:\hamed\touch2\clock-temp-touch\DELAY.h"
=======
  45  0019              #line 45 "C:\Users\hamed\OneDrive\Documents\HTK_Project\clock-temp-touch\DELAY.h"
>>>>>>> 63842fd (car-light)
  45  0019  1F00     E  	clr rd
  45  001A  1F00     E  	clr re
  45  001B  1F00     E  	clr rf
  45  001C  1F00     E  	clr rg
  45  001D  2800     R  	jmp _L9
  45  001E              _L10:
<<<<<<< HEAD
  47  001E              #line 47 "E:\hamed\touch2\clock-temp-touch\DELAY.h"
  47  001E              ;# 47 "E:\hamed\touch2\clock-temp-touch\DELAY.h" 1
  47  001E  0001        	clr wdt
  48  001F              #line 48 "E:\hamed\touch2\clock-temp-touch\DELAY.h"
  48  001F              ;# 48 "E:\hamed\touch2\clock-temp-touch\DELAY.h" 1
  48  001F  0000        	nop
  49  0020              #line 49 "E:\hamed\touch2\clock-temp-touch\DELAY.h"
  49  0020              ;# 49 "E:\hamed\touch2\clock-temp-touch\DELAY.h" 1
  49  0020  0000        	nop
  50  0021              #line 50 "E:\hamed\touch2\clock-temp-touch\DELAY.h"
  50  0021              ;# 50 "E:\hamed\touch2\clock-temp-touch\DELAY.h" 1
  50  0021  0000        	nop
  51  0022              #line 51 "E:\hamed\touch2\clock-temp-touch\DELAY.h"
  51  0022              ;# 51 "E:\hamed\touch2\clock-temp-touch\DELAY.h" 1
  51  0022  0000        	nop
  45  0023              #line 45 "E:\hamed\touch2\clock-temp-touch\DELAY.h"
=======
  47  001E              #line 47 "C:\Users\hamed\OneDrive\Documents\HTK_Project\clock-temp-touch\DELAY.h"
  47  001E              ;# 47 "C:\Users\hamed\OneDrive\Documents\HTK_Project\clock-temp-touch\DELAY.h" 1
  47  001E  0001        	clr wdt
  48  001F              #line 48 "C:\Users\hamed\OneDrive\Documents\HTK_Project\clock-temp-touch\DELAY.h"
  48  001F              ;# 48 "C:\Users\hamed\OneDrive\Documents\HTK_Project\clock-temp-touch\DELAY.h" 1
  48  001F  0000        	nop
  49  0020              #line 49 "C:\Users\hamed\OneDrive\Documents\HTK_Project\clock-temp-touch\DELAY.h"
  49  0020              ;# 49 "C:\Users\hamed\OneDrive\Documents\HTK_Project\clock-temp-touch\DELAY.h" 1
  49  0020  0000        	nop
  50  0021              #line 50 "C:\Users\hamed\OneDrive\Documents\HTK_Project\clock-temp-touch\DELAY.h"
  50  0021              ;# 50 "C:\Users\hamed\OneDrive\Documents\HTK_Project\clock-temp-touch\DELAY.h" 1
  50  0021  0000        	nop
  51  0022              #line 51 "C:\Users\hamed\OneDrive\Documents\HTK_Project\clock-temp-touch\DELAY.h"
  51  0022              ;# 51 "C:\Users\hamed\OneDrive\Documents\HTK_Project\clock-temp-touch\DELAY.h" 1
  51  0022  0000        	nop
  45  0023              #line 45 "C:\Users\hamed\OneDrive\Documents\HTK_Project\clock-temp-touch\DELAY.h"
>>>>>>> 63842fd (car-light)
  45  0023  0F01        	mov a,1
  45  0024  0380     E  	addm a,rd
  45  0025  0F00        	mov a,0
  45  0026  1380     E  	adcm a,re
  45  0027  1380     E  	adcm a,rf
  45  0028  1380     E  	adcm a,rg
  45  0029              _L9:
  45  0029  0700     E  	mov a,rd
  45  002A  0200     R  	sub a,_delay_ms_2[4]
  45  002B  0700     E  	mov a,re
  45  002C  1200     R  	sbc a,_delay_ms_2[5]
  45  002D  0700     E  	mov a,rf
"File: DELAY.h       Assembler  Version HGASM0202      Page 5

  45  002E  1200     R  	sbc a,_delay_ms_2[6]
  45  002F  0700     E  	mov a,rg
  45  0030  1200     R  	sbc a,_delay_ms_2[7]
  45  0031  3B0A        	snz cz
  45  0032  2800     R  	jmp _L10
  45  0033  0003        	ret
  45  0034              _delay_ms endp
<<<<<<< HEAD
  45  0034              #line 45 "E:\hamed\touch2\clock-temp-touch\DELAY.h"
=======
  45  0034              #line 45 "C:\Users\hamed\OneDrive\Documents\HTK_Project\clock-temp-touch\DELAY.h"
>>>>>>> 63842fd (car-light)
  45  0034              #pragma debug scope 1 1
  45  0034              ___pbc equ [25]
  45  0034              ___pec equ [113]
  45  0034              ___pcc equ [37]
  45  0034              ___pac equ [21]
  45  0034              public _IO_INIT
  45  0034              #pragma debug scope 5 1

<<<<<<< HEAD
  22  0034              #line 22 "E:\hamed\touch2\clock-temp-touch\IO.h"
  22  0000              _IO_INIT .section 'code'
  22  0000              _IO_INIT proc
  23  0000              #line 23 "E:\hamed\touch2\clock-temp-touch\IO.h"
=======
  22  0034              #line 22 "C:\Users\hamed\OneDrive\Documents\HTK_Project\clock-temp-touch\IO.h"
  22  0000              _IO_INIT .section 'code'
  22  0000              _IO_INIT proc
  23  0000              #line 23 "C:\Users\hamed\OneDrive\Documents\HTK_Project\clock-temp-touch\IO.h"
>>>>>>> 63842fd (car-light)
  23  0000  3599        	clr [25].3
  23  0001  3519        	clr [25].2
  23  0002  3499        	clr [25].1
  23  0003  34F1        	clr [113].1
  23  0004  3619        	clr [25].4
  23  0005  3425        	clr [37].0
  23  0006  3699        	clr [25].5
  23  0007  3271        	set [113].4
  23  0008  35F1        	clr [113].3
  23  0009  3415        	clr [21].0
  23  000A  3515        	clr [21].2
  23  000B  3715        	clr [21].6
  23  000C  3795        	clr [21].7
  23  000D  3525        	clr [37].2
  23  000E  3471        	clr [113].0
  23  000F  35A5        	clr [37].3
  23  0010  3495        	clr [21].1
  23  0011  3571        	clr [113].2
  23  0012  3695        	clr [21].5
  23  0013  34A5        	clr [37].1
  23  0014  36F1        	clr [113].5
<<<<<<< HEAD
  24  0015              #line 24 "E:\hamed\touch2\clock-temp-touch\IO.h"
  24  0015              ;# 24 "E:\hamed\touch2\clock-temp-touch\IO.h" 1
  24  0015              	IF 100>263690
  24  0015              ;# 24 "E:\hamed\touch2\clock-temp-touch\IO.h" 1
  24  0015              	ERRMESSAGE 'the value 100of the argument exceeds the maxinum 263690'
  24  0015              	ENDIF
  24  0015              ;# 24 "E:\hamed\touch2\clock-temp-touch\IO.h" 1
  24  0015              	IF 100<0
  24  0015              ;# 24 "E:\hamed\touch2\clock-temp-touch\IO.h" 1
  24  0015              	ERRMESSAGE 'the value 100 of the argument exceeds the mininum 0'
  24  0015              	ENDIF
  24  0015              ;# 24 "E:\hamed\touch2\clock-temp-touch\IO.h" 1
  24  0015              	IF 100==0
  24  0015              ;# 24 "E:\hamed\touch2\clock-temp-touch\IO.h" 1
  24  0015              	JMP $
  24  0015              	ENDIF
  24  0015              ;# 24 "E:\hamed\touch2\clock-temp-touch\IO.h" 1
  24  0015              	IF 100==1
  24  0015              ;# 24 "E:\hamed\touch2\clock-temp-touch\IO.h" 1
=======
  24  0015              #line 24 "C:\Users\hamed\OneDrive\Documents\HTK_Project\clock-temp-touch\IO.h"
  24  0015              ;# 24 "C:\Users\hamed\OneDrive\Documents\HTK_Project\clock-temp-touch\IO.h" 1
  24  0015              	IF 100>263690
  24  0015              ;# 24 "C:\Users\hamed\OneDrive\Documents\HTK_Project\clock-temp-touch\IO.h" 1
  24  0015              	ERRMESSAGE 'the value 100of the argument exceeds the maxinum 263690'
  24  0015              	ENDIF
  24  0015              ;# 24 "C:\Users\hamed\OneDrive\Documents\HTK_Project\clock-temp-touch\IO.h" 1
  24  0015              	IF 100<0
  24  0015              ;# 24 "C:\Users\hamed\OneDrive\Documents\HTK_Project\clock-temp-touch\IO.h" 1
  24  0015              	ERRMESSAGE 'the value 100 of the argument exceeds the mininum 0'
  24  0015              	ENDIF
  24  0015              ;# 24 "C:\Users\hamed\OneDrive\Documents\HTK_Project\clock-temp-touch\IO.h" 1
  24  0015              	IF 100==0
  24  0015              ;# 24 "C:\Users\hamed\OneDrive\Documents\HTK_Project\clock-temp-touch\IO.h" 1
  24  0015              	JMP $
  24  0015              	ENDIF
  24  0015              ;# 24 "C:\Users\hamed\OneDrive\Documents\HTK_Project\clock-temp-touch\IO.h" 1
  24  0015              	IF 100==1
  24  0015              ;# 24 "C:\Users\hamed\OneDrive\Documents\HTK_Project\clock-temp-touch\IO.h" 1
>>>>>>> 63842fd (car-light)
"File: IO.h          Assembler  Version HGASM0202      Page 6

  24  0015              	NOP
  24  0015              	ENDIF
<<<<<<< HEAD
  24  0015              ;# 24 "E:\hamed\touch2\clock-temp-touch\IO.h" 1
  24  0015              	IF 100==2
  24  0015              ;# 24 "E:\hamed\touch2\clock-temp-touch\IO.h" 1
  24  0015              	NOP
  24  0015              ;# 24 "E:\hamed\touch2\clock-temp-touch\IO.h" 1
  24  0015              	NOP
  24  0015              	ENDIF
  24  0015              ;# 24 "E:\hamed\touch2\clock-temp-touch\IO.h" 1
  24  0015              	IF 100==3
  24  0015              ;# 24 "E:\hamed\touch2\clock-temp-touch\IO.h" 1
  24  0015              	NOP
  24  0015              ;# 24 "E:\hamed\touch2\clock-temp-touch\IO.h" 1
  24  0015              	NOP
  24  0015              ;# 24 "E:\hamed\touch2\clock-temp-touch\IO.h" 1
  24  0015              	NOP
  24  0015              	ENDIF
  24  0015              ;# 24 "E:\hamed\touch2\clock-temp-touch\IO.h" 1
  24  0015              	IF (100<8) AND (100>3)
  24  0015              ;# 24 "E:\hamed\touch2\clock-temp-touch\IO.h" 1
  24  0015              	CALL __DELAY3 + 7 -100
  24  0015              	ENDIF
  24  0015              ;# 24 "E:\hamed\touch2\clock-temp-touch\IO.h" 1
  24  0015              	IF (100< 0404h) AND (100>7)
  24  0015              ;# 24 "E:\hamed\touch2\clock-temp-touch\IO.h" 1
  24  0015  0F18        	MOV A,100/4-1
  24  0016              ;# 24 "E:\hamed\touch2\clock-temp-touch\IO.h" 1
  24  0016  2000     E  	CALL __DELAYX3 + 3 -(100 MOD 4)
  24  0017              	ENDIF
  24  0017              ;# 24 "E:\hamed\touch2\clock-temp-touch\IO.h" 1
  24  0017              	IF (100< 0x40B) AND (100> 0403h)
  24  0017              ;# 24 "E:\hamed\touch2\clock-temp-touch\IO.h" 1
  24  0017              	MOV A,0 
  24  0017              ;# 24 "E:\hamed\touch2\clock-temp-touch\IO.h" 1
  24  0017              	CALL __DELAYX6 + 0x40a -100
  24  0017              	ENDIF
  24  0017              ;# 24 "E:\hamed\touch2\clock-temp-touch\IO.h" 1
  24  0017              	IF (100 >= 0x40b) AND ((((100-9)%0402h)/4+1)>256)
  24  0017              ;# 24 "E:\hamed\touch2\clock-temp-touch\IO.h" 1
  24  0017              	MOV A,(100-9)/0402h
  24  0017              ;# 24 "E:\hamed\touch2\clock-temp-touch\IO.h" 1
  24  0017              	MOV _builtin_holtek_delay_2,A
  24  0017              ;# 24 "E:\hamed\touch2\clock-temp-touch\IO.h" 1
  24  0017              	MOV A,0
  24  0017              ;# 24 "E:\hamed\touch2\clock-temp-touch\IO.h" 1
  24  0017              	CALL __DELAYY5 +5- (((100-9)%0402h)%6)
  24  0017              	ENDIF
  24  0017              ;# 24 "E:\hamed\touch2\clock-temp-touch\IO.h" 1
  24  0017              	IF (100 >= 0x40b) AND ((((100-9)%0402h)/4+1)<=256)
  24  0017              ;# 24 "E:\hamed\touch2\clock-temp-touch\IO.h" 1
  24  0017              	MOV A,(100-9)/0402h
  24  0017              ;# 24 "E:\hamed\touch2\clock-temp-touch\IO.h" 1
  24  0017              	MOV _builtin_holtek_delay_2,A
  24  0017              ;# 24 "E:\hamed\touch2\clock-temp-touch\IO.h" 1
  24  0017              	MOV A,((100-9)%0402h)/4+1
  24  0017              ;# 24 "E:\hamed\touch2\clock-temp-touch\IO.h" 1
=======
  24  0015              ;# 24 "C:\Users\hamed\OneDrive\Documents\HTK_Project\clock-temp-touch\IO.h" 1
  24  0015              	IF 100==2
  24  0015              ;# 24 "C:\Users\hamed\OneDrive\Documents\HTK_Project\clock-temp-touch\IO.h" 1
  24  0015              	NOP
  24  0015              ;# 24 "C:\Users\hamed\OneDrive\Documents\HTK_Project\clock-temp-touch\IO.h" 1
  24  0015              	NOP
  24  0015              	ENDIF
  24  0015              ;# 24 "C:\Users\hamed\OneDrive\Documents\HTK_Project\clock-temp-touch\IO.h" 1
  24  0015              	IF 100==3
  24  0015              ;# 24 "C:\Users\hamed\OneDrive\Documents\HTK_Project\clock-temp-touch\IO.h" 1
  24  0015              	NOP
  24  0015              ;# 24 "C:\Users\hamed\OneDrive\Documents\HTK_Project\clock-temp-touch\IO.h" 1
  24  0015              	NOP
  24  0015              ;# 24 "C:\Users\hamed\OneDrive\Documents\HTK_Project\clock-temp-touch\IO.h" 1
  24  0015              	NOP
  24  0015              	ENDIF
  24  0015              ;# 24 "C:\Users\hamed\OneDrive\Documents\HTK_Project\clock-temp-touch\IO.h" 1
  24  0015              	IF (100<8) AND (100>3)
  24  0015              ;# 24 "C:\Users\hamed\OneDrive\Documents\HTK_Project\clock-temp-touch\IO.h" 1
  24  0015              	CALL __DELAY3 + 7 -100
  24  0015              	ENDIF
  24  0015              ;# 24 "C:\Users\hamed\OneDrive\Documents\HTK_Project\clock-temp-touch\IO.h" 1
  24  0015              	IF (100< 0404h) AND (100>7)
  24  0015              ;# 24 "C:\Users\hamed\OneDrive\Documents\HTK_Project\clock-temp-touch\IO.h" 1
  24  0015  0F18        	MOV A,100/4-1
  24  0016              ;# 24 "C:\Users\hamed\OneDrive\Documents\HTK_Project\clock-temp-touch\IO.h" 1
  24  0016  2000     E  	CALL __DELAYX3 + 3 -(100 MOD 4)
  24  0017              	ENDIF
  24  0017              ;# 24 "C:\Users\hamed\OneDrive\Documents\HTK_Project\clock-temp-touch\IO.h" 1
  24  0017              	IF (100< 0x40B) AND (100> 0403h)
  24  0017              ;# 24 "C:\Users\hamed\OneDrive\Documents\HTK_Project\clock-temp-touch\IO.h" 1
  24  0017              	MOV A,0 
  24  0017              ;# 24 "C:\Users\hamed\OneDrive\Documents\HTK_Project\clock-temp-touch\IO.h" 1
  24  0017              	CALL __DELAYX6 + 0x40a -100
  24  0017              	ENDIF
  24  0017              ;# 24 "C:\Users\hamed\OneDrive\Documents\HTK_Project\clock-temp-touch\IO.h" 1
  24  0017              	IF (100 >= 0x40b) AND ((((100-9)%0402h)/4+1)>256)
  24  0017              ;# 24 "C:\Users\hamed\OneDrive\Documents\HTK_Project\clock-temp-touch\IO.h" 1
  24  0017              	MOV A,(100-9)/0402h
  24  0017              ;# 24 "C:\Users\hamed\OneDrive\Documents\HTK_Project\clock-temp-touch\IO.h" 1
  24  0017              	MOV _builtin_holtek_delay_2,A
  24  0017              ;# 24 "C:\Users\hamed\OneDrive\Documents\HTK_Project\clock-temp-touch\IO.h" 1
  24  0017              	MOV A,0
  24  0017              ;# 24 "C:\Users\hamed\OneDrive\Documents\HTK_Project\clock-temp-touch\IO.h" 1
  24  0017              	CALL __DELAYY5 +5- (((100-9)%0402h)%6)
  24  0017              	ENDIF
  24  0017              ;# 24 "C:\Users\hamed\OneDrive\Documents\HTK_Project\clock-temp-touch\IO.h" 1
  24  0017              	IF (100 >= 0x40b) AND ((((100-9)%0402h)/4+1)<=256)
  24  0017              ;# 24 "C:\Users\hamed\OneDrive\Documents\HTK_Project\clock-temp-touch\IO.h" 1
  24  0017              	MOV A,(100-9)/0402h
  24  0017              ;# 24 "C:\Users\hamed\OneDrive\Documents\HTK_Project\clock-temp-touch\IO.h" 1
  24  0017              	MOV _builtin_holtek_delay_2,A
  24  0017              ;# 24 "C:\Users\hamed\OneDrive\Documents\HTK_Project\clock-temp-touch\IO.h" 1
  24  0017              	MOV A,((100-9)%0402h)/4+1
  24  0017              ;# 24 "C:\Users\hamed\OneDrive\Documents\HTK_Project\clock-temp-touch\IO.h" 1
>>>>>>> 63842fd (car-light)
  24  0017              	CALL __DELAYY3 +3-(((100-9)%0402h)%4)
  24  0017              	ENDIF
  24  0017  0003        	ret
"File: IO.h          Assembler  Version HGASM0202      Page 7

  24  0018              _IO_INIT endp
<<<<<<< HEAD
  24  0018              #line 24 "E:\hamed\touch2\clock-temp-touch\IO.h"
=======
  24  0018              #line 24 "C:\Users\hamed\OneDrive\Documents\HTK_Project\clock-temp-touch\IO.h"
>>>>>>> 63842fd (car-light)
  24  0018              #pragma debug scope 1 1
  24  0018              ___pa equ [20]
  24  0018              ___pe equ [112]
  24  0018              ___pc equ [36]
  24  0018              public _Displayer
  24  0018              #pragma debug scope 6 1
<<<<<<< HEAD
  39  0018              #line 39 "E:\hamed\touch2\clock-temp-touch\IO.h"
=======
  39  0018              #line 39 "C:\Users\hamed\OneDrive\Documents\HTK_Project\clock-temp-touch\IO.h"
>>>>>>> 63842fd (car-light)
  39  0000              _Displayer .section 'code'
  39  0000              _Displayer proc
  39  0000  00              local _Displayer_2 db 1 dup(?)	; 0,1
  39  0000  0080     E  	mov ra,a
  39  0001  0080     R  	mov _Displayer_2[0],a
  39  0002              #pragma debug variable 7 6 _Displayer_2+0 "Select"
<<<<<<< HEAD
  40  0002              #line 40 "E:\hamed\touch2\clock-temp-touch\IO.h"
=======
  40  0002              #line 40 "C:\Users\hamed\OneDrive\Documents\HTK_Project\clock-temp-touch\IO.h"
>>>>>>> 63842fd (car-light)
  40  0002  0700     E  	mov a,ra
  40  0003  0A00        	sub a,0
  40  0004  3D0A        	sz z
  40  0005  2800     R  	jmp _L14
  40  0006  0A01        	sub a,(1)-(0)
  40  0007  3D0A        	sz z
  40  0008  2800     R  	jmp _L15
<<<<<<< HEAD
  40  0009              #line 40 "E:\hamed\touch2\clock-temp-touch\IO.h"
=======
  40  0009              #line 40 "C:\Users\hamed\OneDrive\Documents\HTK_Project\clock-temp-touch\IO.h"
>>>>>>> 63842fd (car-light)
  40  0009  0700     E  	mov a,ra
  40  000A  0A02        	sub a,2
  40  000B  3D0A        	sz z
  40  000C  2800     R  	jmp _L16
  40  000D  0A01        	sub a,(3)-(2)
  40  000E  3D0A        	sz z
  40  000F  2800     R  	jmp _L17
  40  0010  0700     E  	mov a,ra
  40  0011  0A04        	sub a,4
  40  0012  3D0A        	sz z
  40  0013  2800     R  	jmp _L18
  40  0014  0A01        	sub a,(5)-(4)
  40  0015  3D0A        	sz z
  40  0016  2800     R  	jmp _L19
  40  0017  0700     E  	mov a,ra
  40  0018  0A06        	sub a,6
  40  0019  3D0A        	sz z
  40  001A  2800     R  	jmp _L20
  40  001B  0A01        	sub a,(7)-(6)
  40  001C  3D0A        	sz z
  40  001D  2800     R  	jmp _L21
  40  001E  0700     E  	mov a,ra
  40  001F  0A08        	sub a,8
  40  0020  3D0A        	sz z
  40  0021  2800     R  	jmp _L22
  40  0022  0A01        	sub a,(9)-(8)
  40  0023  3D0A        	sz z
  40  0024  2800     R  	jmp _L23
  40  0025  0700     E  	mov a,ra
  40  0026  0A0C        	sub a,12
  40  0027  3D0A        	sz z
  40  0028  2800     R  	jmp _L24
  40  0029  0A03        	sub a,(15)-(12)
  40  002A  3D0A        	sz z
  40  002B  2800     R  	jmp _L25
  40  002C  0700     E  	mov a,ra
"File: IO.h          Assembler  Version HGASM0202      Page 8

  40  002D  0A28        	sub a,40
  40  002E  390A        	snz z
  40  002F  2800     R  	jmp _L12
<<<<<<< HEAD
  58  0030              #line 58 "E:\hamed\touch2\clock-temp-touch\IO.h"
=======
  58  0030              #line 58 "C:\Users\hamed\OneDrive\Documents\HTK_Project\clock-temp-touch\IO.h"
>>>>>>> 63842fd (car-light)
  58  0030  3014        	set [20].0
  58  0031  3094        	set [20].1
  58  0032  3570        	clr [112].2
  58  0033  30F0        	set [112].1
  58  0034  2800     R  	jmp _L31
  58  0035              _L14:
<<<<<<< HEAD
  42  0035              #line 42 "E:\hamed\touch2\clock-temp-touch\IO.h"
=======
  42  0035              #line 42 "C:\Users\hamed\OneDrive\Documents\HTK_Project\clock-temp-touch\IO.h"
>>>>>>> 63842fd (car-light)
  42  0035  3414        	clr [20].0
  42  0036  3494        	clr [20].1
  42  0037  3570        	clr [112].2
  42  0038  2800     R  	jmp _L27
  42  0039              _L15:
<<<<<<< HEAD
  43  0039              #line 43 "E:\hamed\touch2\clock-temp-touch\IO.h"
  43  0039  3014        	set [20].0
  43  003A  2800     R  	jmp _L32
  43  003B              _L16:
  44  003B              #line 44 "E:\hamed\touch2\clock-temp-touch\IO.h"
=======
  43  0039              #line 43 "C:\Users\hamed\OneDrive\Documents\HTK_Project\clock-temp-touch\IO.h"
  43  0039  3014        	set [20].0
  43  003A  2800     R  	jmp _L32
  43  003B              _L16:
  44  003B              #line 44 "C:\Users\hamed\OneDrive\Documents\HTK_Project\clock-temp-touch\IO.h"
>>>>>>> 63842fd (car-light)
  44  003B  3414        	clr [20].0
  44  003C  3494        	clr [20].1
  44  003D  3170        	set [112].2
  44  003E  34F0        	clr [112].1
  44  003F  2800     R  	jmp _L31
  44  0040              _L17:
<<<<<<< HEAD
  45  0040              #line 45 "E:\hamed\touch2\clock-temp-touch\IO.h"
=======
  45  0040              #line 45 "C:\Users\hamed\OneDrive\Documents\HTK_Project\clock-temp-touch\IO.h"
>>>>>>> 63842fd (car-light)
  45  0040  3414        	clr [20].0
  45  0041  3494        	clr [20].1
  45  0042  3570        	clr [112].2
  45  0043  34F0        	clr [112].1
  45  0044  31A4        	set [36].3
  45  0045  2800     R  	jmp _L30
  45  0046              _L18:
<<<<<<< HEAD
  46  0046              #line 46 "E:\hamed\touch2\clock-temp-touch\IO.h"
=======
  46  0046              #line 46 "C:\Users\hamed\OneDrive\Documents\HTK_Project\clock-temp-touch\IO.h"
>>>>>>> 63842fd (car-light)
  46  0046  3014        	set [20].0
  46  0047  3494        	clr [20].1
  46  0048  3570        	clr [112].2
  46  0049  30F0        	set [112].1
  46  004A  2800     R  	jmp _L36
  46  004B              _L19:
<<<<<<< HEAD
  47  004B              #line 47 "E:\hamed\touch2\clock-temp-touch\IO.h"
=======
  47  004B              #line 47 "C:\Users\hamed\OneDrive\Documents\HTK_Project\clock-temp-touch\IO.h"
>>>>>>> 63842fd (car-light)
  47  004B  3414        	clr [20].0
  47  004C  3094        	set [20].1
  47  004D  2800     R  	jmp _L37
  47  004E              _L20:
<<<<<<< HEAD
  48  004E              #line 48 "E:\hamed\touch2\clock-temp-touch\IO.h"
=======
  48  004E              #line 48 "C:\Users\hamed\OneDrive\Documents\HTK_Project\clock-temp-touch\IO.h"
>>>>>>> 63842fd (car-light)
  48  004E  3414        	clr [20].0
  48  004F  3094        	set [20].1
  48  0050  2800     R  	jmp _L35
  48  0051              _L21:
<<<<<<< HEAD
  49  0051              #line 49 "E:\hamed\touch2\clock-temp-touch\IO.h"
=======
  49  0051              #line 49 "C:\Users\hamed\OneDrive\Documents\HTK_Project\clock-temp-touch\IO.h"
>>>>>>> 63842fd (car-light)
  49  0051  3414        	clr [20].0
  49  0052              _L32:
  49  0052  3494        	clr [20].1
  49  0053  3570        	clr [112].2
  49  0054  30F0        	set [112].1
  49  0055  31A4        	set [36].3
  49  0056  3394        	set [20].7
"File: IO.h          Assembler  Version HGASM0202      Page 9

  49  0057  2800     R  	jmp _L29
  49  0058              _L22:
<<<<<<< HEAD
  50  0058              #line 50 "E:\hamed\touch2\clock-temp-touch\IO.h"
=======
  50  0058              #line 50 "C:\Users\hamed\OneDrive\Documents\HTK_Project\clock-temp-touch\IO.h"
>>>>>>> 63842fd (car-light)
  50  0058  3414        	clr [20].0
  50  0059  3494        	clr [20].1
  50  005A              _L35:
  50  005A  3570        	clr [112].2
  50  005B  34F0        	clr [112].1
  50  005C  2800     R  	jmp _L34
  50  005D              _L23:
<<<<<<< HEAD
  51  005D              #line 51 "E:\hamed\touch2\clock-temp-touch\IO.h"
=======
  51  005D              #line 51 "C:\Users\hamed\OneDrive\Documents\HTK_Project\clock-temp-touch\IO.h"
>>>>>>> 63842fd (car-light)
  51  005D  3414        	clr [20].0
  51  005E  3494        	clr [20].1
  51  005F              _L37:
  51  005F  3570        	clr [112].2
  51  0060  34F0        	clr [112].1
  51  0061              _L36:
  51  0061  31A4        	set [36].3
  51  0062  2800     R  	jmp _L33
  51  0063              _L24:
<<<<<<< HEAD
  54  0063              #line 54 "E:\hamed\touch2\clock-temp-touch\IO.h"
=======
  54  0063              #line 54 "C:\Users\hamed\OneDrive\Documents\HTK_Project\clock-temp-touch\IO.h"
>>>>>>> 63842fd (car-light)
  54  0063  3414        	clr [20].0
  54  0064  3094        	set [20].1
  54  0065  3170        	set [112].2
  54  0066              _L27:
  54  0066  34F0        	clr [112].1
  54  0067  35A4        	clr [36].3
  54  0068  3794        	clr [20].7
  54  0069              _L29:
  54  0069  3314        	set [20].6
  54  006A  2800     R  	jmp _L12
  54  006B              _L25:
<<<<<<< HEAD
  57  006B              #line 57 "E:\hamed\touch2\clock-temp-touch\IO.h"
=======
  57  006B              #line 57 "C:\Users\hamed\OneDrive\Documents\HTK_Project\clock-temp-touch\IO.h"
>>>>>>> 63842fd (car-light)
  57  006B  3414        	clr [20].0
  57  006C  3094        	set [20].1
  57  006D  3170        	set [112].2
  57  006E  30F0        	set [112].1
  57  006F              _L34:
  57  006F  35A4        	clr [36].3
  57  0070              _L33:
  57  0070  3794        	clr [20].7
  57  0071  2800     R  	jmp _L28
  57  0072              _L31:
<<<<<<< HEAD
  58  0072              #line 58 "E:\hamed\touch2\clock-temp-touch\IO.h"
=======
  58  0072              #line 58 "C:\Users\hamed\OneDrive\Documents\HTK_Project\clock-temp-touch\IO.h"
>>>>>>> 63842fd (car-light)
  58  0072  35A4        	clr [36].3
  58  0073              _L30:
  58  0073  3394        	set [20].7
  58  0074              _L28:
  58  0074  3714        	clr [20].6
  58  0075              _L12:
  58  0075  0003        	ret
  58  0076              _Displayer endp
<<<<<<< HEAD
  58  0076              #line 58 "E:\hamed\touch2\clock-temp-touch\IO.h"
  58  0076              #pragma debug scope 1 1
  58  0076              public _Math
  58  0076              #pragma debug scope 7 1
  67  0076              #line 67 "E:\hamed\touch2\clock-temp-touch\IO.h"
  67  0000              _Math .section 'code'
  67  0000              _Math proc
  69  0000              #line 69 "E:\hamed\touch2\clock-temp-touch\IO.h"
=======
  58  0076              #line 58 "C:\Users\hamed\OneDrive\Documents\HTK_Project\clock-temp-touch\IO.h"
  58  0076              #pragma debug scope 1 1
  58  0076              public _Math
  58  0076              #pragma debug scope 7 1
  67  0076              #line 67 "C:\Users\hamed\OneDrive\Documents\HTK_Project\clock-temp-touch\IO.h"
  67  0000              _Math .section 'code'
  67  0000              _Math proc
  69  0000              #line 69 "C:\Users\hamed\OneDrive\Documents\HTK_Project\clock-temp-touch\IO.h"
>>>>>>> 63842fd (car-light)
"File: IO.h          Assembler  Version HGASM0202      Page 10

  69  0000  1F00     E  	clr _builtin_holtek_udivmodqi4_2[3]
  69  0001  0700     R  	mov a,_Hrs[0]
  69  0002  0080     E  	mov _builtin_holtek_udivmodqi4_2[0],a
  69  0003  0F0A        	mov a,10
  69  0004  0080     E  	mov _builtin_holtek_udivmodqi4_2[1],a
  69  0005  2000     E  	call _builtin_holtek_udivmodqi4
  69  0006  0700     E  	mov a,_builtin_holtek_udivmodqi4_2[0]
  69  0007  0080     R  	mov _H1[0],a
<<<<<<< HEAD
  70  0008              #line 70 "E:\hamed\touch2\clock-temp-touch\IO.h"
=======
  70  0008              #line 70 "C:\Users\hamed\OneDrive\Documents\HTK_Project\clock-temp-touch\IO.h"
>>>>>>> 63842fd (car-light)
  70  0008  1F00     E  	clr _builtin_holtek_udivmodqi4_2[3]
  70  0009  0700     R  	mov a,_Hrs[0]
  70  000A  0080     E  	mov _builtin_holtek_udivmodqi4_2[0],a
  70  000B  0F0A        	mov a,10
  70  000C  0080     E  	mov _builtin_holtek_udivmodqi4_2[1],a
  70  000D  2000     E  	call _builtin_holtek_udivmodqi4
  70  000E  0700     E  	mov a,_builtin_holtek_udivmodqi4_2[2]
  70  000F  0080     R  	mov _H2[0],a
<<<<<<< HEAD
  71  0010              #line 71 "E:\hamed\touch2\clock-temp-touch\IO.h"
=======
  71  0010              #line 71 "C:\Users\hamed\OneDrive\Documents\HTK_Project\clock-temp-touch\IO.h"
>>>>>>> 63842fd (car-light)
  71  0010  1F00     E  	clr _builtin_holtek_udivmodqi4_2[3]
  71  0011  0700     R  	mov a,_Min[0]
  71  0012  0080     E  	mov _builtin_holtek_udivmodqi4_2[0],a
  71  0013  0F0A        	mov a,10
  71  0014  0080     E  	mov _builtin_holtek_udivmodqi4_2[1],a
  71  0015  2000     E  	call _builtin_holtek_udivmodqi4
  71  0016  0700     E  	mov a,_builtin_holtek_udivmodqi4_2[0]
  71  0017  0080     R  	mov _N1[0],a
<<<<<<< HEAD
  72  0018              #line 72 "E:\hamed\touch2\clock-temp-touch\IO.h"
=======
  72  0018              #line 72 "C:\Users\hamed\OneDrive\Documents\HTK_Project\clock-temp-touch\IO.h"
>>>>>>> 63842fd (car-light)
  72  0018  1F00     E  	clr _builtin_holtek_udivmodqi4_2[3]
  72  0019  0700     R  	mov a,_Min[0]
  72  001A  0080     E  	mov _builtin_holtek_udivmodqi4_2[0],a
  72  001B  0F0A        	mov a,10
  72  001C  0080     E  	mov _builtin_holtek_udivmodqi4_2[1],a
  72  001D  2000     E  	call _builtin_holtek_udivmodqi4
  72  001E  0700     E  	mov a,_builtin_holtek_udivmodqi4_2[2]
  72  001F  0080     R  	mov _N2[0],a
  72  0020  0003        	ret
  72  0021              _Math endp
<<<<<<< HEAD
  72  0021              #line 72 "E:\hamed\touch2\clock-temp-touch\IO.h"
  72  0021              #pragma debug scope 1 1
  72  0021              public _DispTimer
  72  0021              #pragma debug scope 8 1
  77  0021              #line 77 "E:\hamed\touch2\clock-temp-touch\IO.h"
=======
  72  0021              #line 72 "C:\Users\hamed\OneDrive\Documents\HTK_Project\clock-temp-touch\IO.h"
  72  0021              #pragma debug scope 1 1
  72  0021              public _DispTimer
  72  0021              #pragma debug scope 8 1
  77  0021              #line 77 "C:\Users\hamed\OneDrive\Documents\HTK_Project\clock-temp-touch\IO.h"
>>>>>>> 63842fd (car-light)
  77  0000              _DispTimer .section 'code'
  77  0000              _DispTimer proc
  77  0000              public _DispTimer_2
  77  0000  0003[           local _DispTimer_2 db 3 dup(?)	; 1,2
            00
            ]
  77  0000  0080     R  	mov _DispTimer_2[1],a
  77  0001              #pragma debug variable 7 8 _DispTimer_2+1 "Blk1"
  77  0001              #pragma debug variable 7 8 _DispTimer_2+0 "Blk2"
<<<<<<< HEAD
  78  0001              #line 78 "E:\hamed\touch2\clock-temp-touch\IO.h"
  78  0001  1480     R  	inc _Disp[0]
  79  0002              #line 79 "E:\hamed\touch2\clock-temp-touch\IO.h"
  79  0002  0700     R  	mov a,_Disp[0]
  79  0003  0080     R  	mov _DispTimer_2[2],a
  79  0004  0700     R  	mov a,_DispTimer_2[2]
  79  0005  0A05        	sub a,5
=======
  78  0001              #line 78 "C:\Users\hamed\OneDrive\Documents\HTK_Project\clock-temp-touch\IO.h"
  78  0001  1480     R  	inc _Disp[0]
  79  0002              #line 79 "C:\Users\hamed\OneDrive\Documents\HTK_Project\clock-temp-touch\IO.h"
  79  0002  0700     R  	mov a,_Disp[0]
  79  0003  0080     R  	mov _DispTimer_2[2],a
  79  0004  0700     R  	mov a,_DispTimer_2[2]
  79  0005  0A02        	sub a,2
>>>>>>> 63842fd (car-light)
  79  0006  3D0A        	sz z
  79  0007  2800     R  	jmp _L41
"File: IO.h          Assembler  Version HGASM0202      Page 11

<<<<<<< HEAD
  79  0008  0A02        	sub a,(7)-(5)
  79  0009  3D0A        	sz z
  79  000A  2800     R  	jmp _L42
  79  000B              #line 79 "E:\hamed\touch2\clock-temp-touch\IO.h"
  79  000B  0700     R  	mov a,_DispTimer_2[2]
  79  000C  0A08        	sub a,8
  79  000D  3D0A        	sz z
  79  000E  2800     R  	jmp _L43
  79  000F  0A02        	sub a,(10)-(8)
  79  0010  3D0A        	sz z
  79  0011  2800     R  	jmp _L44
  79  0012  0700     R  	mov a,_DispTimer_2[2]
  79  0013  0A0F        	sub a,15
  79  0014  3D0A        	sz z
  79  0015  2800     R  	jmp _L45
  79  0016  0A03        	sub a,(18)-(15)
  79  0017  3D0A        	sz z
  79  0018  2800     R  	jmp _L46
  79  0019  0700     R  	mov a,_DispTimer_2[2]
  79  001A  0A14        	sub a,20
  79  001B  3D0A        	sz z
  79  001C  2800     R  	jmp _L47
  79  001D  0700     R  	mov a,_DispTimer_2[2]
  79  001E  0A19        	sub a,25
  79  001F  390A        	snz z
  79  0020  2800     R  	jmp _L39
  79  0021  2800     R  	jmp _L57
  79  0022              _L41:
  81  0022              #line 81 "E:\hamed\touch2\clock-temp-touch\IO.h"
  81  0022  3694        	clr [20].5
  81  0023  35F0        	clr [112].3
  81  0024  3470        	clr [112].0
  81  0025  3524        	clr [36].2
  81  0026  1700     R  	sdza _DispTimer_2[1]
  81  0027  2800     R  	jmp _L39
  81  0028  2800     R  	jmp _L56
  81  0029              _L42:
  82  0029              #line 82 "E:\hamed\touch2\clock-temp-touch\IO.h"
  82  0029  1700     R  	sdza _DispTimer_2[1]
  82  002A  2800     R  	jmp _L39
  82  002B  2800     R  	jmp _L56
  82  002C              _L43:
  83  002C              #line 83 "E:\hamed\touch2\clock-temp-touch\IO.h"
  83  002C  1700     R  	sdza _DispTimer_2[1]
  83  002D  2800     R  	jmp _L39
  83  002E  2800     R  	jmp _L56
  83  002F              _L44:
  84  002F              #line 84 "E:\hamed\touch2\clock-temp-touch\IO.h"
  84  002F  1700     R  	sdza _DispTimer_2[1]
  84  0030  2800     R  	jmp _L39
  84  0031              _L56:
  84  0031  0700     R  	mov a,_H1[0]
  84  0032  0080     E  	mov ra,a
  84  0033  0700     E  	mov a,ra
  84  0034  2000     R  	call _Displayer
  84  0035  3694        	clr [20].5
  84  0036  35F0        	clr [112].3
  84  0037  3470        	clr [112].0
  84  0038  3124        	set [36].2
  84  0039  2800     R  	jmp _L39
"File: IO.h          Assembler  Version HGASM0202      Page 12

  84  003A              _L45:
  85  003A              #line 85 "E:\hamed\touch2\clock-temp-touch\IO.h"
  85  003A  3694        	clr [20].5
  85  003B  35F0        	clr [112].3
  85  003C  3470        	clr [112].0
  85  003D  3524        	clr [36].2
  85  003E  1700     R  	sdza _DispTimer_2[1]
  85  003F  2800     R  	jmp _L39
  85  0040  0700     R  	mov a,_H2[0]
  85  0041  0080     E  	mov ra,a
  85  0042  0700     E  	mov a,ra
  85  0043  2000     R  	call _Displayer
  85  0044  3694        	clr [20].5
  85  0045  35F0        	clr [112].3
  85  0046  3070        	set [112].0
  85  0047  2800     R  	jmp _L55
  85  0048              _L46:
  86  0048              #line 86 "E:\hamed\touch2\clock-temp-touch\IO.h"
  86  0048  3694        	clr [20].5
  86  0049  35F0        	clr [112].3
  86  004A  3470        	clr [112].0
  86  004B  3524        	clr [36].2
  86  004C  1700     R  	sdza _DispTimer_2[0]
  86  004D  2800     R  	jmp _L39
  86  004E  0700     R  	mov a,_N1[0]
  86  004F  0080     E  	mov ra,a
  86  0050  0700     E  	mov a,ra
  86  0051  2000     R  	call _Displayer
  86  0052  1F00     E  	clr rb
  86  0053  3C00     R  	sz _Dot
  86  0054  3000     E  	set rb.0
  86  0055  1F00     E  	clr ra
  86  0056  1080     E  	sz rb
  86  0057  3000     E  	set ra.2
  86  0058  3514        	clr [20].2
  86  0059  0700     E  	mov a,ra
  86  005A  0594        	orm a,[20]
  86  005B  3694        	clr [20].5
  86  005C  31F0        	set [112].3
  86  005D  2800     R  	jmp _L52
  86  005E              _L47:
  87  005E              #line 87 "E:\hamed\touch2\clock-temp-touch\IO.h"
  87  005E  3694        	clr [20].5
  87  005F  35F0        	clr [112].3
  87  0060  3470        	clr [112].0
  87  0061  3524        	clr [36].2
  87  0062  1700     R  	sdza _DispTimer_2[0]
  87  0063  2800     R  	jmp _L39
  87  0064  0700     R  	mov a,_N2[0]
  87  0065  0080     E  	mov ra,a
  87  0066  0700     E  	mov a,ra
  87  0067  2000     R  	call _Displayer
  87  0068  3294        	set [20].5
  87  0069  35F0        	clr [112].3
  87  006A              _L52:
  87  006A  3470        	clr [112].0
  87  006B              _L55:
  87  006B  3524        	clr [36].2
  87  006C  2800     R  	jmp _L39
  87  006D              _L57:
"File: IO.h          Assembler  Version HGASM0202      Page 13

  88  006D              #line 88 "E:\hamed\touch2\clock-temp-touch\IO.h"
  88  006D  1700     R  	sdza _DispTimer_2[0]
  88  006E  2800     R  	jmp _L51
  88  006F  0700     R  	mov a,_N2[0]
  88  0070  0080     E  	mov ra,a
  88  0071  0700     E  	mov a,ra
  88  0072  2000     R  	call _Displayer
  88  0073  3294        	set [20].5
  88  0074  35F0        	clr [112].3
  88  0075  3470        	clr [112].0
  88  0076  3524        	clr [36].2
  88  0077              _L51:
  88  0077  1F00     R  	clr _Disp[0]
  88  0078              _L39:
  88  0078  0003        	ret
  88  0079              _DispTimer endp
  88  0079              #line 88 "E:\hamed\touch2\clock-temp-touch\IO.h"
  88  0079              #pragma debug scope 1 1
  88  0079              public _DispTemp
  88  0079              #pragma debug scope 9 1
  94  0079              #line 94 "E:\hamed\touch2\clock-temp-touch\IO.h"
  94  0000              _DispTemp .section 'code'
  94  0000              _DispTemp proc
  94  0000  00              local _DispTemp_2 db 1 dup(?)	; 0,1
  95  0001              #line 95 "E:\hamed\touch2\clock-temp-touch\IO.h"
  95  0000  1480     R  	inc _Disp[0]
  96  0001              #line 96 "E:\hamed\touch2\clock-temp-touch\IO.h"
  96  0001  0700     R  	mov a,_Disp[0]
  96  0002  0080     R  	mov _DispTemp_2[0],a
  96  0003  0700     R  	mov a,_DispTemp_2[0]
  96  0004  0A05        	sub a,5
  96  0005  3D0A        	sz z
  96  0006  2800     R  	jmp _L60
  96  0007  0A05        	sub a,(10)-(5)
  96  0008  3D0A        	sz z
  96  0009  2800     R  	jmp _L61
  96  000A              #line 96 "E:\hamed\touch2\clock-temp-touch\IO.h"
  96  000A  0700     R  	mov a,_DispTemp_2[0]
  96  000B  0A0F        	sub a,15
  96  000C  390A        	snz z
  96  000D  2800     R  	jmp _L58
 100  000E              #line 100 "E:\hamed\touch2\clock-temp-touch\IO.h"
 100  000E  3694        	clr [20].5
 100  000F  35F0        	clr [112].3
 100  0010  3470        	clr [112].0
 100  0011  3524        	clr [36].2
 100  0012  0F0C        	mov a,12
 100  0013  2000     R  	call _Displayer
 100  0014  3294        	set [20].5
 100  0015  35F0        	clr [112].3
 100  0016  3470        	clr [112].0
 100  0017  3524        	clr [36].2
 100  0018  1F00     R  	clr _Disp[0]
 100  0019  2800     R  	jmp _L58
 100  001A              _L60:
 100  001A              #pragma debug scope 10 9
 100  001A              ;begin block, line: 100.-1
 100  001A              #pragma debug scope 11 10
 100  001A              ;begin block, line: 100.-1
  98  001A              #line 98 "E:\hamed\touch2\clock-temp-touch\IO.h"
"File: IO.h          Assembler  Version HGASM0202      Page 14

  98  001A  3694        	clr [20].5
  98  001B  35F0        	clr [112].3
  98  001C  3470        	clr [112].0
  98  001D  3524        	clr [36].2
  98  001E  0700     R  	mov a,_T1[0]
  98  001F  0080     E  	mov ra,a
  98  0020  0700     E  	mov a,ra
  98  0021  2000     R  	call _Displayer
  98  0022  3694        	clr [20].5
  98  0023  35F0        	clr [112].3
  98  0024  3070        	set [112].0
  98  0025  2800     R  	jmp _L63
  98  0026              _L61:
  98  0026              #pragma debug scope 10 9
  98  0026              #pragma debug scope 9 1
  99  0026              #line 99 "E:\hamed\touch2\clock-temp-touch\IO.h"
  99  0026  3694        	clr [20].5
  99  0027  35F0        	clr [112].3
  99  0028  3470        	clr [112].0
  99  0029  3524        	clr [36].2
  99  002A  0700     R  	mov a,_T2[0]
  99  002B  0080     E  	mov ra,a
  99  002C  0700     E  	mov a,ra
  99  002D  2000     R  	call _Displayer
  99  002E  3694        	clr [20].5
  99  002F  31F0        	set [112].3
  99  0030  3470        	clr [112].0
  99  0031              _L63:
  99  0031  3524        	clr [36].2
  99  0032              _L58:
  99  0032  0003        	ret
  99  0033              _DispTemp endp
  99  0033              #line 99 "E:\hamed\touch2\clock-temp-touch\IO.h"
  99  0033              #pragma debug scope 1 1
  99  0033              ___sadc1 equ [49]
  99  0033              ___sadc0 equ [48]
  99  0033              ___pbs0 equ [327]
  99  0033              public _ADC_INIT
  99  0033              #pragma debug scope 12 1

  64  0033              #line 64 "E:\hamed\touch2\clock-temp-touch\ADC.h"
  64  0000              _ADC_INIT .section 'code'
  64  0000              _ADC_INIT proc
  65  0000              #line 65 "E:\hamed\touch2\clock-temp-touch\ADC.h"
  65  0000  3531        	clr [49].2
  65  0001  30B1        	set [49].1
  65  0002  3431        	clr [49].0
  66  0003              #line 66 "E:\hamed\touch2\clock-temp-touch\ADC.h"
  66  0003  3631        	clr [49].4
  66  0004  31B1        	set [49].3
  67  0005              #line 67 "E:\hamed\touch2\clock-temp-touch\ADC.h"
  67  0005  3230        	set [48].4
  68  0006              #line 68 "E:\hamed\touch2\clock-temp-touch\ADC.h"
  68  0006  B0C7 0001   	lset [327].1
  68  0008  B047 0001   	lset [327].0
  69  000A              #line 69 "E:\hamed\touch2\clock-temp-touch\ADC.h"
  69  000A  36B0        	clr [48].5
  69  000B  0003        	ret
  69  000C              _ADC_INIT endp
  69  000C              #line 69 "E:\hamed\touch2\clock-temp-touch\ADC.h"
"File: ADC.h         Assembler  Version HGASM0202      Page 15

  69  000C              #pragma debug scope 1 1
  69  000C              public _ADC_SelectChannel
  69  000C              #pragma debug scope 13 1
  73  000C              #line 73 "E:\hamed\touch2\clock-temp-touch\ADC.h"
=======
  79  0008  0A02        	sub a,(4)-(2)
  79  0009  3D0A        	sz z
  79  000A  2800     R  	jmp _L42
  79  000B              #line 79 "C:\Users\hamed\OneDrive\Documents\HTK_Project\clock-temp-touch\IO.h"
  79  000B  0700     R  	mov a,_DispTimer_2[2]
  79  000C  0A06        	sub a,6
  79  000D  3D0A        	sz z
  79  000E  2800     R  	jmp _L43
  79  000F  0700     R  	mov a,_DispTimer_2[2]
  79  0010  0A08        	sub a,8
  79  0011  390A        	snz z
  79  0012  2800     R  	jmp _L49
  79  0013  2800     R  	jmp _L52
  79  0014              _L41:
  81  0014              #line 81 "C:\Users\hamed\OneDrive\Documents\HTK_Project\clock-temp-touch\IO.h"
  81  0014  3694        	clr [20].5
  81  0015  35F0        	clr [112].3
  81  0016  3470        	clr [112].0
  81  0017  3524        	clr [36].2
  81  0018  1700     R  	sdza _DispTimer_2[1]
  81  0019  2800     R  	jmp _L39
  81  001A  0700     R  	mov a,_H1[0]
  81  001B  0080     E  	mov ra,a
  81  001C  0700     E  	mov a,ra
  81  001D  2000     R  	call _Displayer
  81  001E  3694        	clr [20].5
  81  001F  35F0        	clr [112].3
  81  0020  3470        	clr [112].0
  81  0021  3124        	set [36].2
  81  0022  2800     R  	jmp _L39
  81  0023              _L42:
  82  0023              #line 82 "C:\Users\hamed\OneDrive\Documents\HTK_Project\clock-temp-touch\IO.h"
  82  0023  3694        	clr [20].5
  82  0024  35F0        	clr [112].3
  82  0025  3470        	clr [112].0
  82  0026  3524        	clr [36].2
  82  0027  1700     R  	sdza _DispTimer_2[1]
  82  0028  2800     R  	jmp _L39
  82  0029  0700     R  	mov a,_H2[0]
  82  002A  0080     E  	mov ra,a
  82  002B  0700     E  	mov a,ra
  82  002C  2000     R  	call _Displayer
  82  002D  3694        	clr [20].5
  82  002E  35F0        	clr [112].3
  82  002F  3070        	set [112].0
  82  0030  2800     R  	jmp _L50
  82  0031              _L43:
  83  0031              #line 83 "C:\Users\hamed\OneDrive\Documents\HTK_Project\clock-temp-touch\IO.h"
  83  0031  3694        	clr [20].5
  83  0032  35F0        	clr [112].3
  83  0033  3470        	clr [112].0
  83  0034  3524        	clr [36].2
  83  0035  1700     R  	sdza _DispTimer_2[0]
  83  0036  2800     R  	jmp _L39
  83  0037  0700     R  	mov a,_N1[0]
  83  0038  0080     E  	mov ra,a
  83  0039  0700     E  	mov a,ra
  83  003A  2000     R  	call _Displayer
  83  003B  1F00     E  	clr rb
  83  003C  3C00     R  	sz _Dot
"File: IO.h          Assembler  Version HGASM0202      Page 12

  83  003D  3000     E  	set rb.0
  83  003E  1F00     E  	clr ra
  83  003F  1080     E  	sz rb
  83  0040  3000     E  	set ra.2
  83  0041  3514        	clr [20].2
  83  0042  0700     E  	mov a,ra
  83  0043  0594        	orm a,[20]
  83  0044  3694        	clr [20].5
  83  0045  31F0        	set [112].3
  83  0046  2800     R  	jmp _L51
  83  0047              _L52:
  84  0047              #line 84 "C:\Users\hamed\OneDrive\Documents\HTK_Project\clock-temp-touch\IO.h"
  84  0047  3694        	clr [20].5
  84  0048  35F0        	clr [112].3
  84  0049  3470        	clr [112].0
  84  004A  3524        	clr [36].2
  84  004B  1700     R  	sdza _DispTimer_2[0]
  84  004C  2800     R  	jmp _L48
  84  004D  0700     R  	mov a,_N2[0]
  84  004E  0080     E  	mov ra,a
  84  004F  0700     E  	mov a,ra
  84  0050  2000     R  	call _Displayer
  84  0051  3294        	set [20].5
  84  0052  35F0        	clr [112].3
  84  0053  3470        	clr [112].0
  84  0054  3524        	clr [36].2
  84  0055              _L48:
  84  0055  1F00     R  	clr _Disp[0]
  84  0056  2800     R  	jmp _L39
  84  0057              _L49:
  85  0057              #line 85 "C:\Users\hamed\OneDrive\Documents\HTK_Project\clock-temp-touch\IO.h"
  85  0057  3800     R  	snz _Litgh
  85  0058  2800     R  	jmp _L39
  85  0059  3694        	clr [20].5
  85  005A  35F0        	clr [112].3
  85  005B              _L51:
  85  005B  3470        	clr [112].0
  85  005C              _L50:
  85  005C  3524        	clr [36].2
  85  005D              _L39:
  85  005D  0003        	ret
  85  005E              _DispTimer endp
  85  005E              #line 85 "C:\Users\hamed\OneDrive\Documents\HTK_Project\clock-temp-touch\IO.h"
  85  005E              #pragma debug scope 1 1
  85  005E              public _DispTemp
  85  005E              #pragma debug scope 9 1
  90  005E              #line 90 "C:\Users\hamed\OneDrive\Documents\HTK_Project\clock-temp-touch\IO.h"
  90  0000              _DispTemp .section 'code'
  90  0000              _DispTemp proc
  90  0000  00              local _DispTemp_2 db 1 dup(?)	; 0,1
  91  0001              #line 91 "C:\Users\hamed\OneDrive\Documents\HTK_Project\clock-temp-touch\IO.h"
  91  0000  1480     R  	inc _Disp[0]
  92  0001              #line 92 "C:\Users\hamed\OneDrive\Documents\HTK_Project\clock-temp-touch\IO.h"
  92  0001  0700     R  	mov a,_Disp[0]
  92  0002  0080     R  	mov _DispTemp_2[0],a
  92  0003  0700     R  	mov a,_DispTemp_2[0]
  92  0004  0A05        	sub a,5
  92  0005  3D0A        	sz z
  92  0006  2800     R  	jmp _L55
  92  0007  0A05        	sub a,(10)-(5)
"File: IO.h          Assembler  Version HGASM0202      Page 13

  92  0008  3D0A        	sz z
  92  0009  2800     R  	jmp _L56
  92  000A              #line 92 "C:\Users\hamed\OneDrive\Documents\HTK_Project\clock-temp-touch\IO.h"
  92  000A  0700     R  	mov a,_DispTemp_2[0]
  92  000B  0A0F        	sub a,15
  92  000C  390A        	snz z
  92  000D  2800     R  	jmp _L59
  96  000E              #line 96 "C:\Users\hamed\OneDrive\Documents\HTK_Project\clock-temp-touch\IO.h"
  96  000E  3694        	clr [20].5
  96  000F  35F0        	clr [112].3
  96  0010  3470        	clr [112].0
  96  0011  3524        	clr [36].2
  96  0012  0F0C        	mov a,12
  96  0013  2000     R  	call _Displayer
  96  0014  3294        	set [20].5
  96  0015  35F0        	clr [112].3
  96  0016  3470        	clr [112].0
  96  0017  3524        	clr [36].2
  96  0018  1F00     R  	clr _Disp[0]
  96  0019  2800     R  	jmp _L53
  96  001A              _L55:
  94  001A              #line 94 "C:\Users\hamed\OneDrive\Documents\HTK_Project\clock-temp-touch\IO.h"
  94  001A  3694        	clr [20].5
  94  001B  35F0        	clr [112].3
  94  001C  3470        	clr [112].0
  94  001D  3524        	clr [36].2
  94  001E  0700     R  	mov a,_T1[0]
  94  001F  0080     E  	mov ra,a
  94  0020  0700     E  	mov a,ra
  94  0021  2000     R  	call _Displayer
  94  0022  3694        	clr [20].5
  94  0023  35F0        	clr [112].3
  94  0024  3070        	set [112].0
  94  0025  2800     R  	jmp _L60
  94  0026              _L56:
  95  0026              #line 95 "C:\Users\hamed\OneDrive\Documents\HTK_Project\clock-temp-touch\IO.h"
  95  0026  3694        	clr [20].5
  95  0027  35F0        	clr [112].3
  95  0028  3470        	clr [112].0
  95  0029  3524        	clr [36].2
  95  002A  0700     R  	mov a,_T2[0]
  95  002B  0080     E  	mov ra,a
  95  002C  0700     E  	mov a,ra
  95  002D  2000     R  	call _Displayer
  95  002E  3694        	clr [20].5
  95  002F  31F0        	set [112].3
  95  0030  2800     R  	jmp _L61
  95  0031              _L59:
  97  0031              #line 97 "C:\Users\hamed\OneDrive\Documents\HTK_Project\clock-temp-touch\IO.h"
  97  0031  3800     R  	snz _Litgh
  97  0032  2800     R  	jmp _L53
  97  0033  3694        	clr [20].5
  97  0034  35F0        	clr [112].3
  97  0035              _L61:
  97  0035  3470        	clr [112].0
  97  0036              _L60:
  97  0036  3524        	clr [36].2
  97  0037              _L53:
  97  0037  0003        	ret
  97  0038              _DispTemp endp
"File: IO.h          Assembler  Version HGASM0202      Page 14

  97  0038              #line 97 "C:\Users\hamed\OneDrive\Documents\HTK_Project\clock-temp-touch\IO.h"
  97  0038              #pragma debug scope 1 1
  97  0038              public _DispYear
  97  0038              #pragma debug scope 10 1
 104  0038              #line 104 "C:\Users\hamed\OneDrive\Documents\HTK_Project\clock-temp-touch\IO.h"
 104  0000              _DispYear .section 'code'
 104  0000              _DispYear proc
 104  0000  00              local _DispYear_2 db 1 dup(?)	; 0,1
 105  0001              #line 105 "C:\Users\hamed\OneDrive\Documents\HTK_Project\clock-temp-touch\IO.h"
 105  0000  3800     R  	snz _Belinker
 105  0001  2800     R  	jmp _L63
 105  0002              #line 105 "C:\Users\hamed\OneDrive\Documents\HTK_Project\clock-temp-touch\IO.h"
 105  0002  1480     R  	inc _Disp[0]
 105  0003  2800     R  	jmp _L64
 105  0004              _L63:
 105  0004  0F19        	mov a,25
 105  0005  0080     R  	mov _Disp[0],a
 105  0006              _L64:
 106  0006              #line 106 "C:\Users\hamed\OneDrive\Documents\HTK_Project\clock-temp-touch\IO.h"
 106  0006  0700     R  	mov a,_Disp[0]
 106  0007  0080     R  	mov _DispYear_2[0],a
 106  0008  0700     R  	mov a,_DispYear_2[0]
 106  0009  0A05        	sub a,5
 106  000A  3D0A        	sz z
 106  000B  2800     R  	jmp _L66
 106  000C  0A05        	sub a,(10)-(5)
 106  000D  3D0A        	sz z
 106  000E  2800     R  	jmp _L67
 106  000F  0700     R  	mov a,_DispYear_2[0]
 106  0010  0A0F        	sub a,15
 106  0011  3D0A        	sz z
 106  0012  2800     R  	jmp _L68
 106  0013  0A05        	sub a,(20)-(15)
 106  0014  3D0A        	sz z
 106  0015  2800     R  	jmp _L69
 106  0016  0700     R  	mov a,_DispYear_2[0]
 106  0017  0A19        	sub a,25
 106  0018  390A        	snz z
 106  0019  2800     R  	jmp _L72
 112  001A              #line 112 "C:\Users\hamed\OneDrive\Documents\HTK_Project\clock-temp-touch\IO.h"
 112  001A  3694        	clr [20].5
 112  001B  35F0        	clr [112].3
 112  001C  3470        	clr [112].0
 112  001D  3524        	clr [36].2
 112  001E  1F00     R  	clr _Disp[0]
 112  001F  2800     R  	jmp _L62
 112  0020              _L66:
 108  0020              #line 108 "C:\Users\hamed\OneDrive\Documents\HTK_Project\clock-temp-touch\IO.h"
 108  0020  3694        	clr [20].5
 108  0021  35F0        	clr [112].3
 108  0022  3470        	clr [112].0
 108  0023  3524        	clr [36].2
 108  0024  0700     R  	mov a,_Y1[0]
 108  0025  0080     E  	mov ra,a
 108  0026  0700     E  	mov a,ra
 108  0027  2000     R  	call _Displayer
 108  0028  3694        	clr [20].5
 108  0029  35F0        	clr [112].3
 108  002A  3470        	clr [112].0
 108  002B  3124        	set [36].2
"File: IO.h          Assembler  Version HGASM0202      Page 15

 108  002C  2800     R  	jmp _L62
 108  002D              _L67:
 109  002D              #line 109 "C:\Users\hamed\OneDrive\Documents\HTK_Project\clock-temp-touch\IO.h"
 109  002D  3694        	clr [20].5
 109  002E  35F0        	clr [112].3
 109  002F  3470        	clr [112].0
 109  0030  3524        	clr [36].2
 109  0031  0700     R  	mov a,_Y2[0]
 109  0032  0080     E  	mov ra,a
 109  0033  0700     E  	mov a,ra
 109  0034  2000     R  	call _Displayer
 109  0035  3694        	clr [20].5
 109  0036  35F0        	clr [112].3
 109  0037  3070        	set [112].0
 109  0038  2800     R  	jmp _L73
 109  0039              _L68:
 110  0039              #line 110 "C:\Users\hamed\OneDrive\Documents\HTK_Project\clock-temp-touch\IO.h"
 110  0039  3694        	clr [20].5
 110  003A  35F0        	clr [112].3
 110  003B  3470        	clr [112].0
 110  003C  3524        	clr [36].2
 110  003D  0700     R  	mov a,_Y3[0]
 110  003E  0080     E  	mov ra,a
 110  003F  0700     E  	mov a,ra
 110  0040  2000     R  	call _Displayer
 110  0041  3694        	clr [20].5
 110  0042  31F0        	set [112].3
 110  0043  2800     R  	jmp _L74
 110  0044              _L69:
 111  0044              #line 111 "C:\Users\hamed\OneDrive\Documents\HTK_Project\clock-temp-touch\IO.h"
 111  0044  3694        	clr [20].5
 111  0045  35F0        	clr [112].3
 111  0046  3470        	clr [112].0
 111  0047  3524        	clr [36].2
 111  0048  0700     R  	mov a,_Y4[0]
 111  0049  0080     E  	mov ra,a
 111  004A  0700     E  	mov a,ra
 111  004B  2000     R  	call _Displayer
 111  004C  3294        	set [20].5
 111  004D  2800     R  	jmp _L75
 111  004E              _L72:
 113  004E              #line 113 "C:\Users\hamed\OneDrive\Documents\HTK_Project\clock-temp-touch\IO.h"
 113  004E  3800     R  	snz _Litgh
 113  004F  2800     R  	jmp _L62
 113  0050  3694        	clr [20].5
 113  0051              _L75:
 113  0051  35F0        	clr [112].3
 113  0052              _L74:
 113  0052  3470        	clr [112].0
 113  0053              _L73:
 113  0053  3524        	clr [36].2
 113  0054              _L62:
 113  0054  0003        	ret
 113  0055              _DispYear endp
 113  0055              #line 113 "C:\Users\hamed\OneDrive\Documents\HTK_Project\clock-temp-touch\IO.h"
 113  0055              #pragma debug scope 1 1
 113  0055              public _DispDate
 113  0055              #pragma debug scope 11 1
 118  0055              #line 118 "C:\Users\hamed\OneDrive\Documents\HTK_Project\clock-temp-touch\IO.h"
 118  0000              _DispDate .section 'code'
"File: IO.h          Assembler  Version HGASM0202      Page 16

 118  0000              _DispDate proc
 118  0000              public _DispDate_2
 118  0000  0003[           local _DispDate_2 db 3 dup(?)	; 1,2
            00
            ]
 118  0000  0080     R  	mov _DispDate_2[1],a
 118  0001              #pragma debug variable 7 11 _DispDate_2+1 "Blk1"
 118  0001              #pragma debug variable 7 11 _DispDate_2+0 "Blk2"
 119  0001              #line 119 "C:\Users\hamed\OneDrive\Documents\HTK_Project\clock-temp-touch\IO.h"
 119  0001  1480     R  	inc _Disp[0]
 120  0002              #line 120 "C:\Users\hamed\OneDrive\Documents\HTK_Project\clock-temp-touch\IO.h"
 120  0002  0700     R  	mov a,_Disp[0]
 120  0003  0080     R  	mov _DispDate_2[2],a
 120  0004  0700     R  	mov a,_DispDate_2[2]
 120  0005  0A05        	sub a,5
 120  0006  3D0A        	sz z
 120  0007  2800     R  	jmp _L78
 120  0008  0A05        	sub a,(10)-(5)
 120  0009  3D0A        	sz z
 120  000A  2800     R  	jmp _L79
 120  000B              #line 120 "C:\Users\hamed\OneDrive\Documents\HTK_Project\clock-temp-touch\IO.h"
 120  000B  0700     R  	mov a,_DispDate_2[2]
 120  000C  0A0F        	sub a,15
 120  000D  3D0A        	sz z
 120  000E  2800     R  	jmp _L80
 120  000F  0A05        	sub a,(20)-(15)
 120  0010  3D0A        	sz z
 120  0011  2800     R  	jmp _L81
 120  0012  0700     R  	mov a,_DispDate_2[2]
 120  0013  0A19        	sub a,25
 120  0014  390A        	snz z
 120  0015  2800     R  	jmp _L86
 126  0016              #line 126 "C:\Users\hamed\OneDrive\Documents\HTK_Project\clock-temp-touch\IO.h"
 126  0016  3694        	clr [20].5
 126  0017  35F0        	clr [112].3
 126  0018  3470        	clr [112].0
 126  0019  3524        	clr [36].2
 126  001A  1F00     R  	clr _Disp[0]
 126  001B  2800     R  	jmp _L76
 126  001C              _L78:
 122  001C              #line 122 "C:\Users\hamed\OneDrive\Documents\HTK_Project\clock-temp-touch\IO.h"
 122  001C  3694        	clr [20].5
 122  001D  35F0        	clr [112].3
 122  001E  3470        	clr [112].0
 122  001F  3524        	clr [36].2
 122  0020  1700     R  	sdza _DispDate_2[1]
 122  0021  2800     R  	jmp _L76
 122  0022  0700     R  	mov a,_M1[0]
 122  0023  0080     E  	mov ra,a
 122  0024  0700     E  	mov a,ra
 122  0025  2000     R  	call _Displayer
 122  0026  3694        	clr [20].5
 122  0027  35F0        	clr [112].3
 122  0028  3470        	clr [112].0
 122  0029  3124        	set [36].2
 122  002A  2800     R  	jmp _L76
 122  002B              _L79:
 123  002B              #line 123 "C:\Users\hamed\OneDrive\Documents\HTK_Project\clock-temp-touch\IO.h"
 123  002B  3694        	clr [20].5
 123  002C  35F0        	clr [112].3
"File: IO.h          Assembler  Version HGASM0202      Page 17

 123  002D  3470        	clr [112].0
 123  002E  3524        	clr [36].2
 123  002F  1700     R  	sdza _DispDate_2[1]
 123  0030  2800     R  	jmp _L76
 123  0031  0700     R  	mov a,_M2[0]
 123  0032  0080     E  	mov ra,a
 123  0033  0700     E  	mov a,ra
 123  0034  2000     R  	call _Displayer
 123  0035  3694        	clr [20].5
 123  0036  35F0        	clr [112].3
 123  0037  3070        	set [112].0
 123  0038  2800     R  	jmp _L87
 123  0039              _L80:
 124  0039              #line 124 "C:\Users\hamed\OneDrive\Documents\HTK_Project\clock-temp-touch\IO.h"
 124  0039  3694        	clr [20].5
 124  003A  35F0        	clr [112].3
 124  003B  3470        	clr [112].0
 124  003C  3524        	clr [36].2
 124  003D  1700     R  	sdza _DispDate_2[0]
 124  003E  2800     R  	jmp _L76
 124  003F  0700     R  	mov a,_D1[0]
 124  0040  0080     E  	mov ra,a
 124  0041  0700     E  	mov a,ra
 124  0042  2000     R  	call _Displayer
 124  0043  3694        	clr [20].5
 124  0044  31F0        	set [112].3
 124  0045  2800     R  	jmp _L88
 124  0046              _L81:
 125  0046              #line 125 "C:\Users\hamed\OneDrive\Documents\HTK_Project\clock-temp-touch\IO.h"
 125  0046  3694        	clr [20].5
 125  0047  35F0        	clr [112].3
 125  0048  3470        	clr [112].0
 125  0049  3524        	clr [36].2
 125  004A  1700     R  	sdza _DispDate_2[0]
 125  004B  2800     R  	jmp _L76
 125  004C  0700     R  	mov a,_D2[0]
 125  004D  0080     E  	mov ra,a
 125  004E  0700     E  	mov a,ra
 125  004F  2000     R  	call _Displayer
 125  0050  3294        	set [20].5
 125  0051  2800     R  	jmp _L89
 125  0052              _L86:
 127  0052              #line 127 "C:\Users\hamed\OneDrive\Documents\HTK_Project\clock-temp-touch\IO.h"
 127  0052  3800     R  	snz _Litgh
 127  0053  2800     R  	jmp _L76
 127  0054  3694        	clr [20].5
 127  0055              _L89:
 127  0055  35F0        	clr [112].3
 127  0056              _L88:
 127  0056  3470        	clr [112].0
 127  0057              _L87:
 127  0057  3524        	clr [36].2
 127  0058              _L76:
 127  0058  0003        	ret
 127  0059              _DispDate endp
 127  0059              #line 127 "C:\Users\hamed\OneDrive\Documents\HTK_Project\clock-temp-touch\IO.h"
 127  0059              #pragma debug scope 1 1
 127  0059              public _DispSetTimer
 127  0059              #pragma debug scope 12 1
 132  0059              #line 132 "C:\Users\hamed\OneDrive\Documents\HTK_Project\clock-temp-touch\IO.h"
"File: IO.h          Assembler  Version HGASM0202      Page 18

 132  0000              _DispSetTimer .section 'code'
 132  0000              _DispSetTimer proc
 132  0000              public _DispSetTimer_2
 132  0000  0003[           local _DispSetTimer_2 db 3 dup(?)	; 1,2
            00
            ]
 132  0000  0080     R  	mov _DispSetTimer_2[1],a
 132  0001              #pragma debug variable 7 12 _DispSetTimer_2+1 "Blk1"
 132  0001              #pragma debug variable 7 12 _DispSetTimer_2+0 "Blk2"
 133  0001              #line 133 "C:\Users\hamed\OneDrive\Documents\HTK_Project\clock-temp-touch\IO.h"
 133  0001  1480     R  	inc _Disp[0]
 134  0002              #line 134 "C:\Users\hamed\OneDrive\Documents\HTK_Project\clock-temp-touch\IO.h"
 134  0002  0700     R  	mov a,_Disp[0]
 134  0003  0080     R  	mov _DispSetTimer_2[2],a
 134  0004  0700     R  	mov a,_DispSetTimer_2[2]
 134  0005  0A05        	sub a,5
 134  0006  3D0A        	sz z
 134  0007  2800     R  	jmp _L92
 134  0008  0A05        	sub a,(10)-(5)
 134  0009  3D0A        	sz z
 134  000A  2800     R  	jmp _L93
 134  000B              #line 134 "C:\Users\hamed\OneDrive\Documents\HTK_Project\clock-temp-touch\IO.h"
 134  000B  0700     R  	mov a,_DispSetTimer_2[2]
 134  000C  0A0F        	sub a,15
 134  000D  3D0A        	sz z
 134  000E  2800     R  	jmp _L94
 134  000F  0A05        	sub a,(20)-(15)
 134  0010  3D0A        	sz z
 134  0011  2800     R  	jmp _L95
 134  0012  0700     R  	mov a,_DispSetTimer_2[2]
 134  0013  0A19        	sub a,25
 134  0014  390A        	snz z
 134  0015  2800     R  	jmp _L101
 134  0016  2800     R  	jmp _L105
 134  0017              _L92:
 136  0017              #line 136 "C:\Users\hamed\OneDrive\Documents\HTK_Project\clock-temp-touch\IO.h"
 136  0017  3694        	clr [20].5
 136  0018  35F0        	clr [112].3
 136  0019  3470        	clr [112].0
 136  001A  3524        	clr [36].2
 136  001B  1700     R  	sdza _DispSetTimer_2[1]
 136  001C  2800     R  	jmp _L90
 136  001D  3014        	set [20].0
 136  001E  3094        	set [20].1
 136  001F  3170        	set [112].2
 136  0020  34F0        	clr [112].1
 136  0021  35A4        	clr [36].3
 136  0022  3794        	clr [20].7
 136  0023  3714        	clr [20].6
 136  0024  3694        	clr [20].5
 136  0025  35F0        	clr [112].3
 136  0026  3470        	clr [112].0
 136  0027  3124        	set [36].2
 136  0028  2800     R  	jmp _L90
 136  0029              _L93:
 137  0029              #line 137 "C:\Users\hamed\OneDrive\Documents\HTK_Project\clock-temp-touch\IO.h"
 137  0029  3694        	clr [20].5
 137  002A  35F0        	clr [112].3
 137  002B  3470        	clr [112].0
 137  002C  3524        	clr [36].2
"File: IO.h          Assembler  Version HGASM0202      Page 19

 137  002D  1700     R  	sdza _DispSetTimer_2[1]
 137  002E  2800     R  	jmp _L90
 137  002F  0700     R  	mov a,_TM1[0]
 137  0030  0080     E  	mov ra,a
 137  0031  0700     E  	mov a,ra
 137  0032  2000     R  	call _Displayer
 137  0033  3694        	clr [20].5
 137  0034  35F0        	clr [112].3
 137  0035  3070        	set [112].0
 137  0036  2800     R  	jmp _L102
 137  0037              _L94:
 138  0037              #line 138 "C:\Users\hamed\OneDrive\Documents\HTK_Project\clock-temp-touch\IO.h"
 138  0037  3694        	clr [20].5
 138  0038  35F0        	clr [112].3
 138  0039  3470        	clr [112].0
 138  003A  3524        	clr [36].2
 138  003B  1700     R  	sdza _DispSetTimer_2[0]
 138  003C  2800     R  	jmp _L90
 138  003D  0F00        	mov a,0
 138  003E  2000     R  	call _Displayer
 138  003F  3694        	clr [20].5
 138  0040  31F0        	set [112].3
 138  0041  2800     R  	jmp _L103
 138  0042              _L95:
 139  0042              #line 139 "C:\Users\hamed\OneDrive\Documents\HTK_Project\clock-temp-touch\IO.h"
 139  0042  3694        	clr [20].5
 139  0043  35F0        	clr [112].3
 139  0044  3470        	clr [112].0
 139  0045  3524        	clr [36].2
 139  0046  1700     R  	sdza _DispSetTimer_2[0]
 139  0047  2800     R  	jmp _L90
 139  0048  0700     R  	mov a,_TM2[0]
 139  0049  0080     E  	mov ra,a
 139  004A  0700     E  	mov a,ra
 139  004B  2000     R  	call _Displayer
 139  004C  3294        	set [20].5
 139  004D  2800     R  	jmp _L104
 139  004E              _L105:
 140  004E              #line 140 "C:\Users\hamed\OneDrive\Documents\HTK_Project\clock-temp-touch\IO.h"
 140  004E  3694        	clr [20].5
 140  004F  35F0        	clr [112].3
 140  0050  3470        	clr [112].0
 140  0051  3524        	clr [36].2
 140  0052  1700     R  	sdza _DispSetTimer_2[0]
 140  0053  2800     R  	jmp _L100
 140  0054  3014        	set [20].0
 140  0055  1F00     E  	clr ra
 140  0056  3C00     R  	sz _Seg1
 140  0057  3000     E  	set ra.0
 140  0058  0700     E  	mov a,ra
 140  0059  0380     E  	addm a,ra
 140  005A  3494        	clr [20].1
 140  005B  0700     E  	mov a,ra
 140  005C  0594        	orm a,[20]
 140  005D  1F00     E  	clr rb
 140  005E  3C00     R  	sz _Seg2
 140  005F  3000     E  	set rb.0
 140  0060  1F00     E  	clr ra
 140  0061  1080     E  	sz rb
 140  0062  3000     E  	set ra.2
"File: IO.h          Assembler  Version HGASM0202      Page 20

 140  0063  3570        	clr [112].2
 140  0064  0700     E  	mov a,ra
 140  0065  05F0        	orm a,[112]
 140  0066  1F00     E  	clr ra
 140  0067  3C00     R  	sz _Seg3
 140  0068  3000     E  	set ra.0
 140  0069  0700     E  	mov a,ra
 140  006A  0380     E  	addm a,ra
 140  006B  34F0        	clr [112].1
 140  006C  0700     E  	mov a,ra
 140  006D  05F0        	orm a,[112]
 140  006E  31A4        	set [36].3
 140  006F  3394        	set [20].7
 140  0070  3314        	set [20].6
 140  0071  3694        	clr [20].5
 140  0072  35F0        	clr [112].3
 140  0073  3470        	clr [112].0
 140  0074  3524        	clr [36].2
 140  0075              _L100:
 140  0075  1F00     R  	clr _Disp[0]
 140  0076  2800     R  	jmp _L90
 140  0077              _L101:
 141  0077              #line 141 "C:\Users\hamed\OneDrive\Documents\HTK_Project\clock-temp-touch\IO.h"
 141  0077  3800     R  	snz _Litgh
 141  0078  2800     R  	jmp _L90
 141  0079  3694        	clr [20].5
 141  007A              _L104:
 141  007A  35F0        	clr [112].3
 141  007B              _L103:
 141  007B  3470        	clr [112].0
 141  007C              _L102:
 141  007C  3524        	clr [36].2
 141  007D              _L90:
 141  007D  0003        	ret
 141  007E              _DispSetTimer endp
 141  007E              #line 141 "C:\Users\hamed\OneDrive\Documents\HTK_Project\clock-temp-touch\IO.h"
 141  007E              #pragma debug scope 1 1
 141  007E              public _DispSetTime
 141  007E              #pragma debug scope 13 1
 146  007E              #line 146 "C:\Users\hamed\OneDrive\Documents\HTK_Project\clock-temp-touch\IO.h"
 146  0000              _DispSetTime .section 'code'
 146  0000              _DispSetTime proc
 146  0000  00              local _DispSetTime_2 db 1 dup(?)	; 0,1
 147  0001              #line 147 "C:\Users\hamed\OneDrive\Documents\HTK_Project\clock-temp-touch\IO.h"
 147  0000  3800     R  	snz _Belinker
 147  0001  2800     R  	jmp _L107
 147  0002              #line 147 "C:\Users\hamed\OneDrive\Documents\HTK_Project\clock-temp-touch\IO.h"
 147  0002  1480     R  	inc _Disp[0]
 147  0003  2800     R  	jmp _L108
 147  0004              _L107:
 147  0004  0F19        	mov a,25
 147  0005  0080     R  	mov _Disp[0],a
 147  0006              _L108:
 148  0006              #line 148 "C:\Users\hamed\OneDrive\Documents\HTK_Project\clock-temp-touch\IO.h"
 148  0006  0700     R  	mov a,_Disp[0]
 148  0007  0080     R  	mov _DispSetTime_2[0],a
 148  0008  0700     R  	mov a,_DispSetTime_2[0]
 148  0009  0A05        	sub a,5
 148  000A  3D0A        	sz z
 148  000B  2800     R  	jmp _L110
"File: IO.h          Assembler  Version HGASM0202      Page 21

 148  000C  0A05        	sub a,(10)-(5)
 148  000D  3D0A        	sz z
 148  000E  2800     R  	jmp _L111
 148  000F  0700     R  	mov a,_DispSetTime_2[0]
 148  0010  0A0F        	sub a,15
 148  0011  3D0A        	sz z
 148  0012  2800     R  	jmp _L112
 148  0013  0A05        	sub a,(20)-(15)
 148  0014  3D0A        	sz z
 148  0015  2800     R  	jmp _L119
 148  0016  0700     R  	mov a,_DispSetTime_2[0]
 148  0017  0A19        	sub a,25
 148  0018  390A        	snz z
 148  0019  2800     R  	jmp _L116
 154  001A              #line 154 "C:\Users\hamed\OneDrive\Documents\HTK_Project\clock-temp-touch\IO.h"
 154  001A  3694        	clr [20].5
 154  001B  35F0        	clr [112].3
 154  001C  3470        	clr [112].0
 154  001D  3524        	clr [36].2
 154  001E  1F00     R  	clr _Disp[0]
 154  001F  2800     R  	jmp _L106
 154  0020              _L110:
 150  0020              #line 150 "C:\Users\hamed\OneDrive\Documents\HTK_Project\clock-temp-touch\IO.h"
 150  0020  3694        	clr [20].5
 150  0021  35F0        	clr [112].3
 150  0022  3470        	clr [112].0
 150  0023  3524        	clr [36].2
 150  0024  0700     R  	mov a,_S1[0]
 150  0025  0080     E  	mov ra,a
 150  0026  0700     E  	mov a,ra
 150  0027  2000     R  	call _Displayer
 150  0028  3694        	clr [20].5
 150  0029  35F0        	clr [112].3
 150  002A  3470        	clr [112].0
 150  002B  3124        	set [36].2
 150  002C  2800     R  	jmp _L106
 150  002D              _L111:
 151  002D              #line 151 "C:\Users\hamed\OneDrive\Documents\HTK_Project\clock-temp-touch\IO.h"
 151  002D  3694        	clr [20].5
 151  002E  35F0        	clr [112].3
 151  002F  3470        	clr [112].0
 151  0030  3524        	clr [36].2
 151  0031  0700     R  	mov a,_S2[0]
 151  0032  0080     E  	mov ra,a
 151  0033  0700     E  	mov a,ra
 151  0034  2000     R  	call _Displayer
 151  0035  3694        	clr [20].5
 151  0036  35F0        	clr [112].3
 151  0037  3070        	set [112].0
 151  0038  2800     R  	jmp _L117
 151  0039              _L112:
 152  0039              #line 152 "C:\Users\hamed\OneDrive\Documents\HTK_Project\clock-temp-touch\IO.h"
 152  0039  3694        	clr [20].5
 152  003A  35F0        	clr [112].3
 152  003B  3470        	clr [112].0
 152  003C  3524        	clr [36].2
 152  003D  3014        	set [20].0
 152  003E  3094        	set [20].1
 152  003F  3570        	clr [112].2
 152  0040  30F0        	set [112].1
"File: IO.h          Assembler  Version HGASM0202      Page 22

 152  0041  35A4        	clr [36].3
 152  0042  3794        	clr [20].7
 152  0043  3714        	clr [20].6
 152  0044  3694        	clr [20].5
 152  0045  31F0        	set [112].3
 152  0046  2800     R  	jmp _L118
 152  0047              _L116:
 155  0047              #line 155 "C:\Users\hamed\OneDrive\Documents\HTK_Project\clock-temp-touch\IO.h"
 155  0047  3800     R  	snz _Litgh
 155  0048  2800     R  	jmp _L106
 155  0049              _L119:
 155  0049  3694        	clr [20].5
 155  004A  35F0        	clr [112].3
 155  004B              _L118:
 155  004B  3470        	clr [112].0
 155  004C              _L117:
 155  004C  3524        	clr [36].2
 155  004D              _L106:
 155  004D  0003        	ret
 155  004E              _DispSetTime endp
 155  004E              #line 155 "C:\Users\hamed\OneDrive\Documents\HTK_Project\clock-temp-touch\IO.h"
 155  004E              #pragma debug scope 1 1
 155  004E              public _DispSetTiming1
 155  004E              #pragma debug scope 14 1
 160  004E              #line 160 "C:\Users\hamed\OneDrive\Documents\HTK_Project\clock-temp-touch\IO.h"
 160  0000              _DispSetTiming1 .section 'code'
 160  0000              _DispSetTiming1 proc
 160  0000              public _DispSetTiming1_2
 160  0000  0003[           local _DispSetTiming1_2 db 3 dup(?)	; 1,2
            00
            ]
 160  0000  0080     R  	mov _DispSetTiming1_2[1],a
 160  0001              #pragma debug variable 7 14 _DispSetTiming1_2+1 "Blk1"
 160  0001              #pragma debug variable 7 14 _DispSetTiming1_2+0 "Blk2"
 161  0001              #line 161 "C:\Users\hamed\OneDrive\Documents\HTK_Project\clock-temp-touch\IO.h"
 161  0001  1480     R  	inc _Disp[0]
 162  0002              #line 162 "C:\Users\hamed\OneDrive\Documents\HTK_Project\clock-temp-touch\IO.h"
 162  0002  0700     R  	mov a,_Disp[0]
 162  0003  0080     R  	mov _DispSetTiming1_2[2],a
 162  0004  0700     R  	mov a,_DispSetTiming1_2[2]
 162  0005  0A05        	sub a,5
 162  0006  3D0A        	sz z
 162  0007  2800     R  	jmp _L122
 162  0008  0A05        	sub a,(10)-(5)
 162  0009  3D0A        	sz z
 162  000A  2800     R  	jmp _L123
 162  000B              #line 162 "C:\Users\hamed\OneDrive\Documents\HTK_Project\clock-temp-touch\IO.h"
 162  000B  0700     R  	mov a,_DispSetTiming1_2[2]
 162  000C  0A0F        	sub a,15
 162  000D  3D0A        	sz z
 162  000E  2800     R  	jmp _L124
 162  000F  0A05        	sub a,(20)-(15)
 162  0010  3D0A        	sz z
 162  0011  2800     R  	jmp _L125
 162  0012  0700     R  	mov a,_DispSetTiming1_2[2]
 162  0013  0A19        	sub a,25
 162  0014  390A        	snz z
 162  0015  2800     R  	jmp _L131
 162  0016  2800     R  	jmp _L135
 162  0017              _L122:
"File: IO.h          Assembler  Version HGASM0202      Page 23

 164  0017              #line 164 "C:\Users\hamed\OneDrive\Documents\HTK_Project\clock-temp-touch\IO.h"
 164  0017  3694        	clr [20].5
 164  0018  35F0        	clr [112].3
 164  0019  3470        	clr [112].0
 164  001A  3524        	clr [36].2
 164  001B  1700     R  	sdza _DispSetTiming1_2[1]
 164  001C  2800     R  	jmp _L120
 164  001D  0700     R  	mov a,_H1T1[0]
 164  001E  0080     E  	mov ra,a
 164  001F  0700     E  	mov a,ra
 164  0020  2000     R  	call _Displayer
 164  0021  3694        	clr [20].5
 164  0022  35F0        	clr [112].3
 164  0023  3470        	clr [112].0
 164  0024  3124        	set [36].2
 164  0025  2800     R  	jmp _L120
 164  0026              _L123:
 165  0026              #line 165 "C:\Users\hamed\OneDrive\Documents\HTK_Project\clock-temp-touch\IO.h"
 165  0026  3694        	clr [20].5
 165  0027  35F0        	clr [112].3
 165  0028  3470        	clr [112].0
 165  0029  3524        	clr [36].2
 165  002A  1700     R  	sdza _DispSetTiming1_2[1]
 165  002B  2800     R  	jmp _L120
 165  002C  0700     R  	mov a,_H1T2[0]
 165  002D  0080     E  	mov ra,a
 165  002E  0700     E  	mov a,ra
 165  002F  2000     R  	call _Displayer
 165  0030  3694        	clr [20].5
 165  0031  35F0        	clr [112].3
 165  0032  3070        	set [112].0
 165  0033  2800     R  	jmp _L132
 165  0034              _L124:
 166  0034              #line 166 "C:\Users\hamed\OneDrive\Documents\HTK_Project\clock-temp-touch\IO.h"
 166  0034  3694        	clr [20].5
 166  0035  35F0        	clr [112].3
 166  0036  3470        	clr [112].0
 166  0037  3524        	clr [36].2
 166  0038  1700     R  	sdza _DispSetTiming1_2[0]
 166  0039  2800     R  	jmp _L120
 166  003A  0700     R  	mov a,_N1T1[0]
 166  003B  0080     E  	mov ra,a
 166  003C  0700     E  	mov a,ra
 166  003D  2000     R  	call _Displayer
 166  003E  3694        	clr [20].5
 166  003F  31F0        	set [112].3
 166  0040  2800     R  	jmp _L133
 166  0041              _L125:
 167  0041              #line 167 "C:\Users\hamed\OneDrive\Documents\HTK_Project\clock-temp-touch\IO.h"
 167  0041  3694        	clr [20].5
 167  0042  35F0        	clr [112].3
 167  0043  3470        	clr [112].0
 167  0044  3524        	clr [36].2
 167  0045  1700     R  	sdza _DispSetTiming1_2[0]
 167  0046  2800     R  	jmp _L120
 167  0047  0700     R  	mov a,_N1T2[0]
 167  0048  0080     E  	mov ra,a
 167  0049  0700     E  	mov a,ra
 167  004A  2000     R  	call _Displayer
 167  004B  3294        	set [20].5
"File: IO.h          Assembler  Version HGASM0202      Page 24

 167  004C  2800     R  	jmp _L134
 167  004D              _L135:
 168  004D              #line 168 "C:\Users\hamed\OneDrive\Documents\HTK_Project\clock-temp-touch\IO.h"
 168  004D  3694        	clr [20].5
 168  004E  35F0        	clr [112].3
 168  004F  3470        	clr [112].0
 168  0050  3524        	clr [36].2
 168  0051  3014        	set [20].0
 168  0052  3094        	set [20].1
 168  0053  3170        	set [112].2
 168  0054  30F0        	set [112].1
 168  0055  35A4        	clr [36].3
 168  0056  3794        	clr [20].7
 168  0057  3314        	set [20].6
 168  0058  3694        	clr [20].5
 168  0059  35F0        	clr [112].3
 168  005A  3470        	clr [112].0
 168  005B  3524        	clr [36].2
 168  005C  1700     R  	sdza _DispSetTiming1_2[0]
 168  005D  2800     R  	jmp _L130
 168  005E  3014        	set [20].0
 168  005F  1F00     E  	clr ra
 168  0060  3C00     R  	sz _PM1
 168  0061  3000     E  	set ra.0
 168  0062  0700     E  	mov a,ra
 168  0063  0380     E  	addm a,ra
 168  0064  3494        	clr [20].1
 168  0065  0700     E  	mov a,ra
 168  0066  0594        	orm a,[20]
 168  0067  1F00     E  	clr rb
 168  0068  3C00     R  	sz _Seg2
 168  0069  3000     E  	set rb.0
 168  006A  1F00     E  	clr ra
 168  006B  1080     E  	sz rb
 168  006C  3000     E  	set ra.2
 168  006D  3570        	clr [112].2
 168  006E  0700     E  	mov a,ra
 168  006F  05F0        	orm a,[112]
 168  0070  1F00     E  	clr ra
 168  0071  3C00     R  	sz _Seg3
 168  0072  3000     E  	set ra.0
 168  0073  0700     E  	mov a,ra
 168  0074  0380     E  	addm a,ra
 168  0075  34F0        	clr [112].1
 168  0076  0700     E  	mov a,ra
 168  0077  05F0        	orm a,[112]
 168  0078  35A4        	clr [36].3
 168  0079  3794        	clr [20].7
 168  007A  3314        	set [20].6
 168  007B              _L130:
 168  007B  1F00     R  	clr _Disp[0]
 168  007C  2800     R  	jmp _L120
 168  007D              _L131:
 169  007D              #line 169 "C:\Users\hamed\OneDrive\Documents\HTK_Project\clock-temp-touch\IO.h"
 169  007D  3800     R  	snz _Litgh
 169  007E  2800     R  	jmp _L120
 169  007F  3694        	clr [20].5
 169  0080              _L134:
 169  0080  35F0        	clr [112].3
 169  0081              _L133:
"File: IO.h          Assembler  Version HGASM0202      Page 25

 169  0081  3470        	clr [112].0
 169  0082              _L132:
 169  0082  3524        	clr [36].2
 169  0083              _L120:
 169  0083  0003        	ret
 169  0084              _DispSetTiming1 endp
 169  0084              #line 169 "C:\Users\hamed\OneDrive\Documents\HTK_Project\clock-temp-touch\IO.h"
 169  0084              #pragma debug scope 1 1
 169  0084              public _DispSetTiming2
 169  0084              #pragma debug scope 15 1
 174  0084              #line 174 "C:\Users\hamed\OneDrive\Documents\HTK_Project\clock-temp-touch\IO.h"
 174  0000              _DispSetTiming2 .section 'code'
 174  0000              _DispSetTiming2 proc
 174  0000              public _DispSetTiming2_2
 174  0000  0003[           local _DispSetTiming2_2 db 3 dup(?)	; 1,2
            00
            ]
 174  0000  0080     R  	mov _DispSetTiming2_2[1],a
 174  0001              #pragma debug variable 7 15 _DispSetTiming2_2+1 "Blk1"
 174  0001              #pragma debug variable 7 15 _DispSetTiming2_2+0 "Blk2"
 175  0001              #line 175 "C:\Users\hamed\OneDrive\Documents\HTK_Project\clock-temp-touch\IO.h"
 175  0001  1480     R  	inc _Disp[0]
 176  0002              #line 176 "C:\Users\hamed\OneDrive\Documents\HTK_Project\clock-temp-touch\IO.h"
 176  0002  0700     R  	mov a,_Disp[0]
 176  0003  0080     R  	mov _DispSetTiming2_2[2],a
 176  0004  0700     R  	mov a,_DispSetTiming2_2[2]
 176  0005  0A05        	sub a,5
 176  0006  3D0A        	sz z
 176  0007  2800     R  	jmp _L138
 176  0008  0A05        	sub a,(10)-(5)
 176  0009  3D0A        	sz z
 176  000A  2800     R  	jmp _L139
 176  000B              #line 176 "C:\Users\hamed\OneDrive\Documents\HTK_Project\clock-temp-touch\IO.h"
 176  000B  0700     R  	mov a,_DispSetTiming2_2[2]
 176  000C  0A0F        	sub a,15
 176  000D  3D0A        	sz z
 176  000E  2800     R  	jmp _L140
 176  000F  0A05        	sub a,(20)-(15)
 176  0010  3D0A        	sz z
 176  0011  2800     R  	jmp _L141
 176  0012  0700     R  	mov a,_DispSetTiming2_2[2]
 176  0013  0A19        	sub a,25
 176  0014  390A        	snz z
 176  0015  2800     R  	jmp _L147
 176  0016  2800     R  	jmp _L151
 176  0017              _L138:
 178  0017              #line 178 "C:\Users\hamed\OneDrive\Documents\HTK_Project\clock-temp-touch\IO.h"
 178  0017  3694        	clr [20].5
 178  0018  35F0        	clr [112].3
 178  0019  3470        	clr [112].0
 178  001A  3524        	clr [36].2
 178  001B  1700     R  	sdza _DispSetTiming2_2[1]
 178  001C  2800     R  	jmp _L136
 178  001D  0700     R  	mov a,_H2T1[0]
 178  001E  0080     E  	mov ra,a
 178  001F  0700     E  	mov a,ra
 178  0020  2000     R  	call _Displayer
 178  0021  3694        	clr [20].5
 178  0022  35F0        	clr [112].3
 178  0023  3470        	clr [112].0
"File: IO.h          Assembler  Version HGASM0202      Page 26

 178  0024  3124        	set [36].2
 178  0025  2800     R  	jmp _L136
 178  0026              _L139:
 179  0026              #line 179 "C:\Users\hamed\OneDrive\Documents\HTK_Project\clock-temp-touch\IO.h"
 179  0026  3694        	clr [20].5
 179  0027  35F0        	clr [112].3
 179  0028  3470        	clr [112].0
 179  0029  3524        	clr [36].2
 179  002A  1700     R  	sdza _DispSetTiming2_2[1]
 179  002B  2800     R  	jmp _L136
 179  002C  0700     R  	mov a,_H2T2[0]
 179  002D  0080     E  	mov ra,a
 179  002E  0700     E  	mov a,ra
 179  002F  2000     R  	call _Displayer
 179  0030  3694        	clr [20].5
 179  0031  35F0        	clr [112].3
 179  0032  3070        	set [112].0
 179  0033  2800     R  	jmp _L148
 179  0034              _L140:
 180  0034              #line 180 "C:\Users\hamed\OneDrive\Documents\HTK_Project\clock-temp-touch\IO.h"
 180  0034  3694        	clr [20].5
 180  0035  35F0        	clr [112].3
 180  0036  3470        	clr [112].0
 180  0037  3524        	clr [36].2
 180  0038  1700     R  	sdza _DispSetTiming2_2[0]
 180  0039  2800     R  	jmp _L136
 180  003A  0700     R  	mov a,_N2T1[0]
 180  003B  0080     E  	mov ra,a
 180  003C  0700     E  	mov a,ra
 180  003D  2000     R  	call _Displayer
 180  003E  3694        	clr [20].5
 180  003F  31F0        	set [112].3
 180  0040  2800     R  	jmp _L149
 180  0041              _L141:
 181  0041              #line 181 "C:\Users\hamed\OneDrive\Documents\HTK_Project\clock-temp-touch\IO.h"
 181  0041  3694        	clr [20].5
 181  0042  35F0        	clr [112].3
 181  0043  3470        	clr [112].0
 181  0044  3524        	clr [36].2
 181  0045  1700     R  	sdza _DispSetTiming2_2[0]
 181  0046  2800     R  	jmp _L136
 181  0047  0700     R  	mov a,_N2T2[0]
 181  0048  0080     E  	mov ra,a
 181  0049  0700     E  	mov a,ra
 181  004A  2000     R  	call _Displayer
 181  004B  3294        	set [20].5
 181  004C  2800     R  	jmp _L150
 181  004D              _L151:
 182  004D              #line 182 "C:\Users\hamed\OneDrive\Documents\HTK_Project\clock-temp-touch\IO.h"
 182  004D  3694        	clr [20].5
 182  004E  35F0        	clr [112].3
 182  004F  3470        	clr [112].0
 182  0050  3524        	clr [36].2
 182  0051  3014        	set [20].0
 182  0052  3094        	set [20].1
 182  0053  3170        	set [112].2
 182  0054  30F0        	set [112].1
 182  0055  35A4        	clr [36].3
 182  0056  3794        	clr [20].7
 182  0057  3314        	set [20].6
"File: IO.h          Assembler  Version HGASM0202      Page 27

 182  0058  3694        	clr [20].5
 182  0059  35F0        	clr [112].3
 182  005A  3470        	clr [112].0
 182  005B  3524        	clr [36].2
 182  005C  1700     R  	sdza _DispSetTiming2_2[0]
 182  005D  2800     R  	jmp _L146
 182  005E  3014        	set [20].0
 182  005F  1F00     E  	clr ra
 182  0060  3C00     R  	sz _PM2
 182  0061  3000     E  	set ra.0
 182  0062  0700     E  	mov a,ra
 182  0063  0380     E  	addm a,ra
 182  0064  3494        	clr [20].1
 182  0065  0700     E  	mov a,ra
 182  0066  0594        	orm a,[20]
 182  0067  1F00     E  	clr rb
 182  0068  3C00     R  	sz _Seg2
 182  0069  3000     E  	set rb.0
 182  006A  1F00     E  	clr ra
 182  006B  1080     E  	sz rb
 182  006C  3000     E  	set ra.2
 182  006D  3570        	clr [112].2
 182  006E  0700     E  	mov a,ra
 182  006F  05F0        	orm a,[112]
 182  0070  1F00     E  	clr ra
 182  0071  3C00     R  	sz _Seg3
 182  0072  3000     E  	set ra.0
 182  0073  0700     E  	mov a,ra
 182  0074  0380     E  	addm a,ra
 182  0075  34F0        	clr [112].1
 182  0076  0700     E  	mov a,ra
 182  0077  05F0        	orm a,[112]
 182  0078  35A4        	clr [36].3
 182  0079  3794        	clr [20].7
 182  007A  3314        	set [20].6
 182  007B              _L146:
 182  007B  1F00     R  	clr _Disp[0]
 182  007C  2800     R  	jmp _L136
 182  007D              _L147:
 183  007D              #line 183 "C:\Users\hamed\OneDrive\Documents\HTK_Project\clock-temp-touch\IO.h"
 183  007D  3800     R  	snz _Litgh
 183  007E  2800     R  	jmp _L136
 183  007F  3694        	clr [20].5
 183  0080              _L150:
 183  0080  35F0        	clr [112].3
 183  0081              _L149:
 183  0081  3470        	clr [112].0
 183  0082              _L148:
 183  0082  3524        	clr [36].2
 183  0083              _L136:
 183  0083  0003        	ret
 183  0084              _DispSetTiming2 endp
 183  0084              #line 183 "C:\Users\hamed\OneDrive\Documents\HTK_Project\clock-temp-touch\IO.h"
 183  0084              #pragma debug scope 1 1
 183  0084              ___sadc1 equ [49]
 183  0084              ___sadc0 equ [48]
 183  0084              ___pbs0 equ [327]
 183  0084              public _ADC_INIT
 183  0084              #pragma debug scope 16 1

"File: ADC.h         Assembler  Version HGASM0202      Page 28

  64  0084              #line 64 "C:\Users\hamed\OneDrive\Documents\HTK_Project\clock-temp-touch\ADC.h"
  64  0000              _ADC_INIT .section 'code'
  64  0000              _ADC_INIT proc
  65  0000              #line 65 "C:\Users\hamed\OneDrive\Documents\HTK_Project\clock-temp-touch\ADC.h"
  65  0000  3531        	clr [49].2
  65  0001  30B1        	set [49].1
  65  0002  3431        	clr [49].0
  66  0003              #line 66 "C:\Users\hamed\OneDrive\Documents\HTK_Project\clock-temp-touch\ADC.h"
  66  0003  3631        	clr [49].4
  66  0004  31B1        	set [49].3
  67  0005              #line 67 "C:\Users\hamed\OneDrive\Documents\HTK_Project\clock-temp-touch\ADC.h"
  67  0005  3230        	set [48].4
  68  0006              #line 68 "C:\Users\hamed\OneDrive\Documents\HTK_Project\clock-temp-touch\ADC.h"
  68  0006  B0C7 0001   	lset [327].1
  68  0008  B047 0001   	lset [327].0
  69  000A              #line 69 "C:\Users\hamed\OneDrive\Documents\HTK_Project\clock-temp-touch\ADC.h"
  69  000A  36B0        	clr [48].5
  69  000B  0003        	ret
  69  000C              _ADC_INIT endp
  69  000C              #line 69 "C:\Users\hamed\OneDrive\Documents\HTK_Project\clock-temp-touch\ADC.h"
  69  000C              #pragma debug scope 1 1
  69  000C              public _ADC_SelectChannel
  69  000C              #pragma debug scope 17 1
  73  000C              #line 73 "C:\Users\hamed\OneDrive\Documents\HTK_Project\clock-temp-touch\ADC.h"
>>>>>>> 63842fd (car-light)
  73  0000              _ADC_SelectChannel .section 'code'
  73  0000              _ADC_SelectChannel proc
  73  0000  00              local _ADC_SelectChannel_2 db 1 dup(?)	; 0,1
  73  0000  0080     E  	mov ra,a
  73  0001  0080     R  	mov _ADC_SelectChannel_2[0],a
<<<<<<< HEAD
  73  0002              #pragma debug variable 8 13 _ADC_SelectChannel_2+0 "ADC_Channel"
  74  0002              #line 74 "E:\hamed\touch2\clock-temp-touch\ADC.h"
  74  0002  0F07        	mov a,7
  74  0003  0200     E  	sub a,ra
  74  0004  380A        	snz c
  74  0005  2800     R  	jmp _L65
  77  0006              #line 77 "E:\hamed\touch2\clock-temp-touch\ADC.h"
  77  0006  0FF8        	mov a,248
  77  0007  06B0        	andm a,[48]
  81  0008              #line 81 "E:\hamed\touch2\clock-temp-touch\ADC.h"
  81  0008  0700     E  	mov a,ra
  81  0009  05B0        	orm a,[48]
  81  000A              _L65:
  81  000A  0003        	ret
  81  000B              _ADC_SelectChannel endp
  81  000B              #line 81 "E:\hamed\touch2\clock-temp-touch\ADC.h"
=======
  73  0002              #pragma debug variable 8 17 _ADC_SelectChannel_2+0 "ADC_Channel"
  74  0002              #line 74 "C:\Users\hamed\OneDrive\Documents\HTK_Project\clock-temp-touch\ADC.h"
  74  0002  0F07        	mov a,7
  74  0003  0200     E  	sub a,ra
  74  0004  380A        	snz c
  74  0005  2800     R  	jmp _L153
  77  0006              #line 77 "C:\Users\hamed\OneDrive\Documents\HTK_Project\clock-temp-touch\ADC.h"
  77  0006  0FF8        	mov a,248
  77  0007  06B0        	andm a,[48]
  81  0008              #line 81 "C:\Users\hamed\OneDrive\Documents\HTK_Project\clock-temp-touch\ADC.h"
  81  0008  0700     E  	mov a,ra
  81  0009  05B0        	orm a,[48]
  81  000A              _L153:
  81  000A  0003        	ret
  81  000B              _ADC_SelectChannel endp
  81  000B              #line 81 "C:\Users\hamed\OneDrive\Documents\HTK_Project\clock-temp-touch\ADC.h"
>>>>>>> 63842fd (car-light)
  81  000B              #pragma debug scope 1 1
  81  000B              ___sadoh equ [47]
  81  000B              ___sadol equ [46]
  81  000B              public _ADC_GetValue
<<<<<<< HEAD
  81  000B              #pragma debug scope 14 1
  89  000B              #line 89 "E:\hamed\touch2\clock-temp-touch\ADC.h"
  89  0000              _ADC_GetValue .section 'code'
  89  0000              _ADC_GetValue proc
  93  0000              #line 93 "E:\hamed\touch2\clock-temp-touch\ADC.h"
  93  0000  37B0        	clr [48].7
  93  0001  33B0        	set [48].7
  93  0002  37B0        	clr [48].7
  93  0003              _L69:
  96  0003              #line 96 "E:\hamed\touch2\clock-temp-touch\ADC.h"
  96  0003  3F30        	sz [48].6
  96  0004  2800     R  	jmp _L69
  99  0005              #line 99 "E:\hamed\touch2\clock-temp-touch\ADC.h"
  99  0005  3A30        	snz [48].4
  99  0006  2800     R  	jmp _L70
 102  0007              #line 102 "E:\hamed\touch2\clock-temp-touch\ADC.h"
=======
  81  000B              #pragma debug scope 18 1
  89  000B              #line 89 "C:\Users\hamed\OneDrive\Documents\HTK_Project\clock-temp-touch\ADC.h"
  89  0000              _ADC_GetValue .section 'code'
  89  0000              _ADC_GetValue proc
  93  0000              #line 93 "C:\Users\hamed\OneDrive\Documents\HTK_Project\clock-temp-touch\ADC.h"
  93  0000  37B0        	clr [48].7
  93  0001  33B0        	set [48].7
  93  0002  37B0        	clr [48].7
  93  0003              _L157:
  96  0003              #line 96 "C:\Users\hamed\OneDrive\Documents\HTK_Project\clock-temp-touch\ADC.h"
  96  0003  3F30        	sz [48].6
"File: ADC.h         Assembler  Version HGASM0202      Page 29

  96  0004  2800     R  	jmp _L157
  99  0005              #line 99 "C:\Users\hamed\OneDrive\Documents\HTK_Project\clock-temp-touch\ADC.h"
  99  0005  3A30        	snz [48].4
  99  0006  2800     R  	jmp _L158
 102  0007              #line 102 "C:\Users\hamed\OneDrive\Documents\HTK_Project\clock-temp-touch\ADC.h"
>>>>>>> 63842fd (car-light)
 102  0007  072F        	mov a,[47]
 102  0008  0080     E  	mov rc,a
 102  0009  1F00     E  	clr rb
 102  000A  0700     E  	mov a,rc
 102  000B  0080     E  	mov re,a
 102  000C  072E        	mov a,[46]
 102  000D  0500     E  	or a,rb
 102  000E  0080     E  	mov rd,a
 102  000F  0700     E  	mov a,rd
 102  0010  0080     E  	mov ra,a
 102  0011  0700     E  	mov a,re
 102  0012  0080     E  	mov rb,a
<<<<<<< HEAD
 102  0013              _L70:
 106  0013              #line 106 "E:\hamed\touch2\clock-temp-touch\ADC.h"
 106  0013  3E30        	sz [48].4
"File: ADC.h         Assembler  Version HGASM0202      Page 16

 106  0014  2800     R  	jmp _L71
 109  0015              #line 109 "E:\hamed\touch2\clock-temp-touch\ADC.h"
=======
 102  0013              _L158:
 106  0013              #line 106 "C:\Users\hamed\OneDrive\Documents\HTK_Project\clock-temp-touch\ADC.h"
 106  0013  3E30        	sz [48].4
 106  0014  2800     R  	jmp _L159
 109  0015              #line 109 "C:\Users\hamed\OneDrive\Documents\HTK_Project\clock-temp-touch\ADC.h"
>>>>>>> 63842fd (car-light)
 109  0015  112E        	swapa [46]
 109  0016  0E0F        	and a,0fh
 109  0017  0080     E  	mov rd,a
 109  0018  1F00     E  	clr re
 109  0019  072F        	mov a,[47]
 109  001A  0080     E  	mov rb,a
 109  001B  1F00     E  	clr rc
 109  001C  0F04        	mov a,4
 109  001D              _LI1:
 109  001D  340A        	clr c
 109  001E  1A80     E  	rlc rb
 109  001F  1A80     E  	rlc rc
 109  0020  1785        	sdz acc
 109  0021  2800     R  	jmp _LI1
 109  0022  0700     E  	mov a,re
 109  0023  0500     E  	or a,rc
 109  0024  0080     E  	mov rg,a
 109  0025  0700     E  	mov a,rd
 109  0026  0500     E  	or a,rb
 109  0027  0080     E  	mov rf,a
 109  0028  0700     E  	mov a,rf
 109  0029  0080     E  	mov ra,a
 109  002A  0700     E  	mov a,rg
 109  002B  0080     E  	mov rb,a
<<<<<<< HEAD
 109  002C              _L71:
 109  002C  0003        	ret
 109  002D              _ADC_GetValue endp
 109  002D              #line 109 "E:\hamed\touch2\clock-temp-touch\ADC.h"
 109  002D              #pragma debug scope 1 1
 109  002D              public _ADC_GetChannelValue
 109  002D              #pragma debug scope 15 1
 116  002D              #line 116 "E:\hamed\touch2\clock-temp-touch\ADC.h"
=======
 109  002C              _L159:
 109  002C  0003        	ret
 109  002D              _ADC_GetValue endp
 109  002D              #line 109 "C:\Users\hamed\OneDrive\Documents\HTK_Project\clock-temp-touch\ADC.h"
 109  002D              #pragma debug scope 1 1
 109  002D              public _ADC_GetChannelValue
 109  002D              #pragma debug scope 19 1
 116  002D              #line 116 "C:\Users\hamed\OneDrive\Documents\HTK_Project\clock-temp-touch\ADC.h"
>>>>>>> 63842fd (car-light)
 116  0000              _ADC_GetChannelValue .section 'code'
 116  0000              _ADC_GetChannelValue proc
 116  0000  00              local _ADC_GetChannelValue_2 db 1 dup(?)	; 0,1
 116  0000  0080     R  	mov _ADC_GetChannelValue_2[0],a
<<<<<<< HEAD
 116  0001              #pragma debug variable 8 15 _ADC_GetChannelValue_2+0 "ADC_Channel"
 119  0001              #line 119 "E:\hamed\touch2\clock-temp-touch\ADC.h"
 119  0001  0F1F        	mov a,31
 119  0002  06B1        	andm a,[49]
 121  0003              #line 121 "E:\hamed\touch2\clock-temp-touch\ADC.h"
 121  0003  0F07        	mov a,7
 121  0004  0200     R  	sub a,_ADC_GetChannelValue_2[0]
 121  0005  380A        	snz c
 121  0006  2800     R  	jmp _L76
 123  0007              #line 123 "E:\hamed\touch2\clock-temp-touch\ADC.h"
 123  0007  0FF0        	mov a,240
 123  0008  06B0        	andm a,[48]
 125  0009              #line 125 "E:\hamed\touch2\clock-temp-touch\ADC.h"
 125  0009  0700     R  	mov a,_ADC_GetChannelValue_2[0]
 125  000A  05B0        	orm a,[48]
 125  000B  2800     R  	jmp _L77
 125  000C              _L76:
 130  000C              #line 130 "E:\hamed\touch2\clock-temp-touch\ADC.h"
 130  000C  0700     R  	mov a,_ADC_GetChannelValue_2[0]
 130  000D  05B1        	orm a,[49]
 130  000E              _L77:
 133  000E              #line 133 "E:\hamed\touch2\clock-temp-touch\ADC.h"
"File: ADC.h         Assembler  Version HGASM0202      Page 17

 133  000E  37B0        	clr [48].7
 133  000F  33B0        	set [48].7
 133  0010  37B0        	clr [48].7
 133  0011              _L79:
 135  0011              #line 135 "E:\hamed\touch2\clock-temp-touch\ADC.h"
 135  0011  3F30        	sz [48].6
 135  0012  2800     R  	jmp _L79
 137  0013              #line 137 "E:\hamed\touch2\clock-temp-touch\ADC.h"
 137  0013  3A30        	snz [48].4
 137  0014  2800     R  	jmp _L80
 139  0015              #line 139 "E:\hamed\touch2\clock-temp-touch\ADC.h"
=======
 116  0001              #pragma debug variable 8 19 _ADC_GetChannelValue_2+0 "ADC_Channel"
 119  0001              #line 119 "C:\Users\hamed\OneDrive\Documents\HTK_Project\clock-temp-touch\ADC.h"
"File: ADC.h         Assembler  Version HGASM0202      Page 30

 119  0001  0F1F        	mov a,31
 119  0002  06B1        	andm a,[49]
 121  0003              #line 121 "C:\Users\hamed\OneDrive\Documents\HTK_Project\clock-temp-touch\ADC.h"
 121  0003  0F07        	mov a,7
 121  0004  0200     R  	sub a,_ADC_GetChannelValue_2[0]
 121  0005  380A        	snz c
 121  0006  2800     R  	jmp _L164
 123  0007              #line 123 "C:\Users\hamed\OneDrive\Documents\HTK_Project\clock-temp-touch\ADC.h"
 123  0007  0FF0        	mov a,240
 123  0008  06B0        	andm a,[48]
 125  0009              #line 125 "C:\Users\hamed\OneDrive\Documents\HTK_Project\clock-temp-touch\ADC.h"
 125  0009  0700     R  	mov a,_ADC_GetChannelValue_2[0]
 125  000A  05B0        	orm a,[48]
 125  000B  2800     R  	jmp _L165
 125  000C              _L164:
 130  000C              #line 130 "C:\Users\hamed\OneDrive\Documents\HTK_Project\clock-temp-touch\ADC.h"
 130  000C  0700     R  	mov a,_ADC_GetChannelValue_2[0]
 130  000D  05B1        	orm a,[49]
 130  000E              _L165:
 133  000E              #line 133 "C:\Users\hamed\OneDrive\Documents\HTK_Project\clock-temp-touch\ADC.h"
 133  000E  37B0        	clr [48].7
 133  000F  33B0        	set [48].7
 133  0010  37B0        	clr [48].7
 133  0011              _L167:
 135  0011              #line 135 "C:\Users\hamed\OneDrive\Documents\HTK_Project\clock-temp-touch\ADC.h"
 135  0011  3F30        	sz [48].6
 135  0012  2800     R  	jmp _L167
 137  0013              #line 137 "C:\Users\hamed\OneDrive\Documents\HTK_Project\clock-temp-touch\ADC.h"
 137  0013  3A30        	snz [48].4
 137  0014  2800     R  	jmp _L168
 139  0015              #line 139 "C:\Users\hamed\OneDrive\Documents\HTK_Project\clock-temp-touch\ADC.h"
>>>>>>> 63842fd (car-light)
 139  0015  072F        	mov a,[47]
 139  0016  0080     E  	mov rc,a
 139  0017  1F00     E  	clr rb
 139  0018  0700     E  	mov a,rc
 139  0019  0080     E  	mov re,a
 139  001A  072E        	mov a,[46]
 139  001B  0500     E  	or a,rb
 139  001C  0080     E  	mov rd,a
 139  001D  0700     E  	mov a,rd
 139  001E  0080     E  	mov ra,a
 139  001F  0700     E  	mov a,re
 139  0020  0080     E  	mov rb,a
<<<<<<< HEAD
 139  0021              _L80:
 142  0021              #line 142 "E:\hamed\touch2\clock-temp-touch\ADC.h"
 142  0021  3E30        	sz [48].4
 142  0022  2800     R  	jmp _L81
 144  0023              #line 144 "E:\hamed\touch2\clock-temp-touch\ADC.h"
=======
 139  0021              _L168:
 142  0021              #line 142 "C:\Users\hamed\OneDrive\Documents\HTK_Project\clock-temp-touch\ADC.h"
 142  0021  3E30        	sz [48].4
 142  0022  2800     R  	jmp _L169
 144  0023              #line 144 "C:\Users\hamed\OneDrive\Documents\HTK_Project\clock-temp-touch\ADC.h"
>>>>>>> 63842fd (car-light)
 144  0023  112E        	swapa [46]
 144  0024  0E0F        	and a,0fh
 144  0025  0080     E  	mov rd,a
 144  0026  1F00     E  	clr re
 144  0027  072F        	mov a,[47]
 144  0028  0080     E  	mov rb,a
 144  0029  1F00     E  	clr rc
 144  002A  0F04        	mov a,4
 144  002B              _LI2:
 144  002B  340A        	clr c
 144  002C  1A80     E  	rlc rb
 144  002D  1A80     E  	rlc rc
<<<<<<< HEAD
=======
"File: ADC.h         Assembler  Version HGASM0202      Page 31

>>>>>>> 63842fd (car-light)
 144  002E  1785        	sdz acc
 144  002F  2800     R  	jmp _LI2
 144  0030  0700     E  	mov a,re
 144  0031  0500     E  	or a,rc
 144  0032  0080     E  	mov rg,a
 144  0033  0700     E  	mov a,rd
 144  0034  0500     E  	or a,rb
 144  0035  0080     E  	mov rf,a
 144  0036  0700     E  	mov a,rf
 144  0037  0080     E  	mov ra,a
 144  0038  0700     E  	mov a,rg
 144  0039  0080     E  	mov rb,a
<<<<<<< HEAD
 144  003A              _L81:
 144  003A  0003        	ret
 144  003B              _ADC_GetChannelValue endp
 144  003B              #line 144 "E:\hamed\touch2\clock-temp-touch\ADC.h"
 144  003B              #pragma debug scope 1 1
 144  003B              public _NTC_MAP
 144  003B              #pragma debug scope 16 1
 166  003B              #line 166 "E:\hamed\touch2\clock-temp-touch\ADC.h"
"File: ADC.h         Assembler  Version HGASM0202      Page 18

=======
 144  003A              _L169:
 144  003A  0003        	ret
 144  003B              _ADC_GetChannelValue endp
 144  003B              #line 144 "C:\Users\hamed\OneDrive\Documents\HTK_Project\clock-temp-touch\ADC.h"
 144  003B              #pragma debug scope 1 1
 144  003B              public _NTC_MAP
 144  003B              #pragma debug scope 20 1
 166  003B              #line 166 "C:\Users\hamed\OneDrive\Documents\HTK_Project\clock-temp-touch\ADC.h"
>>>>>>> 63842fd (car-light)
 166  0000              _NTC_MAP .section 'code'
 166  0000              _NTC_MAP proc
 166  0000  0003[           local _NTC_MAP_2 db 3 dup(?)	; 0,3
            00
            ]
<<<<<<< HEAD
 166  0003              #pragma debug variable 12 16 _NTC_MAP_2+1 "NTC_Backup"
 169  0003              #line 169 "E:\hamed\touch2\clock-temp-touch\ADC.h"
 169  0000  32B0        	set [48].5
 169  0001  0F05        	mov a,5
 169  0002  0080     R  	mov _NTC_MAP_2[0],a
 167  0003              #line 167 "E:\hamed\touch2\clock-temp-touch\ADC.h"
 167  0003  1F00     R  	clr _NTC_MAP_2[1]
 167  0004  1F00     R  	clr _NTC_MAP_2[2]
 167  0005              _L87:
 172  0005              #line 172 "E:\hamed\touch2\clock-temp-touch\ADC.h"
 172  0005  0F00        	mov a,0
 172  0006  2000     R  	call _ADC_GetChannelValue
 174  0007              #line 174 "E:\hamed\touch2\clock-temp-touch\ADC.h"
=======
 166  0003              #pragma debug variable 12 20 _NTC_MAP_2+1 "NTC_Backup"
 169  0003              #line 169 "C:\Users\hamed\OneDrive\Documents\HTK_Project\clock-temp-touch\ADC.h"
 169  0000  32B0        	set [48].5
 169  0001  0F05        	mov a,5
 169  0002  0080     R  	mov _NTC_MAP_2[0],a
 167  0003              #line 167 "C:\Users\hamed\OneDrive\Documents\HTK_Project\clock-temp-touch\ADC.h"
 167  0003  1F00     R  	clr _NTC_MAP_2[1]
 167  0004  1F00     R  	clr _NTC_MAP_2[2]
 167  0005              _L175:
 172  0005              #line 172 "C:\Users\hamed\OneDrive\Documents\HTK_Project\clock-temp-touch\ADC.h"
 172  0005  0F00        	mov a,0
 172  0006  2000     R  	call _ADC_GetChannelValue
 174  0007              #line 174 "C:\Users\hamed\OneDrive\Documents\HTK_Project\clock-temp-touch\ADC.h"
>>>>>>> 63842fd (car-light)
 174  0007  0700     E  	mov a,ra
 174  0008  0380     R  	addm a,_NTC_MAP_2[1]
 174  0009  0700     E  	mov a,rb
 174  000A  1380     R  	adcm a,_NTC_MAP_2[2]
<<<<<<< HEAD
 175  000B              #line 175 "E:\hamed\touch2\clock-temp-touch\ADC.h"
 175  000B              ;# 175 "E:\hamed\touch2\clock-temp-touch\ADC.h" 1
 175  000B              	IF 1000>263690
 175  000B              ;# 175 "E:\hamed\touch2\clock-temp-touch\ADC.h" 1
 175  000B              	ERRMESSAGE 'the value 1000of the argument exceeds the maxinum 263690'
 175  000B              	ENDIF
 175  000B              ;# 175 "E:\hamed\touch2\clock-temp-touch\ADC.h" 1
 175  000B              	IF 1000<0
 175  000B              ;# 175 "E:\hamed\touch2\clock-temp-touch\ADC.h" 1
 175  000B              	ERRMESSAGE 'the value 1000 of the argument exceeds the mininum 0'
 175  000B              	ENDIF
 175  000B              ;# 175 "E:\hamed\touch2\clock-temp-touch\ADC.h" 1
 175  000B              	IF 1000==0
 175  000B              ;# 175 "E:\hamed\touch2\clock-temp-touch\ADC.h" 1
 175  000B              	JMP $
 175  000B              	ENDIF
 175  000B              ;# 175 "E:\hamed\touch2\clock-temp-touch\ADC.h" 1
 175  000B              	IF 1000==1
 175  000B              ;# 175 "E:\hamed\touch2\clock-temp-touch\ADC.h" 1
 175  000B              	NOP
 175  000B              	ENDIF
 175  000B              ;# 175 "E:\hamed\touch2\clock-temp-touch\ADC.h" 1
 175  000B              	IF 1000==2
 175  000B              ;# 175 "E:\hamed\touch2\clock-temp-touch\ADC.h" 1
 175  000B              	NOP
 175  000B              ;# 175 "E:\hamed\touch2\clock-temp-touch\ADC.h" 1
 175  000B              	NOP
 175  000B              	ENDIF
 175  000B              ;# 175 "E:\hamed\touch2\clock-temp-touch\ADC.h" 1
 175  000B              	IF 1000==3
 175  000B              ;# 175 "E:\hamed\touch2\clock-temp-touch\ADC.h" 1
 175  000B              	NOP
 175  000B              ;# 175 "E:\hamed\touch2\clock-temp-touch\ADC.h" 1
 175  000B              	NOP
 175  000B              ;# 175 "E:\hamed\touch2\clock-temp-touch\ADC.h" 1
 175  000B              	NOP
 175  000B              	ENDIF
 175  000B              ;# 175 "E:\hamed\touch2\clock-temp-touch\ADC.h" 1
"File: ADC.h         Assembler  Version HGASM0202      Page 19

 175  000B              	IF (1000<8) AND (1000>3)
 175  000B              ;# 175 "E:\hamed\touch2\clock-temp-touch\ADC.h" 1
 175  000B              	CALL __DELAY3 + 7 -1000
 175  000B              	ENDIF
 175  000B              ;# 175 "E:\hamed\touch2\clock-temp-touch\ADC.h" 1
 175  000B              	IF (1000< 0404h) AND (1000>7)
 175  000B              ;# 175 "E:\hamed\touch2\clock-temp-touch\ADC.h" 1
 175  000B  0FF9        	MOV A,1000/4-1
 175  000C              ;# 175 "E:\hamed\touch2\clock-temp-touch\ADC.h" 1
 175  000C  2000     E  	CALL __DELAYX3 + 3 -(1000 MOD 4)
 175  000D              	ENDIF
 175  000D              ;# 175 "E:\hamed\touch2\clock-temp-touch\ADC.h" 1
 175  000D              	IF (1000< 0x40B) AND (1000> 0403h)
 175  000D              ;# 175 "E:\hamed\touch2\clock-temp-touch\ADC.h" 1
 175  000D              	MOV A,0 
 175  000D              ;# 175 "E:\hamed\touch2\clock-temp-touch\ADC.h" 1
 175  000D              	CALL __DELAYX6 + 0x40a -1000
 175  000D              	ENDIF
 175  000D              ;# 175 "E:\hamed\touch2\clock-temp-touch\ADC.h" 1
 175  000D              	IF (1000 >= 0x40b) AND ((((1000-9)%0402h)/4+1)>256)
 175  000D              ;# 175 "E:\hamed\touch2\clock-temp-touch\ADC.h" 1
 175  000D              	MOV A,(1000-9)/0402h
 175  000D              ;# 175 "E:\hamed\touch2\clock-temp-touch\ADC.h" 1
 175  000D              	MOV _builtin_holtek_delay_2,A
 175  000D              ;# 175 "E:\hamed\touch2\clock-temp-touch\ADC.h" 1
 175  000D              	MOV A,0
 175  000D              ;# 175 "E:\hamed\touch2\clock-temp-touch\ADC.h" 1
 175  000D              	CALL __DELAYY5 +5- (((1000-9)%0402h)%6)
 175  000D              	ENDIF
 175  000D              ;# 175 "E:\hamed\touch2\clock-temp-touch\ADC.h" 1
 175  000D              	IF (1000 >= 0x40b) AND ((((1000-9)%0402h)/4+1)<=256)
 175  000D              ;# 175 "E:\hamed\touch2\clock-temp-touch\ADC.h" 1
 175  000D              	MOV A,(1000-9)/0402h
 175  000D              ;# 175 "E:\hamed\touch2\clock-temp-touch\ADC.h" 1
 175  000D              	MOV _builtin_holtek_delay_2,A
 175  000D              ;# 175 "E:\hamed\touch2\clock-temp-touch\ADC.h" 1
 175  000D              	MOV A,((1000-9)%0402h)/4+1
 175  000D              ;# 175 "E:\hamed\touch2\clock-temp-touch\ADC.h" 1
 175  000D              	CALL __DELAYY3 +3-(((1000-9)%0402h)%4)
 175  000D              	ENDIF
 176  000D              #line 176 "E:\hamed\touch2\clock-temp-touch\ADC.h"
 176  000D              ;# 176 "E:\hamed\touch2\clock-temp-touch\ADC.h" 1
 176  000D              	IF 1000>263690
 176  000D              ;# 176 "E:\hamed\touch2\clock-temp-touch\ADC.h" 1
 176  000D              	ERRMESSAGE 'the value 1000of the argument exceeds the maxinum 263690'
 176  000D              	ENDIF
 176  000D              ;# 176 "E:\hamed\touch2\clock-temp-touch\ADC.h" 1
 176  000D              	IF 1000<0
 176  000D              ;# 176 "E:\hamed\touch2\clock-temp-touch\ADC.h" 1
 176  000D              	ERRMESSAGE 'the value 1000 of the argument exceeds the mininum 0'
 176  000D              	ENDIF
 176  000D              ;# 176 "E:\hamed\touch2\clock-temp-touch\ADC.h" 1
 176  000D              	IF 1000==0
 176  000D              ;# 176 "E:\hamed\touch2\clock-temp-touch\ADC.h" 1
 176  000D              	JMP $
 176  000D              	ENDIF
 176  000D              ;# 176 "E:\hamed\touch2\clock-temp-touch\ADC.h" 1
 176  000D              	IF 1000==1
 176  000D              ;# 176 "E:\hamed\touch2\clock-temp-touch\ADC.h" 1
 176  000D              	NOP
"File: ADC.h         Assembler  Version HGASM0202      Page 20

 176  000D              	ENDIF
 176  000D              ;# 176 "E:\hamed\touch2\clock-temp-touch\ADC.h" 1
 176  000D              	IF 1000==2
 176  000D              ;# 176 "E:\hamed\touch2\clock-temp-touch\ADC.h" 1
 176  000D              	NOP
 176  000D              ;# 176 "E:\hamed\touch2\clock-temp-touch\ADC.h" 1
 176  000D              	NOP
 176  000D              	ENDIF
 176  000D              ;# 176 "E:\hamed\touch2\clock-temp-touch\ADC.h" 1
 176  000D              	IF 1000==3
 176  000D              ;# 176 "E:\hamed\touch2\clock-temp-touch\ADC.h" 1
 176  000D              	NOP
 176  000D              ;# 176 "E:\hamed\touch2\clock-temp-touch\ADC.h" 1
 176  000D              	NOP
 176  000D              ;# 176 "E:\hamed\touch2\clock-temp-touch\ADC.h" 1
 176  000D              	NOP
 176  000D              	ENDIF
 176  000D              ;# 176 "E:\hamed\touch2\clock-temp-touch\ADC.h" 1
 176  000D              	IF (1000<8) AND (1000>3)
 176  000D              ;# 176 "E:\hamed\touch2\clock-temp-touch\ADC.h" 1
 176  000D              	CALL __DELAY3 + 7 -1000
 176  000D              	ENDIF
 176  000D              ;# 176 "E:\hamed\touch2\clock-temp-touch\ADC.h" 1
 176  000D              	IF (1000< 0404h) AND (1000>7)
 176  000D              ;# 176 "E:\hamed\touch2\clock-temp-touch\ADC.h" 1
 176  000D  0FF9        	MOV A,1000/4-1
 176  000E              ;# 176 "E:\hamed\touch2\clock-temp-touch\ADC.h" 1
 176  000E  2000     E  	CALL __DELAYX3 + 3 -(1000 MOD 4)
 176  000F              	ENDIF
 176  000F              ;# 176 "E:\hamed\touch2\clock-temp-touch\ADC.h" 1
 176  000F              	IF (1000< 0x40B) AND (1000> 0403h)
 176  000F              ;# 176 "E:\hamed\touch2\clock-temp-touch\ADC.h" 1
 176  000F              	MOV A,0 
 176  000F              ;# 176 "E:\hamed\touch2\clock-temp-touch\ADC.h" 1
 176  000F              	CALL __DELAYX6 + 0x40a -1000
 176  000F              	ENDIF
 176  000F              ;# 176 "E:\hamed\touch2\clock-temp-touch\ADC.h" 1
 176  000F              	IF (1000 >= 0x40b) AND ((((1000-9)%0402h)/4+1)>256)
 176  000F              ;# 176 "E:\hamed\touch2\clock-temp-touch\ADC.h" 1
 176  000F              	MOV A,(1000-9)/0402h
 176  000F              ;# 176 "E:\hamed\touch2\clock-temp-touch\ADC.h" 1
 176  000F              	MOV _builtin_holtek_delay_2,A
 176  000F              ;# 176 "E:\hamed\touch2\clock-temp-touch\ADC.h" 1
 176  000F              	MOV A,0
 176  000F              ;# 176 "E:\hamed\touch2\clock-temp-touch\ADC.h" 1
 176  000F              	CALL __DELAYY5 +5- (((1000-9)%0402h)%6)
 176  000F              	ENDIF
 176  000F              ;# 176 "E:\hamed\touch2\clock-temp-touch\ADC.h" 1
 176  000F              	IF (1000 >= 0x40b) AND ((((1000-9)%0402h)/4+1)<=256)
 176  000F              ;# 176 "E:\hamed\touch2\clock-temp-touch\ADC.h" 1
 176  000F              	MOV A,(1000-9)/0402h
 176  000F              ;# 176 "E:\hamed\touch2\clock-temp-touch\ADC.h" 1
 176  000F              	MOV _builtin_holtek_delay_2,A
 176  000F              ;# 176 "E:\hamed\touch2\clock-temp-touch\ADC.h" 1
 176  000F              	MOV A,((1000-9)%0402h)/4+1
 176  000F              ;# 176 "E:\hamed\touch2\clock-temp-touch\ADC.h" 1
 176  000F              	CALL __DELAYY3 +3-(((1000-9)%0402h)%4)
 176  000F              	ENDIF
 176  000F  1780     R  	sdz _NTC_MAP_2[0]
 176  0010  2800     R  	jmp _L87
"File: ADC.h         Assembler  Version HGASM0202      Page 21

 179  0011              #line 179 "E:\hamed\touch2\clock-temp-touch\ADC.h"
 179  0011  36B0        	clr [48].5
 180  0012              #line 180 "E:\hamed\touch2\clock-temp-touch\ADC.h"
=======
 175  000B              #line 175 "C:\Users\hamed\OneDrive\Documents\HTK_Project\clock-temp-touch\ADC.h"
 175  000B              ;# 175 "C:\Users\hamed\OneDrive\Documents\HTK_Project\clock-temp-touch\ADC.h" 1
 175  000B              	IF 1000>263690
 175  000B              ;# 175 "C:\Users\hamed\OneDrive\Documents\HTK_Project\clock-temp-touch\ADC.h" 1
 175  000B              	ERRMESSAGE 'the value 1000of the argument exceeds the maxinum 263690'
 175  000B              	ENDIF
 175  000B              ;# 175 "C:\Users\hamed\OneDrive\Documents\HTK_Project\clock-temp-touch\ADC.h" 1
 175  000B              	IF 1000<0
 175  000B              ;# 175 "C:\Users\hamed\OneDrive\Documents\HTK_Project\clock-temp-touch\ADC.h" 1
 175  000B              	ERRMESSAGE 'the value 1000 of the argument exceeds the mininum 0'
 175  000B              	ENDIF
 175  000B              ;# 175 "C:\Users\hamed\OneDrive\Documents\HTK_Project\clock-temp-touch\ADC.h" 1
 175  000B              	IF 1000==0
 175  000B              ;# 175 "C:\Users\hamed\OneDrive\Documents\HTK_Project\clock-temp-touch\ADC.h" 1
 175  000B              	JMP $
 175  000B              	ENDIF
 175  000B              ;# 175 "C:\Users\hamed\OneDrive\Documents\HTK_Project\clock-temp-touch\ADC.h" 1
 175  000B              	IF 1000==1
"File: ADC.h         Assembler  Version HGASM0202      Page 32

 175  000B              ;# 175 "C:\Users\hamed\OneDrive\Documents\HTK_Project\clock-temp-touch\ADC.h" 1
 175  000B              	NOP
 175  000B              	ENDIF
 175  000B              ;# 175 "C:\Users\hamed\OneDrive\Documents\HTK_Project\clock-temp-touch\ADC.h" 1
 175  000B              	IF 1000==2
 175  000B              ;# 175 "C:\Users\hamed\OneDrive\Documents\HTK_Project\clock-temp-touch\ADC.h" 1
 175  000B              	NOP
 175  000B              ;# 175 "C:\Users\hamed\OneDrive\Documents\HTK_Project\clock-temp-touch\ADC.h" 1
 175  000B              	NOP
 175  000B              	ENDIF
 175  000B              ;# 175 "C:\Users\hamed\OneDrive\Documents\HTK_Project\clock-temp-touch\ADC.h" 1
 175  000B              	IF 1000==3
 175  000B              ;# 175 "C:\Users\hamed\OneDrive\Documents\HTK_Project\clock-temp-touch\ADC.h" 1
 175  000B              	NOP
 175  000B              ;# 175 "C:\Users\hamed\OneDrive\Documents\HTK_Project\clock-temp-touch\ADC.h" 1
 175  000B              	NOP
 175  000B              ;# 175 "C:\Users\hamed\OneDrive\Documents\HTK_Project\clock-temp-touch\ADC.h" 1
 175  000B              	NOP
 175  000B              	ENDIF
 175  000B              ;# 175 "C:\Users\hamed\OneDrive\Documents\HTK_Project\clock-temp-touch\ADC.h" 1
 175  000B              	IF (1000<8) AND (1000>3)
 175  000B              ;# 175 "C:\Users\hamed\OneDrive\Documents\HTK_Project\clock-temp-touch\ADC.h" 1
 175  000B              	CALL __DELAY3 + 7 -1000
 175  000B              	ENDIF
 175  000B              ;# 175 "C:\Users\hamed\OneDrive\Documents\HTK_Project\clock-temp-touch\ADC.h" 1
 175  000B              	IF (1000< 0404h) AND (1000>7)
 175  000B              ;# 175 "C:\Users\hamed\OneDrive\Documents\HTK_Project\clock-temp-touch\ADC.h" 1
 175  000B  0FF9        	MOV A,1000/4-1
 175  000C              ;# 175 "C:\Users\hamed\OneDrive\Documents\HTK_Project\clock-temp-touch\ADC.h" 1
 175  000C  2000     E  	CALL __DELAYX3 + 3 -(1000 MOD 4)
 175  000D              	ENDIF
 175  000D              ;# 175 "C:\Users\hamed\OneDrive\Documents\HTK_Project\clock-temp-touch\ADC.h" 1
 175  000D              	IF (1000< 0x40B) AND (1000> 0403h)
 175  000D              ;# 175 "C:\Users\hamed\OneDrive\Documents\HTK_Project\clock-temp-touch\ADC.h" 1
 175  000D              	MOV A,0 
 175  000D              ;# 175 "C:\Users\hamed\OneDrive\Documents\HTK_Project\clock-temp-touch\ADC.h" 1
 175  000D              	CALL __DELAYX6 + 0x40a -1000
 175  000D              	ENDIF
 175  000D              ;# 175 "C:\Users\hamed\OneDrive\Documents\HTK_Project\clock-temp-touch\ADC.h" 1
 175  000D              	IF (1000 >= 0x40b) AND ((((1000-9)%0402h)/4+1)>256)
 175  000D              ;# 175 "C:\Users\hamed\OneDrive\Documents\HTK_Project\clock-temp-touch\ADC.h" 1
 175  000D              	MOV A,(1000-9)/0402h
 175  000D              ;# 175 "C:\Users\hamed\OneDrive\Documents\HTK_Project\clock-temp-touch\ADC.h" 1
 175  000D              	MOV _builtin_holtek_delay_2,A
 175  000D              ;# 175 "C:\Users\hamed\OneDrive\Documents\HTK_Project\clock-temp-touch\ADC.h" 1
 175  000D              	MOV A,0
 175  000D              ;# 175 "C:\Users\hamed\OneDrive\Documents\HTK_Project\clock-temp-touch\ADC.h" 1
 175  000D              	CALL __DELAYY5 +5- (((1000-9)%0402h)%6)
 175  000D              	ENDIF
 175  000D              ;# 175 "C:\Users\hamed\OneDrive\Documents\HTK_Project\clock-temp-touch\ADC.h" 1
 175  000D              	IF (1000 >= 0x40b) AND ((((1000-9)%0402h)/4+1)<=256)
 175  000D              ;# 175 "C:\Users\hamed\OneDrive\Documents\HTK_Project\clock-temp-touch\ADC.h" 1
 175  000D              	MOV A,(1000-9)/0402h
 175  000D              ;# 175 "C:\Users\hamed\OneDrive\Documents\HTK_Project\clock-temp-touch\ADC.h" 1
 175  000D              	MOV _builtin_holtek_delay_2,A
 175  000D              ;# 175 "C:\Users\hamed\OneDrive\Documents\HTK_Project\clock-temp-touch\ADC.h" 1
 175  000D              	MOV A,((1000-9)%0402h)/4+1
 175  000D              ;# 175 "C:\Users\hamed\OneDrive\Documents\HTK_Project\clock-temp-touch\ADC.h" 1
 175  000D              	CALL __DELAYY3 +3-(((1000-9)%0402h)%4)
 175  000D              	ENDIF
"File: ADC.h         Assembler  Version HGASM0202      Page 33

 176  000D              #line 176 "C:\Users\hamed\OneDrive\Documents\HTK_Project\clock-temp-touch\ADC.h"
 176  000D              ;# 176 "C:\Users\hamed\OneDrive\Documents\HTK_Project\clock-temp-touch\ADC.h" 1
 176  000D              	IF 1000>263690
 176  000D              ;# 176 "C:\Users\hamed\OneDrive\Documents\HTK_Project\clock-temp-touch\ADC.h" 1
 176  000D              	ERRMESSAGE 'the value 1000of the argument exceeds the maxinum 263690'
 176  000D              	ENDIF
 176  000D              ;# 176 "C:\Users\hamed\OneDrive\Documents\HTK_Project\clock-temp-touch\ADC.h" 1
 176  000D              	IF 1000<0
 176  000D              ;# 176 "C:\Users\hamed\OneDrive\Documents\HTK_Project\clock-temp-touch\ADC.h" 1
 176  000D              	ERRMESSAGE 'the value 1000 of the argument exceeds the mininum 0'
 176  000D              	ENDIF
 176  000D              ;# 176 "C:\Users\hamed\OneDrive\Documents\HTK_Project\clock-temp-touch\ADC.h" 1
 176  000D              	IF 1000==0
 176  000D              ;# 176 "C:\Users\hamed\OneDrive\Documents\HTK_Project\clock-temp-touch\ADC.h" 1
 176  000D              	JMP $
 176  000D              	ENDIF
 176  000D              ;# 176 "C:\Users\hamed\OneDrive\Documents\HTK_Project\clock-temp-touch\ADC.h" 1
 176  000D              	IF 1000==1
 176  000D              ;# 176 "C:\Users\hamed\OneDrive\Documents\HTK_Project\clock-temp-touch\ADC.h" 1
 176  000D              	NOP
 176  000D              	ENDIF
 176  000D              ;# 176 "C:\Users\hamed\OneDrive\Documents\HTK_Project\clock-temp-touch\ADC.h" 1
 176  000D              	IF 1000==2
 176  000D              ;# 176 "C:\Users\hamed\OneDrive\Documents\HTK_Project\clock-temp-touch\ADC.h" 1
 176  000D              	NOP
 176  000D              ;# 176 "C:\Users\hamed\OneDrive\Documents\HTK_Project\clock-temp-touch\ADC.h" 1
 176  000D              	NOP
 176  000D              	ENDIF
 176  000D              ;# 176 "C:\Users\hamed\OneDrive\Documents\HTK_Project\clock-temp-touch\ADC.h" 1
 176  000D              	IF 1000==3
 176  000D              ;# 176 "C:\Users\hamed\OneDrive\Documents\HTK_Project\clock-temp-touch\ADC.h" 1
 176  000D              	NOP
 176  000D              ;# 176 "C:\Users\hamed\OneDrive\Documents\HTK_Project\clock-temp-touch\ADC.h" 1
 176  000D              	NOP
 176  000D              ;# 176 "C:\Users\hamed\OneDrive\Documents\HTK_Project\clock-temp-touch\ADC.h" 1
 176  000D              	NOP
 176  000D              	ENDIF
 176  000D              ;# 176 "C:\Users\hamed\OneDrive\Documents\HTK_Project\clock-temp-touch\ADC.h" 1
 176  000D              	IF (1000<8) AND (1000>3)
 176  000D              ;# 176 "C:\Users\hamed\OneDrive\Documents\HTK_Project\clock-temp-touch\ADC.h" 1
 176  000D              	CALL __DELAY3 + 7 -1000
 176  000D              	ENDIF
 176  000D              ;# 176 "C:\Users\hamed\OneDrive\Documents\HTK_Project\clock-temp-touch\ADC.h" 1
 176  000D              	IF (1000< 0404h) AND (1000>7)
 176  000D              ;# 176 "C:\Users\hamed\OneDrive\Documents\HTK_Project\clock-temp-touch\ADC.h" 1
 176  000D  0FF9        	MOV A,1000/4-1
 176  000E              ;# 176 "C:\Users\hamed\OneDrive\Documents\HTK_Project\clock-temp-touch\ADC.h" 1
 176  000E  2000     E  	CALL __DELAYX3 + 3 -(1000 MOD 4)
 176  000F              	ENDIF
 176  000F              ;# 176 "C:\Users\hamed\OneDrive\Documents\HTK_Project\clock-temp-touch\ADC.h" 1
 176  000F              	IF (1000< 0x40B) AND (1000> 0403h)
 176  000F              ;# 176 "C:\Users\hamed\OneDrive\Documents\HTK_Project\clock-temp-touch\ADC.h" 1
 176  000F              	MOV A,0 
 176  000F              ;# 176 "C:\Users\hamed\OneDrive\Documents\HTK_Project\clock-temp-touch\ADC.h" 1
 176  000F              	CALL __DELAYX6 + 0x40a -1000
 176  000F              	ENDIF
 176  000F              ;# 176 "C:\Users\hamed\OneDrive\Documents\HTK_Project\clock-temp-touch\ADC.h" 1
 176  000F              	IF (1000 >= 0x40b) AND ((((1000-9)%0402h)/4+1)>256)
 176  000F              ;# 176 "C:\Users\hamed\OneDrive\Documents\HTK_Project\clock-temp-touch\ADC.h" 1
 176  000F              	MOV A,(1000-9)/0402h
"File: ADC.h         Assembler  Version HGASM0202      Page 34

 176  000F              ;# 176 "C:\Users\hamed\OneDrive\Documents\HTK_Project\clock-temp-touch\ADC.h" 1
 176  000F              	MOV _builtin_holtek_delay_2,A
 176  000F              ;# 176 "C:\Users\hamed\OneDrive\Documents\HTK_Project\clock-temp-touch\ADC.h" 1
 176  000F              	MOV A,0
 176  000F              ;# 176 "C:\Users\hamed\OneDrive\Documents\HTK_Project\clock-temp-touch\ADC.h" 1
 176  000F              	CALL __DELAYY5 +5- (((1000-9)%0402h)%6)
 176  000F              	ENDIF
 176  000F              ;# 176 "C:\Users\hamed\OneDrive\Documents\HTK_Project\clock-temp-touch\ADC.h" 1
 176  000F              	IF (1000 >= 0x40b) AND ((((1000-9)%0402h)/4+1)<=256)
 176  000F              ;# 176 "C:\Users\hamed\OneDrive\Documents\HTK_Project\clock-temp-touch\ADC.h" 1
 176  000F              	MOV A,(1000-9)/0402h
 176  000F              ;# 176 "C:\Users\hamed\OneDrive\Documents\HTK_Project\clock-temp-touch\ADC.h" 1
 176  000F              	MOV _builtin_holtek_delay_2,A
 176  000F              ;# 176 "C:\Users\hamed\OneDrive\Documents\HTK_Project\clock-temp-touch\ADC.h" 1
 176  000F              	MOV A,((1000-9)%0402h)/4+1
 176  000F              ;# 176 "C:\Users\hamed\OneDrive\Documents\HTK_Project\clock-temp-touch\ADC.h" 1
 176  000F              	CALL __DELAYY3 +3-(((1000-9)%0402h)%4)
 176  000F              	ENDIF
 176  000F  1780     R  	sdz _NTC_MAP_2[0]
 176  0010  2800     R  	jmp _L175
 179  0011              #line 179 "C:\Users\hamed\OneDrive\Documents\HTK_Project\clock-temp-touch\ADC.h"
 179  0011  36B0        	clr [48].5
 180  0012              #line 180 "C:\Users\hamed\OneDrive\Documents\HTK_Project\clock-temp-touch\ADC.h"
>>>>>>> 63842fd (car-light)
 180  0012  1F00     E  	clr _builtin_holtek_udivmodhi4_2[6]
 180  0013  0700     R  	mov a,_NTC_MAP_2[1]  
 180  0014  0080     E  	mov _builtin_holtek_udivmodhi4_2[0],a  
 180  0015  0700     R  	mov a,_NTC_MAP_2[2]  
 180  0016  0080     E  	mov _builtin_holtek_udivmodhi4_2[1],a
 180  0017  0F05        	mov a,5  
 180  0018  0080     E  	mov _builtin_holtek_udivmodhi4_2[2],a  
 180  0019  1F00     E  	clr _builtin_holtek_udivmodhi4_2[3]
 180  001A  2000     E  	call _builtin_holtek_udivmodhi4
 180  001B  0700     E  	mov a,_builtin_holtek_udivmodhi4_2[0]  
 180  001C  0080     E  	mov rd,a  
 180  001D  0700     E  	mov a,_builtin_holtek_udivmodhi4_2[1]  
 180  001E  0080     E  	mov re,a
 180  001F  0F63        	mov a,99
 180  0020  0080     E  	mov rf,a
<<<<<<< HEAD
 181  0021              #line 181 "E:\hamed\touch2\clock-temp-touch\ADC.h"
 181  0021  1F00     E  	clr ra
 181  0022              _L89:
 183  0022              #line 183 "E:\hamed\touch2\clock-temp-touch\ADC.h"
=======
 181  0021              #line 181 "C:\Users\hamed\OneDrive\Documents\HTK_Project\clock-temp-touch\ADC.h"
 181  0021  1F00     E  	clr ra
 181  0022              _L177:
 183  0022              #line 183 "C:\Users\hamed\OneDrive\Documents\HTK_Project\clock-temp-touch\ADC.h"
>>>>>>> 63842fd (car-light)
 183  0022  0700     E  	mov a,ra
 183  0023  0080     E  	mov rb,a
 183  0024  1F00     E  	clr rc
 183  0025  340A        	clr c
 183  0026  1A80     E  	rlc rb
 183  0027  1A80     E  	rlc rc
 183  0028  0F00     R  	mov a,low offset _NTC_Table
 183  0029  0300     E  	add a,rb
 183  002A  0083        	mov mp,a
 183  002B  0F00     R  	mov a,high offset _NTC_Table
 183  002C  1300     E  	adc a,rc
 183  002D  0084        	mov sbp,a
 183  002E  2000     E  	call _Crom2Prom
 183  002F  0080     E  	mov rb,a
 183  0030  2000     E  	call _Crom2PromNext
 183  0031  0080     E  	mov rc,a
 183  0032  0700     E  	mov a,rd
 183  0033  0200     E  	sub a,rb
<<<<<<< HEAD
 183  0034  0700     E  	mov a,re
 183  0035  1200     E  	sbc a,rc
 183  0036  380A        	snz c
 183  0037  2800     R  	jmp _L88
 181  0038              #line 181 "E:\hamed\touch2\clock-temp-touch\ADC.h"
 181  0038  1480     E  	inc ra
 181  0039  1780     E  	sdz rf
 181  003A  2800     R  	jmp _L89
 181  003B  0F63        	mov a,99
 181  003C  0080     E  	mov ra,a
 181  003D              _L88:
 189  003D              #line 189 "E:\hamed\touch2\clock-temp-touch\ADC.h"
=======
"File: ADC.h         Assembler  Version HGASM0202      Page 35

 183  0034  0700     E  	mov a,re
 183  0035  1200     E  	sbc a,rc
 183  0036  380A        	snz c
 183  0037  2800     R  	jmp _L176
 181  0038              #line 181 "C:\Users\hamed\OneDrive\Documents\HTK_Project\clock-temp-touch\ADC.h"
 181  0038  1480     E  	inc ra
 181  0039  1780     E  	sdz rf
 181  003A  2800     R  	jmp _L177
 181  003B  0F63        	mov a,99
 181  003C  0080     E  	mov ra,a
 181  003D              _L176:
 189  003D              #line 189 "C:\Users\hamed\OneDrive\Documents\HTK_Project\clock-temp-touch\ADC.h"
>>>>>>> 63842fd (car-light)
 189  003D  1F00     E  	clr _builtin_holtek_udivmodqi4_2[3]
 189  003E  0700     E  	mov a,ra
 189  003F  0080     E  	mov _builtin_holtek_udivmodqi4_2[0],a
 189  0040  0F0A        	mov a,10
 189  0041  0080     E  	mov _builtin_holtek_udivmodqi4_2[1],a
 189  0042  2000     E  	call _builtin_holtek_udivmodqi4
 189  0043  0700     E  	mov a,_builtin_holtek_udivmodqi4_2[0]
 189  0044  0080     R  	mov _T1[0],a
<<<<<<< HEAD
"File: ADC.h         Assembler  Version HGASM0202      Page 22

 190  0045              #line 190 "E:\hamed\touch2\clock-temp-touch\ADC.h"
=======
 190  0045              #line 190 "C:\Users\hamed\OneDrive\Documents\HTK_Project\clock-temp-touch\ADC.h"
>>>>>>> 63842fd (car-light)
 190  0045  1F00     E  	clr _builtin_holtek_udivmodqi4_2[3]
 190  0046  0700     E  	mov a,ra
 190  0047  0080     E  	mov _builtin_holtek_udivmodqi4_2[0],a
 190  0048  0F0A        	mov a,10
 190  0049  0080     E  	mov _builtin_holtek_udivmodqi4_2[1],a
 190  004A  2000     E  	call _builtin_holtek_udivmodqi4
 190  004B  0700     E  	mov a,_builtin_holtek_udivmodqi4_2[2]
 190  004C  0080     R  	mov _T2[0],a
<<<<<<< HEAD
 193  004D              #line 193 "E:\hamed\touch2\clock-temp-touch\ADC.h"
 193  004D  0700     E  	mov a,ra
 193  004E  0003        	ret
 193  004F              _NTC_MAP endp
 193  004F              #line 193 "E:\hamed\touch2\clock-temp-touch\ADC.h"
=======
 193  004D              #line 193 "C:\Users\hamed\OneDrive\Documents\HTK_Project\clock-temp-touch\ADC.h"
 193  004D  0700     E  	mov a,ra
 193  004E  0003        	ret
 193  004F              _NTC_MAP endp
 193  004F              #line 193 "C:\Users\hamed\OneDrive\Documents\HTK_Project\clock-temp-touch\ADC.h"
>>>>>>> 63842fd (car-light)
 193  004F              #pragma debug scope 1 1
 193  004F              ___psc0r equ [50]
 193  004F              ___tb0c equ [51]
 193  004F              ___intc2 equ [18]
 193  004F              ___intc0 equ [16]
 193  004F              public _TB0_INIT
<<<<<<< HEAD
 193  004F              #pragma debug scope 17 1

  43  004F              #line 43 "E:\hamed\touch2\clock-temp-touch\TIMEBASE.h"
  43  0000              _TB0_INIT .section 'code'
  43  0000              _TB0_INIT proc
  44  0000              #line 44 "E:\hamed\touch2\clock-temp-touch\TIMEBASE.h"
  44  0000  30B2        	set [50].1
  44  0001  3032        	set [50].0
  45  0002              #line 45 "E:\hamed\touch2\clock-temp-touch\TIMEBASE.h"
  45  0002  33B3        	set [51].7
  46  0003              #line 46 "E:\hamed\touch2\clock-temp-touch\TIMEBASE.h"
  46  0003  3133        	set [51].2
  46  0004  30B3        	set [51].1
  46  0005  3033        	set [51].0
  47  0006              #line 47 "E:\hamed\touch2\clock-temp-touch\TIMEBASE.h"
  47  0006  3092        	set [18].1
  48  0007              #line 48 "E:\hamed\touch2\clock-temp-touch\TIMEBASE.h"
  48  0007  3692        	clr [18].5
  49  0008              #line 49 "E:\hamed\touch2\clock-temp-touch\TIMEBASE.h"
  49  0008  3010        	set [16].0
  49  0009  0003        	ret
  49  000A              _TB0_INIT endp
  49  000A              #line 49 "E:\hamed\touch2\clock-temp-touch\TIMEBASE.h"
=======
 193  004F              #pragma debug scope 21 1

  43  004F              #line 43 "C:\Users\hamed\OneDrive\Documents\HTK_Project\clock-temp-touch\TIMEBASE.h"
  43  0000              _TB0_INIT .section 'code'
  43  0000              _TB0_INIT proc
  44  0000              #line 44 "C:\Users\hamed\OneDrive\Documents\HTK_Project\clock-temp-touch\TIMEBASE.h"
  44  0000  30B2        	set [50].1
  44  0001  3032        	set [50].0
  45  0002              #line 45 "C:\Users\hamed\OneDrive\Documents\HTK_Project\clock-temp-touch\TIMEBASE.h"
  45  0002  33B3        	set [51].7
  46  0003              #line 46 "C:\Users\hamed\OneDrive\Documents\HTK_Project\clock-temp-touch\TIMEBASE.h"
  46  0003  3133        	set [51].2
  46  0004  30B3        	set [51].1
  46  0005  3033        	set [51].0
  47  0006              #line 47 "C:\Users\hamed\OneDrive\Documents\HTK_Project\clock-temp-touch\TIMEBASE.h"
  47  0006  3092        	set [18].1
  48  0007              #line 48 "C:\Users\hamed\OneDrive\Documents\HTK_Project\clock-temp-touch\TIMEBASE.h"
  48  0007  3692        	clr [18].5
  49  0008              #line 49 "C:\Users\hamed\OneDrive\Documents\HTK_Project\clock-temp-touch\TIMEBASE.h"
  49  0008  3010        	set [16].0
"File: TIMEBASE.h    Assembler  Version HGASM0202      Page 36

  49  0009  0003        	ret
  49  000A              _TB0_INIT endp
  49  000A              #line 49 "C:\Users\hamed\OneDrive\Documents\HTK_Project\clock-temp-touch\TIMEBASE.h"
>>>>>>> 63842fd (car-light)
  49  000A              #pragma debug scope 1 1
  49  000A              ___psc1r equ [68]
  49  000A              ___tb1c equ [52]
  49  000A              public _TB1_INIT
<<<<<<< HEAD
  49  000A              #pragma debug scope 18 1
  53  000A              #line 53 "E:\hamed\touch2\clock-temp-touch\TIMEBASE.h"
  53  0000              _TB1_INIT .section 'code'
  53  0000              _TB1_INIT proc
  54  0000              #line 54 "E:\hamed\touch2\clock-temp-touch\TIMEBASE.h"
  54  0000  34C4        	clr [68].1
  54  0001  3044        	set [68].0
  55  0002              #line 55 "E:\hamed\touch2\clock-temp-touch\TIMEBASE.h"
  55  0002  33B4        	set [52].7
  56  0003              #line 56 "E:\hamed\touch2\clock-temp-touch\TIMEBASE.h"
  56  0003  3534        	clr [52].2
  56  0004  30B4        	set [52].1
  56  0005  3434        	clr [52].0
"File: TIMEBASE.h    Assembler  Version HGASM0202      Page 23

  57  0006              #line 57 "E:\hamed\touch2\clock-temp-touch\TIMEBASE.h"
  57  0006  3112        	set [18].2
  58  0007              #line 58 "E:\hamed\touch2\clock-temp-touch\TIMEBASE.h"
  58  0007  3712        	clr [18].6
  59  0008              #line 59 "E:\hamed\touch2\clock-temp-touch\TIMEBASE.h"
  59  0008  3010        	set [16].0
  59  0009  0003        	ret
  59  000A              _TB1_INIT endp
  59  000A              #line 59 "E:\hamed\touch2\clock-temp-touch\TIMEBASE.h"
  59  000A              #pragma debug scope 1 1
  59  000A              public _TB0_ISR
  59  000A              #pragma debug scope 19 1
  65  000A              #line 65 "E:\hamed\touch2\clock-temp-touch\TIMEBASE.h"
=======
  49  000A              #pragma debug scope 22 1
  53  000A              #line 53 "C:\Users\hamed\OneDrive\Documents\HTK_Project\clock-temp-touch\TIMEBASE.h"
  53  0000              _TB1_INIT .section 'code'
  53  0000              _TB1_INIT proc
  54  0000              #line 54 "C:\Users\hamed\OneDrive\Documents\HTK_Project\clock-temp-touch\TIMEBASE.h"
  54  0000  34C4        	clr [68].1
  54  0001  3044        	set [68].0
  55  0002              #line 55 "C:\Users\hamed\OneDrive\Documents\HTK_Project\clock-temp-touch\TIMEBASE.h"
  55  0002  33B4        	set [52].7
  56  0003              #line 56 "C:\Users\hamed\OneDrive\Documents\HTK_Project\clock-temp-touch\TIMEBASE.h"
  56  0003  3534        	clr [52].2
  56  0004  30B4        	set [52].1
  56  0005  3434        	clr [52].0
  57  0006              #line 57 "C:\Users\hamed\OneDrive\Documents\HTK_Project\clock-temp-touch\TIMEBASE.h"
  57  0006  3112        	set [18].2
  58  0007              #line 58 "C:\Users\hamed\OneDrive\Documents\HTK_Project\clock-temp-touch\TIMEBASE.h"
  58  0007  3712        	clr [18].6
  59  0008              #line 59 "C:\Users\hamed\OneDrive\Documents\HTK_Project\clock-temp-touch\TIMEBASE.h"
  59  0008  3010        	set [16].0
  59  0009  0003        	ret
  59  000A              _TB1_INIT endp
  59  000A              #line 59 "C:\Users\hamed\OneDrive\Documents\HTK_Project\clock-temp-touch\TIMEBASE.h"
  59  000A              #pragma debug scope 1 1
  59  000A              public _TB0_ISR
  59  000A              #pragma debug scope 23 1
  65  000A              #line 65 "C:\Users\hamed\OneDrive\Documents\HTK_Project\clock-temp-touch\TIMEBASE.h"
>>>>>>> 63842fd (car-light)
  65  0000              @TB0_ISR_code .section at 36 'code'
  65  0000              ifdef INTERRUPT_DELAY
  65  0000              	nop
  65  0000              endif
  65  0000  0080     E  	mov r1,a
  65  0001  070A        	mov a,status
  65  0002              ifndef INTERRUPT_DELAY
  65  0002  0080     E  	mov r2,a
  65  0003              endif
  65  0003  2800     R  	jmp _TB0_ISR
  65  0004              #pragma debug scope 1 1
  65  0004              @dummy36 endp
<<<<<<< HEAD
  65  0004              #pragma debug scope 20 1
=======
  65  0004              #pragma debug scope 24 1
>>>>>>> 63842fd (car-light)
  65  0000              _TB0_ISR .section 'code'
  65  0000              _TB0_ISR proc
  65  0000              ifdef INTERRUPT_DELAY
  65  0000              	mov r2,a
  65  0000              endif
<<<<<<< HEAD
  80  0000              #line 80 "E:\hamed\touch2\clock-temp-touch\TIMEBASE.h"
  80  0000              ;# 80 "E:\hamed\touch2\clock-temp-touch\TIMEBASE.h" 1
=======
  80  0000              #line 80 "C:\Users\hamed\OneDrive\Documents\HTK_Project\clock-temp-touch\TIMEBASE.h"
  80  0000              ;# 80 "C:\Users\hamed\OneDrive\Documents\HTK_Project\clock-temp-touch\TIMEBASE.h" 1
>>>>>>> 63842fd (car-light)
  80  0000  0001        	clr wdt
  80  0001  0700     E  	mov a,r2
  80  0002  008A        	mov status,a
  80  0003  0700     E  	mov a,r1
  80  0004  0004        	reti
  80  0005              _TB0_ISR endp
  80  0005              
<<<<<<< HEAD
  80  0005              #line 80 "E:\hamed\touch2\clock-temp-touch\TIMEBASE.h"
  80  0005              #pragma debug scope 1 1
  80  0005              public _TB1_ISR
  80  0005              #pragma debug scope 21 1
  84  0005              #line 84 "E:\hamed\touch2\clock-temp-touch\TIMEBASE.h"
=======
"File: TIMEBASE.h    Assembler  Version HGASM0202      Page 37

  80  0005              #line 80 "C:\Users\hamed\OneDrive\Documents\HTK_Project\clock-temp-touch\TIMEBASE.h"
  80  0005              #pragma debug scope 1 1
  80  0005              public _TB1_ISR
  80  0005              #pragma debug scope 25 1
  84  0005              #line 84 "C:\Users\hamed\OneDrive\Documents\HTK_Project\clock-temp-touch\TIMEBASE.h"
>>>>>>> 63842fd (car-light)
  84  0000              @TB1_ISR_code .section at 40 'code'
  84  0000              ifdef INTERRUPT_DELAY
  84  0000              	nop
  84  0000              endif
  84  0000  0080     E  	mov r1,a
  84  0001  070A        	mov a,status
  84  0002              ifndef INTERRUPT_DELAY
  84  0002  0080     E  	mov r2,a
  84  0003              endif
  84  0003  2800     R  	jmp _TB1_ISR
  84  0004              #pragma debug scope 1 1
  84  0004              @dummy40 endp
<<<<<<< HEAD
  84  0004              #pragma debug scope 22 1
  84  0000              _TB1_ISR .section 'code'
  84  0000              _TB1_ISR proc
"File: TIMEBASE.h    Assembler  Version HGASM0202      Page 24

=======
  84  0004              #pragma debug scope 26 1
  84  0000              _TB1_ISR .section 'code'
  84  0000              _TB1_ISR proc
>>>>>>> 63842fd (car-light)
  84  0000  00          local _TB1_ISR_2 db 1 dup(?)
  84  0000              ifdef INTERRUPT_DELAY
  84  0000              	mov r2,a
  84  0000              endif
  84  0000  0703        	mov a,mp
  84  0001  0080     E  	mov r3,a
  84  0002  0704        	mov a,sbp
  84  0003  0080     E  	mov r4,a
  84  0004  0707        	mov a,tblp
  84  0005  0080     E  	mov r5,a
  84  0006  0709        	mov a,tbhp
  84  0007  0080     E  	mov r6,a
<<<<<<< HEAD
  85  0008              #line 85 "E:\hamed\touch2\clock-temp-touch\TIMEBASE.h"
  85  0008              ;# 85 "E:\hamed\touch2\clock-temp-touch\TIMEBASE.h" 1
  85  0008  0001        	clr wdt
  90  0009              #line 90 "E:\hamed\touch2\clock-temp-touch\TIMEBASE.h"
  90  0009  3800     R  	snz _Litgh
  90  000A  2800     R  	jmp _L95
  92  000B              #line 92 "E:\hamed\touch2\clock-temp-touch\TIMEBASE.h"
  92  000B  0700     R  	mov a,_State[0]
  92  000C  0080     R  	mov _TB1_ISR_2[0],a
  92  000D  0700     R  	mov a,_TB1_ISR_2[0]
  92  000E  0A00        	sub a,0
  92  000F  3D0A        	sz z
  92  0010  2800     R  	jmp _L105
  92  0011  0A01        	sub a,(1)-(0)
  92  0012  3D0A        	sz z
  92  0013  2800     R  	jmp _L105
  92  0014  0700     R  	mov a,_TB1_ISR_2[0]
  92  0015  0A02        	sub a,2
  92  0016  3D0A        	sz z
  92  0017  2800     R  	jmp _L105
  92  0018  0A01        	sub a,(3)-(2)
  92  0019  3D0A        	sz z
  92  001A  2800     R  	jmp _L105
  92  001B  0700     R  	mov a,_TB1_ISR_2[0]
  92  001C  0A04        	sub a,4
  92  001D  3D0A        	sz z
  92  001E  2800     R  	jmp _L105
  92  001F  0A01        	sub a,(5)-(4)
  92  0020  3D0A        	sz z
  92  0021  2800     R  	jmp _L105
  92  0022  0700     R  	mov a,_TB1_ISR_2[0]
  92  0023  0A06        	sub a,6
  92  0024  3D0A        	sz z
  92  0025  2800     R  	jmp _L105
  92  0026  0A01        	sub a,(7)-(6)
  92  0027  3D0A        	sz z
  92  0028  2800     R  	jmp _L105
  92  0029  0700     R  	mov a,_TB1_ISR_2[0]
  92  002A  0A08        	sub a,8
  92  002B  3D0A        	sz z
  92  002C  2800     R  	jmp _L105
  92  002D  0A01        	sub a,(9)-(8)
  92  002E  3D0A        	sz z
  92  002F  2800     R  	jmp _L105
  92  0030  0700     R  	mov a,_TB1_ISR_2[0]
  92  0031  0A0A        	sub a,10
  92  0032  3D0A        	sz z
  92  0033  2800     R  	jmp _L106
"File: TIMEBASE.h    Assembler  Version HGASM0202      Page 25

  92  0034  0A01        	sub a,(11)-(10)
  92  0035  3D0A        	sz z
  92  0036  2800     R  	jmp _L109
  92  0037  0700     R  	mov a,_TB1_ISR_2[0]
  92  0038  0A0C        	sub a,12
  92  0039  3D0A        	sz z
  92  003A  2800     R  	jmp _L109
  92  003B  0A01        	sub a,(13)-(12)
  92  003C  3D0A        	sz z
  92  003D  2800     R  	jmp _L109
  92  003E  0700     R  	mov a,_TB1_ISR_2[0]
  92  003F  0A0E        	sub a,14
  92  0040  3D0A        	sz z
  92  0041  2800     R  	jmp _L110
  92  0042  0A06        	sub a,(20)-(14)
  92  0043  3D0A        	sz z
  92  0044  2800     R  	jmp _L115
  92  0045  0700     R  	mov a,_TB1_ISR_2[0]
  92  0046  0A15        	sub a,21
  92  0047  3D0A        	sz z
  92  0048  2800     R  	jmp _L115
  92  0049  0A01        	sub a,(22)-(21)
  92  004A  3D0A        	sz z
  92  004B  2800     R  	jmp _L115
  92  004C  0700     R  	mov a,_TB1_ISR_2[0]
  92  004D  0A17        	sub a,23
  92  004E  3D0A        	sz z
  92  004F  2800     R  	jmp _L115
  92  0050  0A01        	sub a,(24)-(23)
  92  0051  3D0A        	sz z
  92  0052  2800     R  	jmp _L115
  92  0053  0700     R  	mov a,_TB1_ISR_2[0]
  92  0054  0A19        	sub a,25
  92  0055  3D0A        	sz z
  92  0056  2800     R  	jmp _L120
  92  0057  0A01        	sub a,(26)-(25)
  92  0058  3D0A        	sz z
  92  0059  2800     R  	jmp _L120
  92  005A  0700     R  	mov a,_TB1_ISR_2[0]
  92  005B  0A1B        	sub a,27
  92  005C  3D0A        	sz z
  92  005D  2800     R  	jmp _L120
  92  005E  0A01        	sub a,(28)-(27)
  92  005F  3D0A        	sz z
  92  0060  2800     R  	jmp _L120
  92  0061  0700     R  	mov a,_TB1_ISR_2[0]
  92  0062  0A1D        	sub a,29
  92  0063  3D0A        	sz z
  92  0064  2800     R  	jmp _L120
  92  0065  0700     R  	mov a,_TB1_ISR_2[0]
  92  0066  0A1E        	sub a,30
  92  0067  390A        	snz z
  92  0068  2800     R  	jmp _L95
 120  0069              #line 120 "E:\hamed\touch2\clock-temp-touch\TIMEBASE.h"
 120  0069  1F00     E  	clr ra
 120  006A  3C00     R  	sz _Belinker
 120  006B  3000     E  	set ra.0
 120  006C  0F01        	mov a,1
 120  006D  0680     E  	andm a,ra
 120  006E  0F01        	mov a,1
"File: TIMEBASE.h    Assembler  Version HGASM0202      Page 26

 120  006F  0080     R  	mov _DispTimer_2[0],a
 120  0070  0700     E  	mov a,ra
 120  0071  2000     R  	call _DispTimer
 120  0072  1F00     R  	clr _State[0]
 120  0073  3400     R  	clr _Belinking
 120  0074  0F03        	mov a,3
 120  0075  0080     R  	mov _Bip[0],a
 120  0076  2800     R  	jmp _L95
 120  0077              _L105:
 103  0077              #line 103 "E:\hamed\touch2\clock-temp-touch\TIMEBASE.h"
 103  0077  0F01        	mov a,1
 103  0078  0080     R  	mov _DispTimer_2[0],a
 103  0079  2800     R  	jmp _L144
 103  007A              _L106:
 104  007A              #line 104 "E:\hamed\touch2\clock-temp-touch\TIMEBASE.h"
 104  007A  2000     R  	call _NTC_MAP
 104  007B  1480     R  	inc _State[0]
 104  007C  3114        	set [20].2
 104  007D  2800     R  	jmp _L95
 104  007E              _L109:
 107  007E              #line 107 "E:\hamed\touch2\clock-temp-touch\TIMEBASE.h"
 107  007E  2000     R  	call _DispTemp
 107  007F  2800     R  	jmp _L95
 107  0080              _L110:
 108  0080              #line 108 "E:\hamed\touch2\clock-temp-touch\TIMEBASE.h"
 108  0080  2000     R  	call _DispTemp
 108  0081  1F00     R  	clr _State[0]
 108  0082  2800     R  	jmp _L95
 108  0083              _L115:
 114  0083              #line 114 "E:\hamed\touch2\clock-temp-touch\TIMEBASE.h"
 114  0083  1F00     E  	clr ra
 114  0084  3C00     R  	sz _Belinker
 114  0085  3000     E  	set ra.0
 114  0086  0F01        	mov a,1
 114  0087  0680     E  	andm a,ra
 114  0088  0700     E  	mov a,ra
 114  0089  0080     R  	mov _DispTimer_2[0],a
 114  008A              _L144:
 114  008A  0F01        	mov a,1
 114  008B  2800     R  	jmp _L143
 114  008C              _L120:
 119  008C              #line 119 "E:\hamed\touch2\clock-temp-touch\TIMEBASE.h"
 119  008C  1F00     E  	clr ra
 119  008D  3C00     R  	sz _Belinker
 119  008E  3000     E  	set ra.0
 119  008F  0F01        	mov a,1
 119  0090  0680     E  	andm a,ra
 119  0091  0F01        	mov a,1
 119  0092  0080     R  	mov _DispTimer_2[0],a
 119  0093  0700     E  	mov a,ra
 119  0094              _L143:
 119  0094  2000     R  	call _DispTimer
 119  0095              _L95:
 141  0095              #line 141 "E:\hamed\touch2\clock-temp-touch\TIMEBASE.h"
 141  0095  3800     R  	snz _Belinking
 141  0096  2800     R  	jmp _L122
 143  0097              #line 143 "E:\hamed\touch2\clock-temp-touch\TIMEBASE.h"
 143  0097  1480     R  	inc _Belink[0]
 143  0098  3D0A        	sz z
 143  0099  1480     R  	inc _Belink[1]
"File: TIMEBASE.h    Assembler  Version HGASM0202      Page 27

 144  009A              #line 144 "E:\hamed\touch2\clock-temp-touch\TIMEBASE.h"
 144  009A  3400     R  	clr _Dot
 145  009B              #line 145 "E:\hamed\touch2\clock-temp-touch\TIMEBASE.h"
 145  009B  0FDB        	mov a,219
 145  009C  0200     R  	sub a,_Belink[0]
 145  009D  0F05        	mov a,5
 145  009E  1200     R  	sbc a,_Belink[1]
 145  009F  380A        	snz c
 145  00A0  2800     R  	jmp _L123
 145  00A1  3000     R  	set _Belinker
 145  00A2              _L123:
 146  00A2              #line 146 "E:\hamed\touch2\clock-temp-touch\TIMEBASE.h"
 146  00A2  0FDC        	mov a,220
 146  00A3  0200     R  	sub a,_Belink[0]
 146  00A4  0F05        	mov a,5
 146  00A5  1200     R  	sbc a,_Belink[1]
 146  00A6  3C0A        	sz c
 146  00A7  2800     R  	jmp _L124
 146  00A8  3400     R  	clr _Belinker
 146  00A9              _L124:
 147  00A9              #line 147 "E:\hamed\touch2\clock-temp-touch\TIMEBASE.h"
 147  00A9  0FB8        	mov a,184
 147  00AA  0200     R  	sub a,_Belink[0]
 147  00AB  0F0B        	mov a,11
 147  00AC  1200     R  	sbc a,_Belink[1]
 147  00AD  3C0A        	sz c
 147  00AE  2800     R  	jmp _L125
 147  00AF  1F00     R  	clr _Belink[0]
 147  00B0  1F00     R  	clr _Belink[1]
 147  00B1              _L122:
 149  00B1              #line 149 "E:\hamed\touch2\clock-temp-touch\TIMEBASE.h"
 149  00B1  3000     R  	set _Belinker
 149  00B2              _L125:
 150  00B2              #line 150 "E:\hamed\touch2\clock-temp-touch\TIMEBASE.h"
 150  00B2  1700     R  	sdza _Bip[0]
 150  00B3  2800     R  	jmp _L127
 153  00B4              #line 153 "E:\hamed\touch2\clock-temp-touch\TIMEBASE.h"
 153  00B4  1480     R  	inc _Biper[0]
 153  00B5  3D0A        	sz z
 153  00B6  1480     R  	inc _Biper[1]
 154  00B7              #line 154 "E:\hamed\touch2\clock-temp-touch\TIMEBASE.h"
 154  00B7  0F95        	mov a,149
 154  00B8  0200     R  	sub a,_Biper[0]
 154  00B9  0F00        	mov a,0
 154  00BA  1200     R  	sbc a,_Biper[1]
 154  00BB  380A        	snz c
 154  00BC  2800     R  	jmp _L128
 154  00BD  36F0        	clr [112].5
 154  00BE              _L128:
 155  00BE              #line 155 "E:\hamed\touch2\clock-temp-touch\TIMEBASE.h"
 155  00BE  0F96        	mov a,150
 155  00BF  0200     R  	sub a,_Biper[0]
 155  00C0  0F00        	mov a,0
 155  00C1  1200     R  	sbc a,_Biper[1]
 155  00C2  3C0A        	sz c
 155  00C3  2800     R  	jmp _L127
 155  00C4  1F00     R  	clr _Biper[0]
 155  00C5  1F00     R  	clr _Biper[1]
 155  00C6  1F00     R  	clr _Bip[0]
 155  00C7  32F0        	set [112].5
"File: TIMEBASE.h    Assembler  Version HGASM0202      Page 28

 155  00C8              _L127:
 158  00C8              #line 158 "E:\hamed\touch2\clock-temp-touch\TIMEBASE.h"
 158  00C8  0700     R  	mov a,_Bip[0]
 158  00C9  0A02        	sub a,2
 158  00CA  390A        	snz z
 158  00CB  2800     R  	jmp _L131
 161  00CC              #line 161 "E:\hamed\touch2\clock-temp-touch\TIMEBASE.h"
 161  00CC  1480     R  	inc _Biper[0]
 161  00CD  3D0A        	sz z
 161  00CE  1480     R  	inc _Biper[1]
 162  00CF              #line 162 "E:\hamed\touch2\clock-temp-touch\TIMEBASE.h"
 162  00CF  0F8F        	mov a,143
 162  00D0  0200     R  	sub a,_Biper[0]
 162  00D1  0F01        	mov a,1
 162  00D2  1200     R  	sbc a,_Biper[1]
 162  00D3  380A        	snz c
 162  00D4  2800     R  	jmp _L132
 162  00D5  36F0        	clr [112].5
 162  00D6              _L132:
 163  00D6              #line 163 "E:\hamed\touch2\clock-temp-touch\TIMEBASE.h"
 163  00D6  0F90        	mov a,144
 163  00D7  0200     R  	sub a,_Biper[0]
 163  00D8  0F01        	mov a,1
 163  00D9  1200     R  	sbc a,_Biper[1]
 163  00DA  3C0A        	sz c
 163  00DB  2800     R  	jmp _L133
 163  00DC  0FF3        	mov a,243
 163  00DD  0200     R  	sub a,_Biper[0]
 163  00DE  0F01        	mov a,1
 163  00DF  1200     R  	sbc a,_Biper[1]
 163  00E0  380A        	snz c
 163  00E1  2800     R  	jmp _L133
 163  00E2  32F0        	set [112].5
 163  00E3              _L133:
 164  00E3              #line 164 "E:\hamed\touch2\clock-temp-touch\TIMEBASE.h"
 164  00E3  0FF4        	mov a,244
 164  00E4  0200     R  	sub a,_Biper[0]
 164  00E5  0F01        	mov a,1
 164  00E6  1200     R  	sbc a,_Biper[1]
 164  00E7  3C0A        	sz c
 164  00E8  2800     R  	jmp _L134
 164  00E9  36F0        	clr [112].5
 164  00EA              _L134:
 165  00EA              #line 165 "E:\hamed\touch2\clock-temp-touch\TIMEBASE.h"
 165  00EA  0F84        	mov a,132
 165  00EB  0200     R  	sub a,_Biper[0]
 165  00EC  0F03        	mov a,3
 165  00ED  1200     R  	sbc a,_Biper[1]
 165  00EE  3C0A        	sz c
 165  00EF  2800     R  	jmp _L131
 165  00F0  1F00     R  	clr _Biper[0]
 165  00F1  1F00     R  	clr _Biper[1]
 165  00F2  1F00     R  	clr _Bip[0]
 165  00F3  32F0        	set [112].5
 165  00F4              _L131:
 167  00F4              #line 167 "E:\hamed\touch2\clock-temp-touch\TIMEBASE.h"
 167  00F4  0700     R  	mov a,_Bip[0]
 167  00F5  0A03        	sub a,3
 167  00F6  390A        	snz z
 167  00F7  2800     R  	jmp _L94
"File: TIMEBASE.h    Assembler  Version HGASM0202      Page 29

 169  00F8              #line 169 "E:\hamed\touch2\clock-temp-touch\TIMEBASE.h"
 169  00F8  1480     R  	inc _Biper[0]
 169  00F9  3D0A        	sz z
 169  00FA  1480     R  	inc _Biper[1]
 170  00FB              #line 170 "E:\hamed\touch2\clock-temp-touch\TIMEBASE.h"
 170  00FB  0F1F        	mov a,31
 170  00FC  0200     R  	sub a,_Biper[0]
 170  00FD  0F03        	mov a,3
 170  00FE  1200     R  	sbc a,_Biper[1]
 170  00FF  380A        	snz c
 170  0100  2800     R  	jmp _L138
 170  0101  36F0        	clr [112].5
 170  0102              _L138:
 171  0102              #line 171 "E:\hamed\touch2\clock-temp-touch\TIMEBASE.h"
 171  0102  0F20        	mov a,32
 171  0103  0200     R  	sub a,_Biper[0]
 171  0104  0F03        	mov a,3
 171  0105  1200     R  	sbc a,_Biper[1]
 171  0106  3C0A        	sz c
 171  0107  2800     R  	jmp _L94
 171  0108  1F00     R  	clr _Biper[0]
 171  0109  1F00     R  	clr _Biper[1]
 171  010A  1F00     R  	clr _Bip[0]
 171  010B  32F0        	set [112].5
 171  010C              _L94:
 171  010C  0700     E  	mov a,r2
 171  010D  008A        	mov status,a
 171  010E  0700     E  	mov a,r3
 171  010F  0083        	mov mp,a
 171  0110  0700     E  	mov a,r4
 171  0111  0084        	mov sbp,a
 171  0112  0700     E  	mov a,r5
 171  0113  0087        	mov tblp,a
 171  0114  0700     E  	mov a,r6
 171  0115  0089        	mov tbhp,a
 171  0116  1D05        	tabrdc acc
 171  0117  0700     E  	mov a,r1
 171  0118  0004        	reti
 171  0119              _TB1_ISR endp
 171  0119              
 171  0119              #line 171 "E:\hamed\touch2\clock-temp-touch\TIMEBASE.h"
 171  0119              #pragma debug scope 1 1
 171  0119              public _Date
 171  0119              #pragma debug scope 23 1
 176  0119              #line 176 "E:\hamed\touch2\clock-temp-touch\TIMEBASE.h"
 176  0000              _Date .section 'code'
 176  0000              _Date proc
 179  0000              #line 179 "E:\hamed\touch2\clock-temp-touch\TIMEBASE.h"
 179  0000  2000     R  	call _Math
 181  0001              #line 181 "E:\hamed\touch2\clock-temp-touch\TIMEBASE.h"
 181  0001  3C00     R  	sz _Dot
 181  0002  2800     R  	jmp _LI3
 181  0003  3000     R  	set _Dot
 181  0004  2800     R  	jmp _LI4
 181  0005              _LI3:
 181  0005  3400     R  	clr _Dot
 181  0006              _LI4:
 182  0006              #line 182 "E:\hamed\touch2\clock-temp-touch\TIMEBASE.h"
 182  0006  1480     R  	inc _State[0]
 184  0007              #line 184 "E:\hamed\touch2\clock-temp-touch\TIMEBASE.h"
"File: TIMEBASE.h    Assembler  Version HGASM0202      Page 30

 184  0007  1480     R  	inc _Sec[0]
 185  0008              #line 185 "E:\hamed\touch2\clock-temp-touch\TIMEBASE.h"
 185  0008  0F3A        	mov a,58
 185  0009  0200     R  	sub a,_Sec[0]
 185  000A  3C0A        	sz c
 185  000B  2800     R  	jmp _L145
 187  000C              #line 187 "E:\hamed\touch2\clock-temp-touch\TIMEBASE.h"
 187  000C  1F00     R  	clr _Sec[0]
 188  000D              #line 188 "E:\hamed\touch2\clock-temp-touch\TIMEBASE.h"
 188  000D  1480     R  	inc _Min[0]
 190  000E              #line 190 "E:\hamed\touch2\clock-temp-touch\TIMEBASE.h"
 190  000E  0F3B        	mov a,59
 190  000F  0200     R  	sub a,_Min[0]
 190  0010  3C0A        	sz c
 190  0011  2800     R  	jmp _L145
 192  0012              #line 192 "E:\hamed\touch2\clock-temp-touch\TIMEBASE.h"
 192  0012  1F00     R  	clr _Min[0]
 193  0013              #line 193 "E:\hamed\touch2\clock-temp-touch\TIMEBASE.h"
 193  0013  1480     R  	inc _Hrs[0]
 194  0014              #line 194 "E:\hamed\touch2\clock-temp-touch\TIMEBASE.h"
 194  0014  0700     R  	mov a,_Hrs[0]
 194  0015  0200     R  	sub a,_H124[0]
 194  0016  380A        	snz c
 194  0017  2800     R  	jmp _L145
 196  0018              #line 196 "E:\hamed\touch2\clock-temp-touch\TIMEBASE.h"
 196  0018  0700     R  	mov a,_H124[0]
 196  0019  0A0C        	sub a,12
 196  001A  390A        	snz z
 196  001B  2800     R  	jmp _L149
 196  001C  3C00     R  	sz _Seg1
 196  001D  2800     R  	jmp _LI5
 196  001E  3000     R  	set _Seg1
 196  001F  2800     R  	jmp _LI6
 196  0020              _LI5:
 196  0020  3400     R  	clr _Seg1
 196  0021              _LI6:
 196  0021  0F01        	mov a,1
 196  0022  0080     R  	mov _Hrs[0],a
 196  0023              _L149:
 197  0023              #line 197 "E:\hamed\touch2\clock-temp-touch\TIMEBASE.h"
 197  0023  0700     R  	mov a,_H124[0]
 197  0024  0A18        	sub a,24
 197  0025  3D0A        	sz z
 197  0026  2800     R  	jmp _L150
 197  0027  3800     R  	snz _Seg1
 197  0028  2800     R  	jmp _L145
 197  0029              _L150:
 199  0029              #line 199 "E:\hamed\touch2\clock-temp-touch\TIMEBASE.h"
 199  0029  1F00     R  	clr _Hrs[0]
 200  002A              #line 200 "E:\hamed\touch2\clock-temp-touch\TIMEBASE.h"
 200  002A  0700     R  	mov a,_H124[0]
 200  002B  0A0C        	sub a,12
 200  002C  390A        	snz z
 200  002D  2800     R  	jmp _L145
 200  002E  0F01        	mov a,1
 200  002F  0080     R  	mov _Hrs[0],a
 200  0030              _L145:
 200  0030  0003        	ret
 200  0031              _Date endp
 200  0031              #line 200 "E:\hamed\touch2\clock-temp-touch\TIMEBASE.h"
"File: TIMEBASE.h    Assembler  Version HGASM0202      Page 31

 200  0031              #pragma debug scope 1 1
 200  0031              ___ptmc1 equ [73]
 200  0031              ___ptmal equ [76]
 200  0031              ___ptmah equ [77]
 200  0031              ___ptmrpl equ [78]
 200  0031              ___ptmrph equ [79]
 200  0031              public _PTMR_PERIOD
 200  0031              #pragma debug scope 24 1

  36  0031              #line 36 "E:\hamed\touch2\clock-temp-touch\PTM.h"
=======
  85  0008              #line 85 "C:\Users\hamed\OneDrive\Documents\HTK_Project\clock-temp-touch\TIMEBASE.h"
  85  0008              ;# 85 "C:\Users\hamed\OneDrive\Documents\HTK_Project\clock-temp-touch\TIMEBASE.h" 1
  85  0008  0001        	clr wdt
  87  0009              #line 87 "C:\Users\hamed\OneDrive\Documents\HTK_Project\clock-temp-touch\TIMEBASE.h"
  87  0009  2000     R  	call _Math
  90  000A              #line 90 "C:\Users\hamed\OneDrive\Documents\HTK_Project\clock-temp-touch\TIMEBASE.h"
  90  000A  3800     R  	snz _Litgh
  90  000B  2800     R  	jmp _L183
  92  000C              #line 92 "C:\Users\hamed\OneDrive\Documents\HTK_Project\clock-temp-touch\TIMEBASE.h"
  92  000C  0700     R  	mov a,_State[0]
  92  000D  0080     R  	mov _TB1_ISR_2[0],a
  92  000E  0700     R  	mov a,_TB1_ISR_2[0]
  92  000F  0A00        	sub a,0
  92  0010  3D0A        	sz z
  92  0011  2800     R  	jmp _L193
  92  0012  0A01        	sub a,(1)-(0)
  92  0013  3D0A        	sz z
  92  0014  2800     R  	jmp _L193
  92  0015  0700     R  	mov a,_TB1_ISR_2[0]
  92  0016  0A02        	sub a,2
  92  0017  3D0A        	sz z
  92  0018  2800     R  	jmp _L193
  92  0019  0A01        	sub a,(3)-(2)
  92  001A  3D0A        	sz z
  92  001B  2800     R  	jmp _L193
  92  001C  0700     R  	mov a,_TB1_ISR_2[0]
  92  001D  0A04        	sub a,4
  92  001E  3D0A        	sz z
"File: TIMEBASE.h    Assembler  Version HGASM0202      Page 38

  92  001F  2800     R  	jmp _L193
  92  0020  0A01        	sub a,(5)-(4)
  92  0021  3D0A        	sz z
  92  0022  2800     R  	jmp _L193
  92  0023  0700     R  	mov a,_TB1_ISR_2[0]
  92  0024  0A06        	sub a,6
  92  0025  3D0A        	sz z
  92  0026  2800     R  	jmp _L193
  92  0027  0A01        	sub a,(7)-(6)
  92  0028  3D0A        	sz z
  92  0029  2800     R  	jmp _L193
  92  002A  0700     R  	mov a,_TB1_ISR_2[0]
  92  002B  0A08        	sub a,8
  92  002C  3D0A        	sz z
  92  002D  2800     R  	jmp _L193
  92  002E  0A01        	sub a,(9)-(8)
  92  002F  3D0A        	sz z
  92  0030  2800     R  	jmp _L193
  92  0031  0700     R  	mov a,_TB1_ISR_2[0]
  92  0032  0A0A        	sub a,10
  92  0033  3D0A        	sz z
  92  0034  2800     R  	jmp _L194
  92  0035  0A01        	sub a,(11)-(10)
  92  0036  3D0A        	sz z
  92  0037  2800     R  	jmp _L197
  92  0038  0700     R  	mov a,_TB1_ISR_2[0]
  92  0039  0A0C        	sub a,12
  92  003A  3D0A        	sz z
  92  003B  2800     R  	jmp _L197
  92  003C  0A01        	sub a,(13)-(12)
  92  003D  3D0A        	sz z
  92  003E  2800     R  	jmp _L197
  92  003F  0700     R  	mov a,_TB1_ISR_2[0]
  92  0040  0A0E        	sub a,14
  92  0041  3D0A        	sz z
  92  0042  2800     R  	jmp _L198
  92  0043  0A06        	sub a,(20)-(14)
  92  0044  3D0A        	sz z
  92  0045  2800     R  	jmp _L203
  92  0046  0700     R  	mov a,_TB1_ISR_2[0]
  92  0047  0A15        	sub a,21
  92  0048  3D0A        	sz z
  92  0049  2800     R  	jmp _L203
  92  004A  0A01        	sub a,(22)-(21)
  92  004B  3D0A        	sz z
  92  004C  2800     R  	jmp _L203
  92  004D  0700     R  	mov a,_TB1_ISR_2[0]
  92  004E  0A17        	sub a,23
  92  004F  3D0A        	sz z
  92  0050  2800     R  	jmp _L203
  92  0051  0A01        	sub a,(24)-(23)
  92  0052  3D0A        	sz z
  92  0053  2800     R  	jmp _L203
  92  0054  0700     R  	mov a,_TB1_ISR_2[0]
  92  0055  0A19        	sub a,25
  92  0056  3D0A        	sz z
  92  0057  2800     R  	jmp _L208
  92  0058  0A01        	sub a,(26)-(25)
  92  0059  3D0A        	sz z
  92  005A  2800     R  	jmp _L208
"File: TIMEBASE.h    Assembler  Version HGASM0202      Page 39

  92  005B  0700     R  	mov a,_TB1_ISR_2[0]
  92  005C  0A1B        	sub a,27
  92  005D  3D0A        	sz z
  92  005E  2800     R  	jmp _L208
  92  005F  0A01        	sub a,(28)-(27)
  92  0060  3D0A        	sz z
  92  0061  2800     R  	jmp _L208
  92  0062  0700     R  	mov a,_TB1_ISR_2[0]
  92  0063  0A1D        	sub a,29
  92  0064  3D0A        	sz z
  92  0065  2800     R  	jmp _L208
  92  0066  0700     R  	mov a,_TB1_ISR_2[0]
  92  0067  0A1E        	sub a,30
  92  0068  390A        	snz z
  92  0069  2800     R  	jmp _L183
 120  006A              #line 120 "C:\Users\hamed\OneDrive\Documents\HTK_Project\clock-temp-touch\TIMEBASE.h"
 120  006A  1F00     E  	clr ra
 120  006B  3C00     R  	sz _Belinker
 120  006C  3000     E  	set ra.0
 120  006D  0F01        	mov a,1
 120  006E  0680     E  	andm a,ra
 120  006F  0F01        	mov a,1
 120  0070  0080     R  	mov _DispTimer_2[0],a
 120  0071  0700     E  	mov a,ra
 120  0072  2000     R  	call _DispTimer
 120  0073  1F00     R  	clr _State[0]
 120  0074  3400     R  	clr _Belinking
 120  0075  0F03        	mov a,3
 120  0076  0080     R  	mov _Bip[0],a
 120  0077  2800     R  	jmp _L183
 120  0078              _L193:
 103  0078              #line 103 "C:\Users\hamed\OneDrive\Documents\HTK_Project\clock-temp-touch\TIMEBASE.h"
 103  0078  0F01        	mov a,1
 103  0079  0080     R  	mov _DispTimer_2[0],a
 103  007A  2800     R  	jmp _L232
 103  007B              _L194:
 104  007B              #line 104 "C:\Users\hamed\OneDrive\Documents\HTK_Project\clock-temp-touch\TIMEBASE.h"
 104  007B  2000     R  	call _NTC_MAP
 104  007C  1480     R  	inc _State[0]
 104  007D  3114        	set [20].2
 104  007E  2800     R  	jmp _L183
 104  007F              _L197:
 107  007F              #line 107 "C:\Users\hamed\OneDrive\Documents\HTK_Project\clock-temp-touch\TIMEBASE.h"
 107  007F  2000     R  	call _DispTemp
 107  0080  2800     R  	jmp _L183
 107  0081              _L198:
 108  0081              #line 108 "C:\Users\hamed\OneDrive\Documents\HTK_Project\clock-temp-touch\TIMEBASE.h"
 108  0081  2000     R  	call _DispTemp
 108  0082  1F00     R  	clr _State[0]
 108  0083  2800     R  	jmp _L183
 108  0084              _L203:
 114  0084              #line 114 "C:\Users\hamed\OneDrive\Documents\HTK_Project\clock-temp-touch\TIMEBASE.h"
 114  0084  1F00     E  	clr ra
 114  0085  3C00     R  	sz _Belinker
 114  0086  3000     E  	set ra.0
 114  0087  0F01        	mov a,1
 114  0088  0680     E  	andm a,ra
 114  0089  0700     E  	mov a,ra
 114  008A  0080     R  	mov _DispTimer_2[0],a
 114  008B              _L232:
"File: TIMEBASE.h    Assembler  Version HGASM0202      Page 40

 114  008B  0F01        	mov a,1
 114  008C  2800     R  	jmp _L231
 114  008D              _L208:
 119  008D              #line 119 "C:\Users\hamed\OneDrive\Documents\HTK_Project\clock-temp-touch\TIMEBASE.h"
 119  008D  1F00     E  	clr ra
 119  008E  3C00     R  	sz _Belinker
 119  008F  3000     E  	set ra.0
 119  0090  0F01        	mov a,1
 119  0091  0680     E  	andm a,ra
 119  0092  0F01        	mov a,1
 119  0093  0080     R  	mov _DispTimer_2[0],a
 119  0094  0700     E  	mov a,ra
 119  0095              _L231:
 119  0095  2000     R  	call _DispTimer
 119  0096              _L183:
 141  0096              #line 141 "C:\Users\hamed\OneDrive\Documents\HTK_Project\clock-temp-touch\TIMEBASE.h"
 141  0096  3800     R  	snz _Belinking
 141  0097  2800     R  	jmp _L210
 143  0098              #line 143 "C:\Users\hamed\OneDrive\Documents\HTK_Project\clock-temp-touch\TIMEBASE.h"
 143  0098  1480     R  	inc _Belink[0]
 143  0099  3D0A        	sz z
 143  009A  1480     R  	inc _Belink[1]
 144  009B              #line 144 "C:\Users\hamed\OneDrive\Documents\HTK_Project\clock-temp-touch\TIMEBASE.h"
 144  009B  3400     R  	clr _Dot
 145  009C              #line 145 "C:\Users\hamed\OneDrive\Documents\HTK_Project\clock-temp-touch\TIMEBASE.h"
 145  009C  0FDB        	mov a,219
 145  009D  0200     R  	sub a,_Belink[0]
 145  009E  0F05        	mov a,5
 145  009F  1200     R  	sbc a,_Belink[1]
 145  00A0  380A        	snz c
 145  00A1  2800     R  	jmp _L211
 145  00A2  3000     R  	set _Belinker
 145  00A3              _L211:
 146  00A3              #line 146 "C:\Users\hamed\OneDrive\Documents\HTK_Project\clock-temp-touch\TIMEBASE.h"
 146  00A3  0FDC        	mov a,220
 146  00A4  0200     R  	sub a,_Belink[0]
 146  00A5  0F05        	mov a,5
 146  00A6  1200     R  	sbc a,_Belink[1]
 146  00A7  3C0A        	sz c
 146  00A8  2800     R  	jmp _L212
 146  00A9  3400     R  	clr _Belinker
 146  00AA              _L212:
 147  00AA              #line 147 "C:\Users\hamed\OneDrive\Documents\HTK_Project\clock-temp-touch\TIMEBASE.h"
 147  00AA  0FB8        	mov a,184
 147  00AB  0200     R  	sub a,_Belink[0]
 147  00AC  0F0B        	mov a,11
 147  00AD  1200     R  	sbc a,_Belink[1]
 147  00AE  3C0A        	sz c
 147  00AF  2800     R  	jmp _L213
 147  00B0  1F00     R  	clr _Belink[0]
 147  00B1  1F00     R  	clr _Belink[1]
 147  00B2              _L210:
 149  00B2              #line 149 "C:\Users\hamed\OneDrive\Documents\HTK_Project\clock-temp-touch\TIMEBASE.h"
 149  00B2  3000     R  	set _Belinker
 149  00B3              _L213:
 150  00B3              #line 150 "C:\Users\hamed\OneDrive\Documents\HTK_Project\clock-temp-touch\TIMEBASE.h"
 150  00B3  1700     R  	sdza _Bip[0]
 150  00B4  2800     R  	jmp _L215
 153  00B5              #line 153 "C:\Users\hamed\OneDrive\Documents\HTK_Project\clock-temp-touch\TIMEBASE.h"
 153  00B5  1480     R  	inc _Biper[0]
"File: TIMEBASE.h    Assembler  Version HGASM0202      Page 41

 153  00B6  3D0A        	sz z
 153  00B7  1480     R  	inc _Biper[1]
 154  00B8              #line 154 "C:\Users\hamed\OneDrive\Documents\HTK_Project\clock-temp-touch\TIMEBASE.h"
 154  00B8  0F95        	mov a,149
 154  00B9  0200     R  	sub a,_Biper[0]
 154  00BA  0F00        	mov a,0
 154  00BB  1200     R  	sbc a,_Biper[1]
 154  00BC  380A        	snz c
 154  00BD  2800     R  	jmp _L216
 154  00BE  36F0        	clr [112].5
 154  00BF              _L216:
 155  00BF              #line 155 "C:\Users\hamed\OneDrive\Documents\HTK_Project\clock-temp-touch\TIMEBASE.h"
 155  00BF  0F96        	mov a,150
 155  00C0  0200     R  	sub a,_Biper[0]
 155  00C1  0F00        	mov a,0
 155  00C2  1200     R  	sbc a,_Biper[1]
 155  00C3  3C0A        	sz c
 155  00C4  2800     R  	jmp _L215
 155  00C5  1F00     R  	clr _Biper[0]
 155  00C6  1F00     R  	clr _Biper[1]
 155  00C7  1F00     R  	clr _Bip[0]
 155  00C8  32F0        	set [112].5
 155  00C9              _L215:
 158  00C9              #line 158 "C:\Users\hamed\OneDrive\Documents\HTK_Project\clock-temp-touch\TIMEBASE.h"
 158  00C9  0700     R  	mov a,_Bip[0]
 158  00CA  0A02        	sub a,2
 158  00CB  390A        	snz z
 158  00CC  2800     R  	jmp _L219
 161  00CD              #line 161 "C:\Users\hamed\OneDrive\Documents\HTK_Project\clock-temp-touch\TIMEBASE.h"
 161  00CD  1480     R  	inc _Biper[0]
 161  00CE  3D0A        	sz z
 161  00CF  1480     R  	inc _Biper[1]
 162  00D0              #line 162 "C:\Users\hamed\OneDrive\Documents\HTK_Project\clock-temp-touch\TIMEBASE.h"
 162  00D0  0F8F        	mov a,143
 162  00D1  0200     R  	sub a,_Biper[0]
 162  00D2  0F01        	mov a,1
 162  00D3  1200     R  	sbc a,_Biper[1]
 162  00D4  380A        	snz c
 162  00D5  2800     R  	jmp _L220
 162  00D6  36F0        	clr [112].5
 162  00D7              _L220:
 163  00D7              #line 163 "C:\Users\hamed\OneDrive\Documents\HTK_Project\clock-temp-touch\TIMEBASE.h"
 163  00D7  0F90        	mov a,144
 163  00D8  0200     R  	sub a,_Biper[0]
 163  00D9  0F01        	mov a,1
 163  00DA  1200     R  	sbc a,_Biper[1]
 163  00DB  3C0A        	sz c
 163  00DC  2800     R  	jmp _L221
 163  00DD  0FF3        	mov a,243
 163  00DE  0200     R  	sub a,_Biper[0]
 163  00DF  0F01        	mov a,1
 163  00E0  1200     R  	sbc a,_Biper[1]
 163  00E1  380A        	snz c
 163  00E2  2800     R  	jmp _L221
 163  00E3  32F0        	set [112].5
 163  00E4              _L221:
 164  00E4              #line 164 "C:\Users\hamed\OneDrive\Documents\HTK_Project\clock-temp-touch\TIMEBASE.h"
 164  00E4  0FF4        	mov a,244
 164  00E5  0200     R  	sub a,_Biper[0]
 164  00E6  0F01        	mov a,1
"File: TIMEBASE.h    Assembler  Version HGASM0202      Page 42

 164  00E7  1200     R  	sbc a,_Biper[1]
 164  00E8  3C0A        	sz c
 164  00E9  2800     R  	jmp _L222
 164  00EA  36F0        	clr [112].5
 164  00EB              _L222:
 165  00EB              #line 165 "C:\Users\hamed\OneDrive\Documents\HTK_Project\clock-temp-touch\TIMEBASE.h"
 165  00EB  0F84        	mov a,132
 165  00EC  0200     R  	sub a,_Biper[0]
 165  00ED  0F03        	mov a,3
 165  00EE  1200     R  	sbc a,_Biper[1]
 165  00EF  3C0A        	sz c
 165  00F0  2800     R  	jmp _L219
 165  00F1  1F00     R  	clr _Biper[0]
 165  00F2  1F00     R  	clr _Biper[1]
 165  00F3  1F00     R  	clr _Bip[0]
 165  00F4  32F0        	set [112].5
 165  00F5              _L219:
 167  00F5              #line 167 "C:\Users\hamed\OneDrive\Documents\HTK_Project\clock-temp-touch\TIMEBASE.h"
 167  00F5  0700     R  	mov a,_Bip[0]
 167  00F6  0A03        	sub a,3
 167  00F7  390A        	snz z
 167  00F8  2800     R  	jmp _L182
 169  00F9              #line 169 "C:\Users\hamed\OneDrive\Documents\HTK_Project\clock-temp-touch\TIMEBASE.h"
 169  00F9  1480     R  	inc _Biper[0]
 169  00FA  3D0A        	sz z
 169  00FB  1480     R  	inc _Biper[1]
 170  00FC              #line 170 "C:\Users\hamed\OneDrive\Documents\HTK_Project\clock-temp-touch\TIMEBASE.h"
 170  00FC  0F1F        	mov a,31
 170  00FD  0200     R  	sub a,_Biper[0]
 170  00FE  0F03        	mov a,3
 170  00FF  1200     R  	sbc a,_Biper[1]
 170  0100  380A        	snz c
 170  0101  2800     R  	jmp _L226
 170  0102  36F0        	clr [112].5
 170  0103              _L226:
 171  0103              #line 171 "C:\Users\hamed\OneDrive\Documents\HTK_Project\clock-temp-touch\TIMEBASE.h"
 171  0103  0F20        	mov a,32
 171  0104  0200     R  	sub a,_Biper[0]
 171  0105  0F03        	mov a,3
 171  0106  1200     R  	sbc a,_Biper[1]
 171  0107  3C0A        	sz c
 171  0108  2800     R  	jmp _L182
 171  0109  1F00     R  	clr _Biper[0]
 171  010A  1F00     R  	clr _Biper[1]
 171  010B  1F00     R  	clr _Bip[0]
 171  010C  32F0        	set [112].5
 171  010D              _L182:
 171  010D  0700     E  	mov a,r2
 171  010E  008A        	mov status,a
 171  010F  0700     E  	mov a,r3
 171  0110  0083        	mov mp,a
 171  0111  0700     E  	mov a,r4
 171  0112  0084        	mov sbp,a
 171  0113  0700     E  	mov a,r5
 171  0114  0087        	mov tblp,a
 171  0115  0700     E  	mov a,r6
 171  0116  0089        	mov tbhp,a
 171  0117  1D05        	tabrdc acc
 171  0118  0700     E  	mov a,r1
 171  0119  0004        	reti
"File: TIMEBASE.h    Assembler  Version HGASM0202      Page 43

 171  011A              _TB1_ISR endp
 171  011A              
 171  011A              #line 171 "C:\Users\hamed\OneDrive\Documents\HTK_Project\clock-temp-touch\TIMEBASE.h"
 171  011A              #pragma debug scope 1 1
 171  011A              public _Date
 171  011A              #pragma debug scope 27 1
 176  011A              #line 176 "C:\Users\hamed\OneDrive\Documents\HTK_Project\clock-temp-touch\TIMEBASE.h"
 176  0000              _Date .section 'code'
 176  0000              _Date proc
 180  0000              #line 180 "C:\Users\hamed\OneDrive\Documents\HTK_Project\clock-temp-touch\TIMEBASE.h"
 180  0000  3C00     R  	sz _Dot
 180  0001  2800     R  	jmp _LI3
 180  0002  3000     R  	set _Dot
 180  0003  2800     R  	jmp _LI4
 180  0004              _LI3:
 180  0004  3400     R  	clr _Dot
 180  0005              _LI4:
 181  0005              #line 181 "C:\Users\hamed\OneDrive\Documents\HTK_Project\clock-temp-touch\TIMEBASE.h"
 181  0005  1480     R  	inc _State[0]
 183  0006              #line 183 "C:\Users\hamed\OneDrive\Documents\HTK_Project\clock-temp-touch\TIMEBASE.h"
 183  0006  1480     R  	inc _Sec[0]
 184  0007              #line 184 "C:\Users\hamed\OneDrive\Documents\HTK_Project\clock-temp-touch\TIMEBASE.h"
 184  0007  0F3A        	mov a,58
 184  0008  0200     R  	sub a,_Sec[0]
 184  0009  3C0A        	sz c
 184  000A  2800     R  	jmp _L233
 186  000B              #line 186 "C:\Users\hamed\OneDrive\Documents\HTK_Project\clock-temp-touch\TIMEBASE.h"
 186  000B  1F00     R  	clr _Sec[0]
 187  000C              #line 187 "C:\Users\hamed\OneDrive\Documents\HTK_Project\clock-temp-touch\TIMEBASE.h"
 187  000C  1480     R  	inc _Min[0]
 189  000D              #line 189 "C:\Users\hamed\OneDrive\Documents\HTK_Project\clock-temp-touch\TIMEBASE.h"
 189  000D  0F3B        	mov a,59
 189  000E  0200     R  	sub a,_Min[0]
 189  000F  3C0A        	sz c
 189  0010  2800     R  	jmp _L233
 191  0011              #line 191 "C:\Users\hamed\OneDrive\Documents\HTK_Project\clock-temp-touch\TIMEBASE.h"
 191  0011  1F00     R  	clr _Min[0]
 192  0012              #line 192 "C:\Users\hamed\OneDrive\Documents\HTK_Project\clock-temp-touch\TIMEBASE.h"
 192  0012  1480     R  	inc _Hrs[0]
 193  0013              #line 193 "C:\Users\hamed\OneDrive\Documents\HTK_Project\clock-temp-touch\TIMEBASE.h"
 193  0013  0700     R  	mov a,_Hrs[0]
 193  0014  0200     R  	sub a,_H124[0]
 193  0015  380A        	snz c
 193  0016  2800     R  	jmp _L233
 195  0017              #line 195 "C:\Users\hamed\OneDrive\Documents\HTK_Project\clock-temp-touch\TIMEBASE.h"
 195  0017  0700     R  	mov a,_H124[0]
 195  0018  0A0C        	sub a,12
 195  0019  390A        	snz z
 195  001A  2800     R  	jmp _L237
 195  001B  3C00     R  	sz _Seg1
 195  001C  2800     R  	jmp _LI5
 195  001D  3000     R  	set _Seg1
 195  001E  2800     R  	jmp _LI6
 195  001F              _LI5:
 195  001F  3400     R  	clr _Seg1
 195  0020              _LI6:
 195  0020  0F01        	mov a,1
 195  0021  0080     R  	mov _Hrs[0],a
 195  0022              _L237:
 196  0022              #line 196 "C:\Users\hamed\OneDrive\Documents\HTK_Project\clock-temp-touch\TIMEBASE.h"
"File: TIMEBASE.h    Assembler  Version HGASM0202      Page 44

 196  0022  0700     R  	mov a,_H124[0]
 196  0023  0A18        	sub a,24
 196  0024  3D0A        	sz z
 196  0025  2800     R  	jmp _L238
 196  0026  3800     R  	snz _Seg1
 196  0027  2800     R  	jmp _L233
 196  0028              _L238:
 198  0028              #line 198 "C:\Users\hamed\OneDrive\Documents\HTK_Project\clock-temp-touch\TIMEBASE.h"
 198  0028  1F00     R  	clr _Hrs[0]
 199  0029              #line 199 "C:\Users\hamed\OneDrive\Documents\HTK_Project\clock-temp-touch\TIMEBASE.h"
 199  0029  0700     R  	mov a,_H124[0]
 199  002A  0A0C        	sub a,12
 199  002B  390A        	snz z
 199  002C  2800     R  	jmp _L233
 199  002D  0F01        	mov a,1
 199  002E  0080     R  	mov _Hrs[0],a
 199  002F              _L233:
 199  002F  0003        	ret
 199  0030              _Date endp
 199  0030              #line 199 "C:\Users\hamed\OneDrive\Documents\HTK_Project\clock-temp-touch\TIMEBASE.h"
 199  0030              #pragma debug scope 1 1
 199  0030              ___ptmc1 equ [73]
 199  0030              ___ptmal equ [76]
 199  0030              ___ptmah equ [77]
 199  0030              ___ptmrpl equ [78]
 199  0030              ___ptmrph equ [79]
 199  0030              public _PTMR_PERIOD
 199  0030              #pragma debug scope 28 1

  36  0030              #line 36 "C:\Users\hamed\OneDrive\Documents\HTK_Project\clock-temp-touch\PTM.h"
>>>>>>> 63842fd (car-light)
  36  0000              _PTMR_PERIOD .section 'code'
  36  0000              _PTMR_PERIOD proc
  36  0000              public _PTMR_PERIOD_2
  36  0000  0002[           local _PTMR_PERIOD_2 db 2 dup(?)	; 2,0
            00
            ]
<<<<<<< HEAD
  36  0002              #pragma debug variable 12 24 _PTMR_PERIOD_2+0 "TempPeriod"
  36  0000  0700     R  	mov a,_PTMR_PERIOD_2[0]
  36  0001  0080     E  	mov ra,a
  37  0002              #line 37 "E:\hamed\touch2\clock-temp-touch\PTM.h"
  37  0002  3849        	snz [73].0
  37  0003  2800     R  	jmp _L155
  39  0004              #line 39 "E:\hamed\touch2\clock-temp-touch\PTM.h"
  39  0004  0700     E  	mov a,ra
  39  0005  00CC        	mov [76],a
  40  0006              #line 40 "E:\hamed\touch2\clock-temp-touch\PTM.h"
  40  0006  0700     R  	mov a,_PTMR_PERIOD_2[1]
  40  0007  00CD        	mov [77],a
  40  0008  2800     R  	jmp _L154
  40  0009              _L155:
  44  0009              #line 44 "E:\hamed\touch2\clock-temp-touch\PTM.h"
  44  0009  0700     E  	mov a,ra
  44  000A  00CE        	mov [78],a
  45  000B              #line 45 "E:\hamed\touch2\clock-temp-touch\PTM.h"
  45  000B  0700     R  	mov a,_PTMR_PERIOD_2[1]
  45  000C  00CF        	mov [79],a
  45  000D              _L154:
  45  000D  0003        	ret
  45  000E              _PTMR_PERIOD endp
  45  000E              #line 45 "E:\hamed\touch2\clock-temp-touch\PTM.h"
=======
  36  0002              #pragma debug variable 12 28 _PTMR_PERIOD_2+0 "TempPeriod"
  36  0000  0700     R  	mov a,_PTMR_PERIOD_2[0]
  36  0001  0080     E  	mov ra,a
  37  0002              #line 37 "C:\Users\hamed\OneDrive\Documents\HTK_Project\clock-temp-touch\PTM.h"
  37  0002  3849        	snz [73].0
  37  0003  2800     R  	jmp _L243
  39  0004              #line 39 "C:\Users\hamed\OneDrive\Documents\HTK_Project\clock-temp-touch\PTM.h"
  39  0004  0700     E  	mov a,ra
  39  0005  00CC        	mov [76],a
  40  0006              #line 40 "C:\Users\hamed\OneDrive\Documents\HTK_Project\clock-temp-touch\PTM.h"
  40  0006  0700     R  	mov a,_PTMR_PERIOD_2[1]
  40  0007  00CD        	mov [77],a
  40  0008  2800     R  	jmp _L242
  40  0009              _L243:
  44  0009              #line 44 "C:\Users\hamed\OneDrive\Documents\HTK_Project\clock-temp-touch\PTM.h"
  44  0009  0700     E  	mov a,ra
  44  000A  00CE        	mov [78],a
  45  000B              #line 45 "C:\Users\hamed\OneDrive\Documents\HTK_Project\clock-temp-touch\PTM.h"
  45  000B  0700     R  	mov a,_PTMR_PERIOD_2[1]
  45  000C  00CF        	mov [79],a
  45  000D              _L242:
  45  000D  0003        	ret
  45  000E              _PTMR_PERIOD endp
  45  000E              #line 45 "C:\Users\hamed\OneDrive\Documents\HTK_Project\clock-temp-touch\PTM.h"
"File: PTM.h         Assembler  Version HGASM0202      Page 45

>>>>>>> 63842fd (car-light)
  45  000E              #pragma debug scope 1 1
  45  000E              ___ptmc0 equ [72]
  45  000E              ___mfi2 equ [44]
  45  000E              public _PTMRINIT
<<<<<<< HEAD
  45  000E              #pragma debug scope 25 1
  50  000E              #line 50 "E:\hamed\touch2\clock-temp-touch\PTM.h"
  50  0000              _PTMRINIT .section 'code'
  50  0000              _PTMRINIT proc
  51  0000              #line 51 "E:\hamed\touch2\clock-temp-touch\PTM.h"
  51  0000  33C9        	set [73].7
  51  0001  3349        	set [73].6
  52  0002              #line 52 "E:\hamed\touch2\clock-temp-touch\PTM.h"
  52  0002  3348        	set [72].6
  52  0003  36C8        	clr [72].5
  52  0004  3248        	set [72].4
  53  0005              #line 53 "E:\hamed\touch2\clock-temp-touch\PTM.h"
  53  0005  31C8        	set [72].3
  54  0006              #line 54 "E:\hamed\touch2\clock-temp-touch\PTM.h"
  54  0006  3049        	set [73].0
  55  0007              #line 55 "E:\hamed\touch2\clock-temp-touch\PTM.h"
"File: PTM.h         Assembler  Version HGASM0202      Page 32

=======
  45  000E              #pragma debug scope 29 1
  50  000E              #line 50 "C:\Users\hamed\OneDrive\Documents\HTK_Project\clock-temp-touch\PTM.h"
  50  0000              _PTMRINIT .section 'code'
  50  0000              _PTMRINIT proc
  51  0000              #line 51 "C:\Users\hamed\OneDrive\Documents\HTK_Project\clock-temp-touch\PTM.h"
  51  0000  33C9        	set [73].7
  51  0001  3349        	set [73].6
  52  0002              #line 52 "C:\Users\hamed\OneDrive\Documents\HTK_Project\clock-temp-touch\PTM.h"
  52  0002  3348        	set [72].6
  52  0003  36C8        	clr [72].5
  52  0004  3248        	set [72].4
  53  0005              #line 53 "C:\Users\hamed\OneDrive\Documents\HTK_Project\clock-temp-touch\PTM.h"
  53  0005  31C8        	set [72].3
  54  0006              #line 54 "C:\Users\hamed\OneDrive\Documents\HTK_Project\clock-temp-touch\PTM.h"
  54  0006  3049        	set [73].0
  55  0007              #line 55 "C:\Users\hamed\OneDrive\Documents\HTK_Project\clock-temp-touch\PTM.h"
>>>>>>> 63842fd (car-light)
  55  0007  0FFA        	mov a,-6
  55  0008  0080     R  	mov _PTMR_PERIOD_2[0],a
  55  0009  0F01        	mov a,1
  55  000A  0080     R  	mov _PTMR_PERIOD_2[1],a
  55  000B  2000     R  	call _PTMR_PERIOD
<<<<<<< HEAD
  56  000C              #line 56 "E:\hamed\touch2\clock-temp-touch\PTM.h"
  56  000C  30AC        	set [44].1
  57  000D              #line 57 "E:\hamed\touch2\clock-temp-touch\PTM.h"
  57  000D  342C        	clr [44].0
  58  000E              #line 58 "E:\hamed\touch2\clock-temp-touch\PTM.h"
  58  000E  37C8        	clr [72].7
  59  000F              #line 59 "E:\hamed\touch2\clock-temp-touch\PTM.h"
  59  000F  3012        	set [18].0
  60  0010              #line 60 "E:\hamed\touch2\clock-temp-touch\PTM.h"
  60  0010  3612        	clr [18].4
  61  0011              #line 61 "E:\hamed\touch2\clock-temp-touch\PTM.h"
  61  0011  3010        	set [16].0
  61  0012  0003        	ret
  61  0013              _PTMRINIT endp
  61  0013              #line 61 "E:\hamed\touch2\clock-temp-touch\PTM.h"
  61  0013              #pragma debug scope 1 1
  61  0013              public _PTMR
  61  0013              #pragma debug scope 26 1
  66  0013              #line 66 "E:\hamed\touch2\clock-temp-touch\PTM.h"
=======
  56  000C              #line 56 "C:\Users\hamed\OneDrive\Documents\HTK_Project\clock-temp-touch\PTM.h"
  56  000C  30AC        	set [44].1
  57  000D              #line 57 "C:\Users\hamed\OneDrive\Documents\HTK_Project\clock-temp-touch\PTM.h"
  57  000D  342C        	clr [44].0
  58  000E              #line 58 "C:\Users\hamed\OneDrive\Documents\HTK_Project\clock-temp-touch\PTM.h"
  58  000E  37C8        	clr [72].7
  59  000F              #line 59 "C:\Users\hamed\OneDrive\Documents\HTK_Project\clock-temp-touch\PTM.h"
  59  000F  3012        	set [18].0
  60  0010              #line 60 "C:\Users\hamed\OneDrive\Documents\HTK_Project\clock-temp-touch\PTM.h"
  60  0010  3612        	clr [18].4
  61  0011              #line 61 "C:\Users\hamed\OneDrive\Documents\HTK_Project\clock-temp-touch\PTM.h"
  61  0011  3010        	set [16].0
  61  0012  0003        	ret
  61  0013              _PTMRINIT endp
  61  0013              #line 61 "C:\Users\hamed\OneDrive\Documents\HTK_Project\clock-temp-touch\PTM.h"
  61  0013              #pragma debug scope 1 1
  61  0013              public _PTMR
  61  0013              #pragma debug scope 30 1
  66  0013              #line 66 "C:\Users\hamed\OneDrive\Documents\HTK_Project\clock-temp-touch\PTM.h"
>>>>>>> 63842fd (car-light)
  66  0000              @PTMR_code .section at 32 'code'
  66  0000              ifdef INTERRUPT_DELAY
  66  0000              	nop
  66  0000              endif
  66  0000  0080     E  	mov r1,a
  66  0001  070A        	mov a,status
  66  0002              ifndef INTERRUPT_DELAY
  66  0002  0080     E  	mov r2,a
  66  0003              endif
  66  0003  2800     R  	jmp _PTMR
  66  0004              #pragma debug scope 1 1
  66  0004              @dummy32 endp
<<<<<<< HEAD
  66  0004              #pragma debug scope 27 1
  66  0000              _PTMR .section 'code'
  66  0000              _PTMR proc
  66  0000              ifdef INTERRUPT_DELAY
=======
  66  0004              #pragma debug scope 31 1
  66  0000              _PTMR .section 'code'
  66  0000              _PTMR proc
  66  0000              ifdef INTERRUPT_DELAY
"File: PTM.h         Assembler  Version HGASM0202      Page 46

>>>>>>> 63842fd (car-light)
  66  0000              	mov r2,a
  66  0000              endif
  66  0000  0703        	mov a,mp
  66  0001  0080     E  	mov r3,a
  66  0002  0704        	mov a,sbp
  66  0003  0080     E  	mov r4,a
  66  0004  0707        	mov a,tblp
  66  0005  0080     E  	mov r5,a
  66  0006  0709        	mov a,tbhp
  66  0007  0080     E  	mov r6,a
<<<<<<< HEAD
  67  0008              #line 67 "E:\hamed\touch2\clock-temp-touch\PTM.h"
  67  0008  3AAC        	snz [44].5
  67  0009  2800     R  	jmp _L158
  69  000A              #line 69 "E:\hamed\touch2\clock-temp-touch\PTM.h"
  69  000A  36AC        	clr [44].5
  70  000B              #line 70 "E:\hamed\touch2\clock-temp-touch\PTM.h"
  70  000B              ;# 70 "E:\hamed\touch2\clock-temp-touch\PTM.h" 1
  70  000B  0001        	clr wdt
  71  000C              #line 71 "E:\hamed\touch2\clock-temp-touch\PTM.h"
  71  000C  1480     R  	inc _S[0]
"File: PTM.h         Assembler  Version HGASM0202      Page 33

  72  000D              #line 72 "E:\hamed\touch2\clock-temp-touch\PTM.h"
  72  000D  0F3F        	mov a,63
  72  000E  0200     R  	sub a,_S[0]
  72  000F  3C0A        	sz c
  72  0010  2800     R  	jmp _L160
  76  0011              #line 76 "E:\hamed\touch2\clock-temp-touch\PTM.h"
  76  0011  1F00     R  	clr _S[0]
  77  0012              #line 77 "E:\hamed\touch2\clock-temp-touch\PTM.h"
  77  0012  2000     R  	call _Date
  77  0013              _L160:
  82  0013              #line 82 "E:\hamed\touch2\clock-temp-touch\PTM.h"
  82  0013              ;# 82 "E:\hamed\touch2\clock-temp-touch\PTM.h" 1
  82  0013  0001        	clr wdt
  82  0014              _L158:
=======
  67  0008              #line 67 "C:\Users\hamed\OneDrive\Documents\HTK_Project\clock-temp-touch\PTM.h"
  67  0008  3AAC        	snz [44].5
  67  0009  2800     R  	jmp _L246
  69  000A              #line 69 "C:\Users\hamed\OneDrive\Documents\HTK_Project\clock-temp-touch\PTM.h"
  69  000A  36AC        	clr [44].5
  70  000B              #line 70 "C:\Users\hamed\OneDrive\Documents\HTK_Project\clock-temp-touch\PTM.h"
  70  000B              ;# 70 "C:\Users\hamed\OneDrive\Documents\HTK_Project\clock-temp-touch\PTM.h" 1
  70  000B  0001        	clr wdt
  71  000C              #line 71 "C:\Users\hamed\OneDrive\Documents\HTK_Project\clock-temp-touch\PTM.h"
  71  000C  1480     R  	inc _S[0]
  72  000D              #line 72 "C:\Users\hamed\OneDrive\Documents\HTK_Project\clock-temp-touch\PTM.h"
  72  000D  0F3F        	mov a,63
  72  000E  0200     R  	sub a,_S[0]
  72  000F  3C0A        	sz c
  72  0010  2800     R  	jmp _L248
  76  0011              #line 76 "C:\Users\hamed\OneDrive\Documents\HTK_Project\clock-temp-touch\PTM.h"
  76  0011  1F00     R  	clr _S[0]
  77  0012              #line 77 "C:\Users\hamed\OneDrive\Documents\HTK_Project\clock-temp-touch\PTM.h"
  77  0012  2000     R  	call _Date
  77  0013              _L248:
  82  0013              #line 82 "C:\Users\hamed\OneDrive\Documents\HTK_Project\clock-temp-touch\PTM.h"
  82  0013              ;# 82 "C:\Users\hamed\OneDrive\Documents\HTK_Project\clock-temp-touch\PTM.h" 1
  82  0013  0001        	clr wdt
  82  0014              _L246:
>>>>>>> 63842fd (car-light)
  82  0014  0700     E  	mov a,r2
  82  0015  008A        	mov status,a
  82  0016  0700     E  	mov a,r3
  82  0017  0083        	mov mp,a
  82  0018  0700     E  	mov a,r4
  82  0019  0084        	mov sbp,a
  82  001A  0700     E  	mov a,r5
  82  001B  0087        	mov tblp,a
  82  001C  0700     E  	mov a,r6
  82  001D  0089        	mov tbhp,a
  82  001E  1D05        	tabrdc acc
  82  001F  0700     E  	mov a,r1
  82  0020  0004        	reti
  82  0021              _PTMR endp
  82  0021              
<<<<<<< HEAD
  82  0021              #line 82 "E:\hamed\touch2\clock-temp-touch\PTM.h"
=======
  82  0021              #line 82 "C:\Users\hamed\OneDrive\Documents\HTK_Project\clock-temp-touch\PTM.h"
>>>>>>> 63842fd (car-light)
  82  0021              #pragma debug scope 1 1
  82  0021              ___tkc1 equ [260]
  82  0021              ___tktmr equ [256]
  82  0021              ___tkc0 equ [257]
  82  0021              ___tkm0rol equ [263]
  82  0021              ___tkm0roh equ [264]
  82  0021              ___tkm0c0 equ [265]
  82  0021              ___tkm0c1 equ [266]
  82  0021              ___pbs1 equ [328]
  82  0021              public _TuochKeyInit
<<<<<<< HEAD
  82  0021              #pragma debug scope 28 1

 120  0021              #line 120 "E:\hamed\touch2\clock-temp-touch\TOUCH.h"
 120  0000              _TuochKeyInit .section 'code'
 120  0000              _TuochKeyInit proc
 122  0000              #line 122 "E:\hamed\touch2\clock-temp-touch\TOUCH.h"
 122  0000  B584 0001   	lclr [260].3
 122  0002  B504 0001   	lclr [260].2
 123  0004              #line 123 "E:\hamed\touch2\clock-temp-touch\TOUCH.h"
 123  0004  B084 0001   	lset [260].1
 123  0006  B004 0001   	lset [260].0
 124  0008              #line 124 "E:\hamed\touch2\clock-temp-touch\TOUCH.h"
 124  0008  3590        	clr [16].3
 125  0009              #line 125 "E:\hamed\touch2\clock-temp-touch\TOUCH.h"
 125  0009  3710        	clr [16].6
 126  000A              #line 126 "E:\hamed\touch2\clock-temp-touch\TOUCH.h"
 126  000A  9F00 0001   	lclr [256]
 127  000C              #line 127 "E:\hamed\touch2\clock-temp-touch\TOUCH.h"
 127  000C  B381 0001   	lset [257].7
 128  000E              #line 128 "E:\hamed\touch2\clock-temp-touch\TOUCH.h"
"File: TOUCH.h       Assembler  Version HGASM0202      Page 34

 128  000E  B081 0001   	lset [257].1
 129  0010              #line 129 "E:\hamed\touch2\clock-temp-touch\TOUCH.h"
 129  0010  B604 0001   	lclr [260].4
 133  0012              #line 133 "E:\hamed\touch2\clock-temp-touch\TOUCH.h"
 133  0012  0FC8        	mov a,200
 133  0013  8087 0001   	lmov [263],a
 133  0015  9F08 0001   	lclr [264]
 134  0017              #line 134 "E:\hamed\touch2\clock-temp-touch\TOUCH.h"
 134  0017  B109 0001   	lset [265].2
 134  0019  B089 0001   	lset [265].1
 134  001B  B009 0001   	lset [265].0
 135  001D              #line 135 "E:\hamed\touch2\clock-temp-touch\TOUCH.h"
 135  001D  B289 0001   	lset [265].5
 136  001F              #line 136 "E:\hamed\touch2\clock-temp-touch\TOUCH.h"
 136  001F  B589 0001   	lclr [265].3
 137  0021              #line 137 "E:\hamed\touch2\clock-temp-touch\TOUCH.h"
 137  0021  B78A 0001   	lclr [266].7
 138  0023              #line 138 "E:\hamed\touch2\clock-temp-touch\TOUCH.h"
 138  0023  B28A 0001   	lset [266].5
 139  0025              #line 139 "E:\hamed\touch2\clock-temp-touch\TOUCH.h"
 139  0025  B20A 0001   	lset [266].4
 140  0027              #line 140 "E:\hamed\touch2\clock-temp-touch\TOUCH.h"
=======
"File: PTM.h         Assembler  Version HGASM0202      Page 47

  82  0021              #pragma debug scope 32 1

 120  0021              #line 120 "C:\Users\hamed\OneDrive\Documents\HTK_Project\clock-temp-touch\TOUCH.h"
 120  0000              _TuochKeyInit .section 'code'
 120  0000              _TuochKeyInit proc
 122  0000              #line 122 "C:\Users\hamed\OneDrive\Documents\HTK_Project\clock-temp-touch\TOUCH.h"
 122  0000  B584 0001   	lclr [260].3
 122  0002  B504 0001   	lclr [260].2
 123  0004              #line 123 "C:\Users\hamed\OneDrive\Documents\HTK_Project\clock-temp-touch\TOUCH.h"
 123  0004  B084 0001   	lset [260].1
 123  0006  B004 0001   	lset [260].0
 124  0008              #line 124 "C:\Users\hamed\OneDrive\Documents\HTK_Project\clock-temp-touch\TOUCH.h"
 124  0008  3590        	clr [16].3
 125  0009              #line 125 "C:\Users\hamed\OneDrive\Documents\HTK_Project\clock-temp-touch\TOUCH.h"
 125  0009  3710        	clr [16].6
 126  000A              #line 126 "C:\Users\hamed\OneDrive\Documents\HTK_Project\clock-temp-touch\TOUCH.h"
 126  000A  9F00 0001   	lclr [256]
 127  000C              #line 127 "C:\Users\hamed\OneDrive\Documents\HTK_Project\clock-temp-touch\TOUCH.h"
 127  000C  B381 0001   	lset [257].7
 128  000E              #line 128 "C:\Users\hamed\OneDrive\Documents\HTK_Project\clock-temp-touch\TOUCH.h"
 128  000E  B081 0001   	lset [257].1
 129  0010              #line 129 "C:\Users\hamed\OneDrive\Documents\HTK_Project\clock-temp-touch\TOUCH.h"
 129  0010  B604 0001   	lclr [260].4
 133  0012              #line 133 "C:\Users\hamed\OneDrive\Documents\HTK_Project\clock-temp-touch\TOUCH.h"
 133  0012  0FC8        	mov a,200
 133  0013  8087 0001   	lmov [263],a
 133  0015  9F08 0001   	lclr [264]
 134  0017              #line 134 "C:\Users\hamed\OneDrive\Documents\HTK_Project\clock-temp-touch\TOUCH.h"
 134  0017  B109 0001   	lset [265].2
 134  0019  B089 0001   	lset [265].1
 134  001B  B009 0001   	lset [265].0
 135  001D              #line 135 "C:\Users\hamed\OneDrive\Documents\HTK_Project\clock-temp-touch\TOUCH.h"
 135  001D  B289 0001   	lset [265].5
 136  001F              #line 136 "C:\Users\hamed\OneDrive\Documents\HTK_Project\clock-temp-touch\TOUCH.h"
 136  001F  B589 0001   	lclr [265].3
 137  0021              #line 137 "C:\Users\hamed\OneDrive\Documents\HTK_Project\clock-temp-touch\TOUCH.h"
 137  0021  B78A 0001   	lclr [266].7
 138  0023              #line 138 "C:\Users\hamed\OneDrive\Documents\HTK_Project\clock-temp-touch\TOUCH.h"
 138  0023  B28A 0001   	lset [266].5
 139  0025              #line 139 "C:\Users\hamed\OneDrive\Documents\HTK_Project\clock-temp-touch\TOUCH.h"
 139  0025  B20A 0001   	lset [266].4
 140  0027              #line 140 "C:\Users\hamed\OneDrive\Documents\HTK_Project\clock-temp-touch\TOUCH.h"
>>>>>>> 63842fd (car-light)
 140  0027  B18A 0001   	lset [266].3
 140  0029  B10A 0001   	lset [266].2
 140  002B  B48A 0001   	lclr [266].1
 140  002D  B40A 0001   	lclr [266].0
<<<<<<< HEAD
 141  002F              #line 141 "E:\hamed\touch2\clock-temp-touch\TOUCH.h"
 141  002F  B3C8 0001   	lset [328].7
 141  0031  B748 0001   	lclr [328].6
 142  0033              #line 142 "E:\hamed\touch2\clock-temp-touch\TOUCH.h"
=======
 141  002F              #line 141 "C:\Users\hamed\OneDrive\Documents\HTK_Project\clock-temp-touch\TOUCH.h"
 141  002F  B3C8 0001   	lset [328].7
 141  0031  B748 0001   	lclr [328].6
 142  0033              #line 142 "C:\Users\hamed\OneDrive\Documents\HTK_Project\clock-temp-touch\TOUCH.h"
>>>>>>> 63842fd (car-light)
 142  0033  B2C8 0001   	lset [328].5
 142  0035  B648 0001   	lclr [328].4
 142  0037  0003        	ret
 142  0038              _TuochKeyInit endp
<<<<<<< HEAD
 142  0038              #line 142 "E:\hamed\touch2\clock-temp-touch\TOUCH.h"
 142  0038              #pragma debug scope 1 1
 142  0038              ___pb equ [24]
 142  0038              public _Key_Touch
 142  0038              #pragma debug scope 29 1
 146  0038              #line 146 "E:\hamed\touch2\clock-temp-touch\TOUCH.h"
 146  0000              _Key_Touch .section 'code'
 146  0000              _Key_Touch proc
 148  0000              #line 148 "E:\hamed\touch2\clock-temp-touch\TOUCH.h"
 148  0000  0FD8        	mov a,216
=======
 142  0038              #line 142 "C:\Users\hamed\OneDrive\Documents\HTK_Project\clock-temp-touch\TOUCH.h"
 142  0038              #pragma debug scope 1 1
 142  0038              ___pb equ [24]
 142  0038              public _Key_Touch
 142  0038              #pragma debug scope 33 1
 146  0038              #line 146 "C:\Users\hamed\OneDrive\Documents\HTK_Project\clock-temp-touch\TOUCH.h"
"File: TOUCH.h       Assembler  Version HGASM0202      Page 48

 146  0000              _Key_Touch .section 'code'
 146  0000              _Key_Touch proc
 148  0000              #line 148 "C:\Users\hamed\OneDrive\Documents\HTK_Project\clock-temp-touch\TOUCH.h"
 148  0000  0F7E        	mov a,126
>>>>>>> 63842fd (car-light)
 148  0001  0300     R  	add a,_Count_B1[0]
 148  0002  0080     E  	mov rb,a
 148  0003  0FFF        	mov a,255
 148  0004  1300     R  	adc a,_Count_B1[1]
 148  0005  0080     E  	mov rc,a
 148  0006  0700     R  	mov a,_Count_C1[0]
 148  0007  0200     E  	sub a,rb
 148  0008  0700     R  	mov a,_Count_C1[1]
 148  0009  1200     E  	sbc a,rc
 148  000A  3C0A        	sz c
<<<<<<< HEAD
 148  000B  2800     R  	jmp _L166
 148  000C              #line 148 "E:\hamed\touch2\clock-temp-touch\TOUCH.h"
 148  000C  0FE2        	mov a,226
 148  000D  0300     R  	add a,_Count_B2[0]
 148  000E  0080     E  	mov rb,a
 148  000F  0FFF        	mov a,255
"File: TOUCH.h       Assembler  Version HGASM0202      Page 35

=======
 148  000B  2800     R  	jmp _L254
 148  000C              #line 148 "C:\Users\hamed\OneDrive\Documents\HTK_Project\clock-temp-touch\TOUCH.h"
 148  000C  0FCE        	mov a,206
 148  000D  0300     R  	add a,_Count_B2[0]
 148  000E  0080     E  	mov rb,a
 148  000F  0FFF        	mov a,255
>>>>>>> 63842fd (car-light)
 148  0010  1300     R  	adc a,_Count_B2[1]
 148  0011  0080     E  	mov rc,a
 148  0012  0700     E  	mov a,rb
 148  0013  0200     R  	sub a,_Count_C2[0]
 148  0014  0700     E  	mov a,rc
 148  0015  1200     R  	sbc a,_Count_C2[1]
 148  0016  3C0A        	sz c
<<<<<<< HEAD
 148  0017  2800     R  	jmp _L166
 149  0018              #line 149 "E:\hamed\touch2\clock-temp-touch\TOUCH.h"
 149  0018  1480     R  	inc _Count_T1[0]
 150  0019              #line 150 "E:\hamed\touch2\clock-temp-touch\TOUCH.h"
 150  0019  0F96        	mov a,150
 150  001A  0200     R  	sub a,_Count_T1[0]
 150  001B  3C0A        	sz c
 150  001C  2800     R  	jmp _L168
 150  001D  0F96        	mov a,150
 150  001E  0080     R  	mov _Count_T1[0],a
 150  001F  2800     R  	jmp _L168
 150  0020              _L166:
 151  0020              #line 151 "E:\hamed\touch2\clock-temp-touch\TOUCH.h"
=======
 148  0017  2800     R  	jmp _L254
 149  0018              #line 149 "C:\Users\hamed\OneDrive\Documents\HTK_Project\clock-temp-touch\TOUCH.h"
 149  0018  1480     R  	inc _Count_T1[0]
 150  0019              #line 150 "C:\Users\hamed\OneDrive\Documents\HTK_Project\clock-temp-touch\TOUCH.h"
 150  0019  0F64        	mov a,100
 150  001A  0200     R  	sub a,_Count_T1[0]
 150  001B  3C0A        	sz c
 150  001C  2800     R  	jmp _L256
 150  001D  0F64        	mov a,100
 150  001E  0080     R  	mov _Count_T1[0],a
 150  001F  2800     R  	jmp _L256
 150  0020              _L254:
 151  0020              #line 151 "C:\Users\hamed\OneDrive\Documents\HTK_Project\clock-temp-touch\TOUCH.h"
>>>>>>> 63842fd (car-light)
 151  0020  0FF6        	mov a,246
 151  0021  0300     R  	add a,_Count_B1[0]
 151  0022  0080     E  	mov rb,a
 151  0023  0FFF        	mov a,255
 151  0024  1300     R  	adc a,_Count_B1[1]
 151  0025  0080     E  	mov rc,a
 151  0026  0700     E  	mov a,rb
 151  0027  0200     R  	sub a,_Count_C1[0]
 151  0028  0700     E  	mov a,rc
 151  0029  1200     R  	sbc a,_Count_C1[1]
 151  002A  3C0A        	sz c
<<<<<<< HEAD
 151  002B  2800     R  	jmp _L168
 151  002C  1F00     R  	clr _Count_T1[0]
 151  002D              _L168:
 153  002D              #line 153 "E:\hamed\touch2\clock-temp-touch\TOUCH.h"
 153  002D  0700     R  	mov a,_Count_T1[0]
 153  002E  0A28        	sub a,40
 153  002F  390A        	snz z
 153  0030  2800     R  	jmp _L170
 155  0031              #line 155 "E:\hamed\touch2\clock-temp-touch\TOUCH.h"
=======
 151  002B  2800     R  	jmp _L256
 151  002C  1F00     R  	clr _Count_T1[0]
 151  002D              _L256:
 153  002D              #line 153 "C:\Users\hamed\OneDrive\Documents\HTK_Project\clock-temp-touch\TOUCH.h"
 153  002D  0700     R  	mov a,_Count_T1[0]
 153  002E  0A5A        	sub a,90
 153  002F  390A        	snz z
 153  0030  2800     R  	jmp _L258
 155  0031              #line 155 "C:\Users\hamed\OneDrive\Documents\HTK_Project\clock-temp-touch\TOUCH.h"
"File: TOUCH.h       Assembler  Version HGASM0202      Page 49

>>>>>>> 63842fd (car-light)
 155  0031  0700     R  	mov a,_State[0]
 155  0032  0080     E  	mov ra,a
 155  0033  0F0E        	mov a,14
 155  0034  0200     R  	sub a,_State[0]
 155  0035  380A        	snz c
<<<<<<< HEAD
 155  0036  2800     R  	jmp _L171
 156  0037              #line 156 "E:\hamed\touch2\clock-temp-touch\TOUCH.h"
 156  0037  3800     R  	snz _q1
 156  0038  2800     R  	jmp _L172
 156  0039  3400     R  	clr _q1
 156  003A  2800     R  	jmp _L173
 156  003B              _L172:
 157  003B              #line 157 "E:\hamed\touch2\clock-temp-touch\TOUCH.h"
 157  003B  3000     R  	set _q1
 157  003C              _L173:
 159  003C              #line 159 "E:\hamed\touch2\clock-temp-touch\TOUCH.h"
=======
 155  0036  2800     R  	jmp _L259
 156  0037              #line 156 "C:\Users\hamed\OneDrive\Documents\HTK_Project\clock-temp-touch\TOUCH.h"
 156  0037  3800     R  	snz _q1
 156  0038  2800     R  	jmp _L260
 156  0039  3400     R  	clr _q1
 156  003A  2800     R  	jmp _L261
 156  003B              _L260:
 157  003B              #line 157 "C:\Users\hamed\OneDrive\Documents\HTK_Project\clock-temp-touch\TOUCH.h"
 157  003B  3000     R  	set _q1
 157  003C              _L261:
 159  003C              #line 159 "C:\Users\hamed\OneDrive\Documents\HTK_Project\clock-temp-touch\TOUCH.h"
>>>>>>> 63842fd (car-light)
 159  003C  1F00     E  	clr ra
 159  003D  3C00     R  	sz _q1
 159  003E  3000     E  	set ra.0
 159  003F  3424        	clr [36].0
<<<<<<< HEAD
"File: TOUCH.h       Assembler  Version HGASM0202      Page 36

 159  0040  0700     E  	mov a,ra
 159  0041  05A4        	orm a,[36]
 160  0042              #line 160 "E:\hamed\touch2\clock-temp-touch\TOUCH.h"
=======
 159  0040  0700     E  	mov a,ra
 159  0041  05A4        	orm a,[36]
 160  0042              #line 160 "C:\Users\hamed\OneDrive\Documents\HTK_Project\clock-temp-touch\TOUCH.h"
>>>>>>> 63842fd (car-light)
 160  0042  1F00     E  	clr ra
 160  0043  3800     R  	snz _q1
 160  0044  3000     E  	set ra.0
 160  0045  0700     E  	mov a,ra
 160  0046  0380     E  	addm a,ra
 160  0047  3498        	clr [24].1
 160  0048  0700     E  	mov a,ra
 160  0049  0598        	orm a,[24]
<<<<<<< HEAD
 160  004A              _L171:
 162  004A              #line 162 "E:\hamed\touch2\clock-temp-touch\TOUCH.h"
 162  004A  0F13        	mov a,19
 162  004B  0200     R  	sub a,_State[0]
 162  004C  3C0A        	sz c
 162  004D  2800     R  	jmp _L174
 162  004E  0F18        	mov a,24
 162  004F  0200     R  	sub a,_State[0]
 162  0050  380A        	snz c
 162  0051  2800     R  	jmp _L174
 163  0052              #line 163 "E:\hamed\touch2\clock-temp-touch\TOUCH.h"
 163  0052  1F00     R  	clr _Belink[0]
 163  0053  1F00     R  	clr _Belink[1]
 163  0054  3000     R  	set _Belinker
 164  0055              #line 164 "E:\hamed\touch2\clock-temp-touch\TOUCH.h"
 164  0055  0F14        	mov a,20
 164  0056  0080     R  	mov _State[0],a
 165  0057              #line 165 "E:\hamed\touch2\clock-temp-touch\TOUCH.h"
 165  0057  1780     R  	sdz _Min[0]
 165  0058  2800     R  	jmp _L175
 166  0059              #line 166 "E:\hamed\touch2\clock-temp-touch\TOUCH.h"
 166  0059  0F3C        	mov a,60
 166  005A  0080     R  	mov _Min[0],a
 166  005B              _L175:
 167  005B              #line 167 "E:\hamed\touch2\clock-temp-touch\TOUCH.h"
 167  005B  2000     R  	call _Math
 167  005C              _L174:
 169  005C              #line 169 "E:\hamed\touch2\clock-temp-touch\TOUCH.h"
 169  005C  0F18        	mov a,24
 169  005D  0200     R  	sub a,_State[0]
 169  005E  3C0A        	sz c
 169  005F  2800     R  	jmp _L176
 169  0060  0F1E        	mov a,30
 169  0061  0200     R  	sub a,_State[0]
 169  0062  380A        	snz c
 169  0063  2800     R  	jmp _L176
 170  0064              #line 170 "E:\hamed\touch2\clock-temp-touch\TOUCH.h"
 170  0064  1F00     R  	clr _Belink[0]
 170  0065  1F00     R  	clr _Belink[1]
 170  0066  3000     R  	set _Belinker
 171  0067              #line 171 "E:\hamed\touch2\clock-temp-touch\TOUCH.h"
 171  0067  0F19        	mov a,25
 171  0068  0080     R  	mov _State[0],a
 172  0069              #line 172 "E:\hamed\touch2\clock-temp-touch\TOUCH.h"
 172  0069  1780     R  	sdz _Hrs[0]
 172  006A  2800     R  	jmp _L177
 173  006B              #line 173 "E:\hamed\touch2\clock-temp-touch\TOUCH.h"
 173  006B  0F17        	mov a,23
 173  006C  0080     R  	mov _Hrs[0],a
"File: TOUCH.h       Assembler  Version HGASM0202      Page 37

 173  006D              _L177:
 174  006D              #line 174 "E:\hamed\touch2\clock-temp-touch\TOUCH.h"
 174  006D  2000     R  	call _Math
 174  006E              _L176:
 177  006E              #line 177 "E:\hamed\touch2\clock-temp-touch\TOUCH.h"
 177  006E  0F01        	mov a,1
 177  006F  0080     R  	mov _Bip[0],a
 177  0070              _L170:
 182  0070              #line 182 "E:\hamed\touch2\clock-temp-touch\TOUCH.h"
 182  0070  0FD8        	mov a,216
 182  0071  0300     R  	add a,_Count_B2[0]
 182  0072  0080     E  	mov rb,a
 182  0073  0FFF        	mov a,255
 182  0074  1300     R  	adc a,_Count_B2[1]
 182  0075  0080     E  	mov rc,a
 182  0076  0700     R  	mov a,_Count_C2[0]
 182  0077  0200     E  	sub a,rb
 182  0078  0700     R  	mov a,_Count_C2[1]
 182  0079  1200     E  	sbc a,rc
 182  007A  3C0A        	sz c
 182  007B  2800     R  	jmp _L178
 182  007C  0FE2        	mov a,226
 182  007D  0300     R  	add a,_Count_B1[0]
 182  007E  0080     E  	mov rb,a
 182  007F  0FFF        	mov a,255
 182  0080  1300     R  	adc a,_Count_B1[1]
 182  0081  0080     E  	mov rc,a
 182  0082  0700     E  	mov a,rb
 182  0083  0200     R  	sub a,_Count_C1[0]
 182  0084  0700     E  	mov a,rc
 182  0085  1200     R  	sbc a,_Count_C1[1]
 182  0086  3C0A        	sz c
 182  0087  2800     R  	jmp _L178
 183  0088              #line 183 "E:\hamed\touch2\clock-temp-touch\TOUCH.h"
 183  0088  1480     R  	inc _Count_T2[0]
 184  0089              #line 184 "E:\hamed\touch2\clock-temp-touch\TOUCH.h"
 184  0089  0F96        	mov a,150
 184  008A  0200     R  	sub a,_Count_T2[0]
 184  008B  3C0A        	sz c
 184  008C  2800     R  	jmp _L180
 184  008D  0F96        	mov a,150
 184  008E  0080     R  	mov _Count_T2[0],a
 184  008F  2800     R  	jmp _L180
 184  0090              _L178:
 185  0090              #line 185 "E:\hamed\touch2\clock-temp-touch\TOUCH.h"
 185  0090  0FF6        	mov a,246
 185  0091  0300     R  	add a,_Count_B2[0]
 185  0092  0080     E  	mov rb,a
 185  0093  0FFF        	mov a,255
 185  0094  1300     R  	adc a,_Count_B2[1]
 185  0095  0080     E  	mov rc,a
 185  0096  0700     E  	mov a,rb
 185  0097  0200     R  	sub a,_Count_C2[0]
 185  0098  0700     E  	mov a,rc
 185  0099  1200     R  	sbc a,_Count_C2[1]
 185  009A  3C0A        	sz c
 185  009B  2800     R  	jmp _L180
 185  009C  1F00     R  	clr _Count_T2[0]
 185  009D              _L180:
 187  009D              #line 187 "E:\hamed\touch2\clock-temp-touch\TOUCH.h"
"File: TOUCH.h       Assembler  Version HGASM0202      Page 38

 187  009D  0700     R  	mov a,_Count_T2[0]
 187  009E  0A32        	sub a,50
 187  009F  390A        	snz z
 187  00A0  2800     R  	jmp _L182
 189  00A1              #line 189 "E:\hamed\touch2\clock-temp-touch\TOUCH.h"
 189  00A1  0700     R  	mov a,_State[0]
 189  00A2  0080     E  	mov ra,a
 189  00A3  0F0E        	mov a,14
 189  00A4  0200     R  	sub a,_State[0]
 189  00A5  380A        	snz c
 189  00A6  2800     R  	jmp _L183
 190  00A7              #line 190 "E:\hamed\touch2\clock-temp-touch\TOUCH.h"
 190  00A7  3800     R  	snz _q2
 190  00A8  2800     R  	jmp _L184
 190  00A9  3400     R  	clr _q2
 190  00AA  2800     R  	jmp _L185
 190  00AB              _L184:
 191  00AB              #line 191 "E:\hamed\touch2\clock-temp-touch\TOUCH.h"
 191  00AB  3000     R  	set _q2
 191  00AC              _L185:
 193  00AC              #line 193 "E:\hamed\touch2\clock-temp-touch\TOUCH.h"
 193  00AC  1F00     E  	clr ra
 193  00AD  3C00     R  	sz _q2
 193  00AE  3000     E  	set ra.0
 193  00AF  1100     E  	swapa ra
 193  00B0  1985        	rr acc
 193  00B1  0EF8        	and a,0f8h
 193  00B2  0080     E  	mov ra,a
 193  00B3  3598        	clr [24].3
 193  00B4  0700     E  	mov a,ra
 193  00B5  0598        	orm a,[24]
 194  00B6              #line 194 "E:\hamed\touch2\clock-temp-touch\TOUCH.h"
 194  00B6  1F00     E  	clr rb
 194  00B7  3800     R  	snz _q2
 194  00B8  3000     E  	set rb.0
 194  00B9  1F00     E  	clr ra
 194  00BA  1080     E  	sz rb
 194  00BB  3000     E  	set ra.2
 194  00BC  3518        	clr [24].2
 194  00BD  0700     E  	mov a,ra
 194  00BE  0598        	orm a,[24]
 194  00BF              _L183:
 196  00BF              #line 196 "E:\hamed\touch2\clock-temp-touch\TOUCH.h"
 196  00BF  0F13        	mov a,19
 196  00C0  0200     R  	sub a,_State[0]
 196  00C1  3C0A        	sz c
 196  00C2  2800     R  	jmp _L186
 196  00C3  0F18        	mov a,24
 196  00C4  0200     R  	sub a,_State[0]
 196  00C5  380A        	snz c
 196  00C6  2800     R  	jmp _L186
 197  00C7              #line 197 "E:\hamed\touch2\clock-temp-touch\TOUCH.h"
 197  00C7  1F00     R  	clr _Belink[0]
 197  00C8  1F00     R  	clr _Belink[1]
 197  00C9  3000     R  	set _Belinker
 198  00CA              #line 198 "E:\hamed\touch2\clock-temp-touch\TOUCH.h"
 198  00CA  0F14        	mov a,20
 198  00CB  0080     R  	mov _State[0],a
 199  00CC              #line 199 "E:\hamed\touch2\clock-temp-touch\TOUCH.h"
 199  00CC  1480     R  	inc _Min[0]
"File: TOUCH.h       Assembler  Version HGASM0202      Page 39

 200  00CD              #line 200 "E:\hamed\touch2\clock-temp-touch\TOUCH.h"
 200  00CD  0F3B        	mov a,59
 200  00CE  0200     R  	sub a,_Min[0]
 200  00CF  3C0A        	sz c
 200  00D0  2800     R  	jmp _L187
 200  00D1  1F00     R  	clr _Min[0]
 200  00D2              _L187:
 201  00D2              #line 201 "E:\hamed\touch2\clock-temp-touch\TOUCH.h"
 201  00D2  2000     R  	call _Math
 201  00D3              _L186:
 203  00D3              #line 203 "E:\hamed\touch2\clock-temp-touch\TOUCH.h"
 203  00D3  0F18        	mov a,24
 203  00D4  0200     R  	sub a,_State[0]
 203  00D5  3C0A        	sz c
 203  00D6  2800     R  	jmp _L188
 203  00D7  0F1E        	mov a,30
 203  00D8  0200     R  	sub a,_State[0]
 203  00D9  380A        	snz c
 203  00DA  2800     R  	jmp _L188
 204  00DB              #line 204 "E:\hamed\touch2\clock-temp-touch\TOUCH.h"
 204  00DB  1F00     R  	clr _Belink[0]
 204  00DC  1F00     R  	clr _Belink[1]
 204  00DD  3000     R  	set _Belinker
 205  00DE              #line 205 "E:\hamed\touch2\clock-temp-touch\TOUCH.h"
 205  00DE  0F19        	mov a,25
 205  00DF  0080     R  	mov _State[0],a
 206  00E0              #line 206 "E:\hamed\touch2\clock-temp-touch\TOUCH.h"
 206  00E0  1480     R  	inc _Hrs[0]
 207  00E1              #line 207 "E:\hamed\touch2\clock-temp-touch\TOUCH.h"
 207  00E1  0F17        	mov a,23
 207  00E2  0200     R  	sub a,_Hrs[0]
 207  00E3  3C0A        	sz c
 207  00E4  2800     R  	jmp _L189
 207  00E5  1F00     R  	clr _Hrs[0]
 207  00E6              _L189:
 208  00E6              #line 208 "E:\hamed\touch2\clock-temp-touch\TOUCH.h"
 208  00E6  2000     R  	call _Math
 208  00E7              _L188:
 211  00E7              #line 211 "E:\hamed\touch2\clock-temp-touch\TOUCH.h"
 211  00E7  0F01        	mov a,1
 211  00E8  0080     R  	mov _Bip[0],a
 211  00E9              _L182:
 217  00E9              #line 217 "E:\hamed\touch2\clock-temp-touch\TOUCH.h"
 217  00E9  0FD8        	mov a,216
 217  00EA  0300     R  	add a,_Count_B2[0]
 217  00EB  0080     E  	mov rb,a
 217  00EC  0FFF        	mov a,255
 217  00ED  1300     R  	adc a,_Count_B2[1]
 217  00EE  0080     E  	mov rc,a
 217  00EF  0700     R  	mov a,_Count_C2[0]
 217  00F0  0200     E  	sub a,rb
 217  00F1  0700     R  	mov a,_Count_C2[1]
 217  00F2  1200     E  	sbc a,rc
 217  00F3  3C0A        	sz c
 217  00F4  2800     R  	jmp _L190
 217  00F5  0FD8        	mov a,216
 217  00F6  0300     R  	add a,_Count_B1[0]
 217  00F7  0080     E  	mov rb,a
 217  00F8  0FFF        	mov a,255
 217  00F9  1300     R  	adc a,_Count_B1[1]
"File: TOUCH.h       Assembler  Version HGASM0202      Page 40

 217  00FA  0080     E  	mov rc,a
 217  00FB  0700     R  	mov a,_Count_C1[0]
 217  00FC  0200     E  	sub a,rb
 217  00FD  0700     R  	mov a,_Count_C1[1]
 217  00FE  1200     E  	sbc a,rc
 217  00FF  3C0A        	sz c
 217  0100  2800     R  	jmp _L190
 218  0101              #line 218 "E:\hamed\touch2\clock-temp-touch\TOUCH.h"
 218  0101  1480     R  	inc _Count_TQ[0]
 218  0102  3D0A        	sz z
 218  0103  1480     R  	inc _Count_TQ[1]
 219  0104              #line 219 "E:\hamed\touch2\clock-temp-touch\TOUCH.h"
 219  0104  0FE8        	mov a,232
 219  0105  0200     R  	sub a,_Count_TQ[0]
 219  0106  0F03        	mov a,3
 219  0107  1200     R  	sbc a,_Count_TQ[1]
 219  0108  3C0A        	sz c
 219  0109  2800     R  	jmp _L192
 219  010A  0FE8        	mov a,-24
 219  010B  0080     R  	mov _Count_TQ[0],a
 219  010C  0F03        	mov a,3
 219  010D  0080     R  	mov _Count_TQ[1],a
 219  010E  2800     R  	jmp _L192
 219  010F              _L190:
 220  010F              #line 220 "E:\hamed\touch2\clock-temp-touch\TOUCH.h"
 220  010F  0FF6        	mov a,246
 220  0110  0300     R  	add a,_Count_B2[0]
 220  0111  0080     E  	mov rb,a
 220  0112  0FFF        	mov a,255
 220  0113  1300     R  	adc a,_Count_B2[1]
 220  0114  0080     E  	mov rc,a
 220  0115  0700     E  	mov a,rb
 220  0116  0200     R  	sub a,_Count_C2[0]
 220  0117  0700     E  	mov a,rc
 220  0118  1200     R  	sbc a,_Count_C2[1]
 220  0119  3C0A        	sz c
 220  011A  2800     R  	jmp _L192
 220  011B  0FF6        	mov a,246
 220  011C  0300     R  	add a,_Count_B1[0]
 220  011D  0080     E  	mov rb,a
 220  011E  0FFF        	mov a,255
 220  011F  1300     R  	adc a,_Count_B1[1]
 220  0120  0080     E  	mov rc,a
 220  0121  0700     E  	mov a,rb
 220  0122  0200     R  	sub a,_Count_C1[0]
 220  0123  0700     E  	mov a,rc
 220  0124  1200     R  	sbc a,_Count_C1[1]
 220  0125  3C0A        	sz c
 220  0126  2800     R  	jmp _L192
 220  0127  1F00     R  	clr _Count_TQ[0]
 220  0128  1F00     R  	clr _Count_TQ[1]
 220  0129              _L192:
 222  0129              #line 222 "E:\hamed\touch2\clock-temp-touch\TOUCH.h"
 222  0129  0700     R  	mov a,_Count_TQ[0]
 222  012A  0CC8        	xor a,200
 222  012B  0500     R  	or a,_Count_TQ[1]
 222  012C  390A        	snz z
 222  012D  2800     R  	jmp _L165
 224  012E              #line 224 "E:\hamed\touch2\clock-temp-touch\TOUCH.h"
 224  012E  3000     R  	set _Belinking
"File: TOUCH.h       Assembler  Version HGASM0202      Page 41

 224  012F  0F14        	mov a,20
 224  0130  0080     R  	mov _State[0],a
 225  0131              #line 225 "E:\hamed\touch2\clock-temp-touch\TOUCH.h"
 225  0131  0F02        	mov a,2
 225  0132  0080     R  	mov _Bip[0],a
 225  0133              _L165:
 225  0133  0003        	ret
 225  0134              _Key_Touch endp
 225  0134              #line 225 "E:\hamed\touch2\clock-temp-touch\TOUCH.h"
 225  0134              #pragma debug scope 1 1
 225  0134              ___tkm0c2 equ [267]
 225  0134              ___tkm016dh equ [262]
 225  0134              ___tkm016dl equ [261]
 225  0134              public _CalibrTuoch
 225  0134              #pragma debug scope 30 1
 232  0134              #line 232 "E:\hamed\touch2\clock-temp-touch\TOUCH.h"
 232  0000              _CalibrTuoch .section 'code'
 232  0000              _CalibrTuoch proc
 232  0000  0004[           local _CalibrTuoch_2 db 4 dup(?)	; 0,4
            00
            ]
 233  0004              #line 233 "E:\hamed\touch2\clock-temp-touch\TOUCH.h"
 233  0000  1F00     R  	clr _j[0]
 233  0001              _L196:
 233  0001              #line 233 "E:\hamed\touch2\clock-temp-touch\TOUCH.h"
 233  0001  0F01        	mov a,1
 233  0002  0200     R  	sub a,_j[0]
 233  0003  380A        	snz c
 233  0004  2800     R  	jmp _L208
 235  0005              #line 235 "E:\hamed\touch2\clock-temp-touch\TOUCH.h"
 235  0005  B681 0001   	lclr [257].5
 236  0007              #line 236 "E:\hamed\touch2\clock-temp-touch\TOUCH.h"
 236  0007  1080     R  	sz _j[0]
 236  0008  2800     R  	jmp _L197
 236  0009  B08B 0001   	lset [267].1
 236  000B  B00B 0001   	lset [267].0
 236  000D  0FF4        	mov a,-12
 236  000E  0080     R  	mov _delay_10us_2[0],a
 236  000F  0F01        	mov a,1
 236  0010  0080     R  	mov _delay_10us_2[1],a
 236  0011  1F00     R  	clr _delay_10us_2[2]
 236  0012  1F00     R  	clr _delay_10us_2[3]
 236  0013  2000     R  	call _delay_10us
 236  0014              _L197:
 237  0014              #line 237 "E:\hamed\touch2\clock-temp-touch\TOUCH.h"
 237  0014  1700     R  	sdza _j[0]
 237  0015  2800     R  	jmp _L198
 237  0016  B08B 0001   	lset [267].1
 237  0018  B40B 0001   	lclr [267].0
 237  001A  0FF4        	mov a,-12
 237  001B  0080     R  	mov _delay_10us_2[0],a
 237  001C  0F01        	mov a,1
 237  001D  0080     R  	mov _delay_10us_2[1],a
 237  001E  1F00     R  	clr _delay_10us_2[2]
 237  001F  1F00     R  	clr _delay_10us_2[3]
 237  0020  2000     R  	call _delay_10us
 237  0021              _L198:
 239  0021              #line 239 "E:\hamed\touch2\clock-temp-touch\TOUCH.h"
 239  0021              ;# 239 "E:\hamed\touch2\clock-temp-touch\TOUCH.h" 1
 239  0021  0001        	clr wdt
"File: TOUCH.h       Assembler  Version HGASM0202      Page 42

 241  0022              #line 241 "E:\hamed\touch2\clock-temp-touch\TOUCH.h"
 241  0022  1F00     R  	clr _i[0]
 241  0023              _L199:
 241  0023  0F13        	mov a,19
 241  0024  0200     R  	sub a,_i[0]
 241  0025  380A        	snz c
 241  0026  2800     R  	jmp _L209
 243  0027              #line 243 "E:\hamed\touch2\clock-temp-touch\TOUCH.h"
 243  0027  1080     R  	sz _j[0]
 243  0028  2800     R  	jmp _L200
 243  0029  B28A 0001   	lset [266].5
 243  002B  B20A 0001   	lset [266].4
 243  002D              _L200:
 244  002D              #line 244 "E:\hamed\touch2\clock-temp-touch\TOUCH.h"
 244  002D  1700     R  	sdza _j[0]
 244  002E  2800     R  	jmp _L201
 244  002F  B28A 0001   	lset [266].5
 244  0031  B20A 0001   	lset [266].4
 244  0033              _L201:
 246  0033              #line 246 "E:\hamed\touch2\clock-temp-touch\TOUCH.h"
 246  0033  B281 0001   	lset [257].5
 248  0035              #line 248 "E:\hamed\touch2\clock-temp-touch\TOUCH.h"
 248  0035              ;# 248 "E:\hamed\touch2\clock-temp-touch\TOUCH.h" 1
 248  0035  0001        	clr wdt
 248  0036              _L203:
 249  0036              #line 249 "E:\hamed\touch2\clock-temp-touch\TOUCH.h"
 249  0036  BB01 0001   	lsnz [257].6
 249  0038  2800     R  	jmp _L203
 251  0039              #line 251 "E:\hamed\touch2\clock-temp-touch\TOUCH.h"
 251  0039  1080     R  	sz _j[0]
 251  003A  2800     R  	jmp _L204
 251  003B  8706 0001   	lmov a,[262]
 251  003D  0080     R  	mov _CalibrTuoch_2[1],a
 251  003E  1F00     R  	clr _CalibrTuoch_2[0]
 251  003F  0700     R  	mov a,_CalibrTuoch_2[1]
 251  0040  0080     R  	mov _Count_C1[1],a
 251  0041  8705 0001   	lmov a,[261]
 251  0043  0500     R  	or a,_CalibrTuoch_2[0]
 251  0044  0080     R  	mov _Count_C1[0],a
 251  0045  0700     R  	mov a,_Count_C1[0]
 251  0046  0380     R  	addm a,_Count_P1[0]
 251  0047  0700     R  	mov a,_Count_C1[1]
 251  0048  1380     R  	adcm a,_Count_P1[1]
 251  0049  1F05        	clr acc
 251  004A  1380     R  	adcm a,_Count_P1[2]
 251  004B  1380     R  	adcm a,_Count_P1[3]
 251  004C              _L204:
 252  004C              #line 252 "E:\hamed\touch2\clock-temp-touch\TOUCH.h"
 252  004C  1700     R  	sdza _j[0]
 252  004D  2800     R  	jmp _L205
 252  004E  8706 0001   	lmov a,[262]
 252  0050  0080     R  	mov _CalibrTuoch_2[3],a
 252  0051  1F00     R  	clr _CalibrTuoch_2[2]
 252  0052  0700     R  	mov a,_CalibrTuoch_2[3]
 252  0053  0080     R  	mov _Count_C2[1],a
 252  0054  8705 0001   	lmov a,[261]
 252  0056  0500     R  	or a,_CalibrTuoch_2[2]
 252  0057  0080     R  	mov _Count_C2[0],a
 252  0058  0700     R  	mov a,_Count_C2[0]
 252  0059  0380     R  	addm a,_Count_P2[0]
"File: TOUCH.h       Assembler  Version HGASM0202      Page 43

 252  005A  0700     R  	mov a,_Count_C2[1]
 252  005B  1380     R  	adcm a,_Count_P2[1]
 252  005C  1F05        	clr acc
 252  005D  1380     R  	adcm a,_Count_P2[2]
 252  005E  1380     R  	adcm a,_Count_P2[3]
 252  005F              _L205:
 254  005F              #line 254 "E:\hamed\touch2\clock-temp-touch\TOUCH.h"
 254  005F  B701 0001   	lclr [257].6
 255  0061              #line 255 "E:\hamed\touch2\clock-temp-touch\TOUCH.h"
 255  0061  B681 0001   	lclr [257].5
 257  0063              #line 257 "E:\hamed\touch2\clock-temp-touch\TOUCH.h"
 257  0063              ;# 257 "E:\hamed\touch2\clock-temp-touch\TOUCH.h" 1
 257  0063  0001        	clr wdt
 258  0064              #line 258 "E:\hamed\touch2\clock-temp-touch\TOUCH.h"
 258  0064  0F05        	mov a,5
 258  0065  0080     R  	mov _delay_ms_2[0],a
 258  0066  1F00     R  	clr _delay_ms_2[1]
 258  0067  1F00     R  	clr _delay_ms_2[2]
 258  0068  1F00     R  	clr _delay_ms_2[3]
 258  0069  2000     R  	call _delay_ms
 241  006A              #line 241 "E:\hamed\touch2\clock-temp-touch\TOUCH.h"
 241  006A  1480     R  	inc _i[0]
 241  006B  2800     R  	jmp _L199
 241  006C              _L209:
 233  006C              #line 233 "E:\hamed\touch2\clock-temp-touch\TOUCH.h"
 233  006C  1480     R  	inc _j[0]
 233  006D  2800     R  	jmp _L196
 233  006E              _L208:
 261  006E              #line 261 "E:\hamed\touch2\clock-temp-touch\TOUCH.h"
 261  006E  1F00     E  	clr _builtin_holtek_udivmodsi4_2[12]
 261  006F  0700     R  	mov a,_Count_P1[0]  
 261  0070  0080     E  	mov _builtin_holtek_udivmodsi4_2[0],a  
 261  0071  0700     R  	mov a,_Count_P1[1]  
 261  0072  0080     E  	mov _builtin_holtek_udivmodsi4_2[1],a
 261  0073  0700     R  	mov a,_Count_P1[2]  
 261  0074  0080     E  	mov _builtin_holtek_udivmodsi4_2[2],a  
 261  0075  0700     R  	mov a,_Count_P1[3]  
 261  0076  0080     E  	mov _builtin_holtek_udivmodsi4_2[3],a
 261  0077  0F14        	mov a,20  
 261  0078  0080     E  	mov _builtin_holtek_udivmodsi4_2[4],a  
 261  0079  0F00        	mov a,0  
 261  007A  0080     E  	mov _builtin_holtek_udivmodsi4_2[5],a
 261  007B  1F00     E  	clr _builtin_holtek_udivmodsi4_2[6]
 261  007C  1F00     E  	clr _builtin_holtek_udivmodsi4_2[7]
 261  007D  2000     E  	call _builtin_holtek_udivmodsi4
 261  007E  0700     E  	mov a,_builtin_holtek_udivmodsi4_2[0]  
 261  007F  0080     E  	mov rd,a  
 261  0080  0700     E  	mov a,_builtin_holtek_udivmodsi4_2[1]  
 261  0081  0080     E  	mov re,a
 261  0082  0700     E  	mov a,_builtin_holtek_udivmodsi4_2[2]  
 261  0083  0080     E  	mov rf,a  
 261  0084  0700     E  	mov a,_builtin_holtek_udivmodsi4_2[3]  
 261  0085  0080     E  	mov rg,a
 261  0086  0700     E  	mov a,rd
 261  0087  0080     R  	mov _Count_B1[0],a
 261  0088  0700     E  	mov a,re
 261  0089  0080     R  	mov _Count_B1[1],a
 262  008A              #line 262 "E:\hamed\touch2\clock-temp-touch\TOUCH.h"
 262  008A  1F00     E  	clr _builtin_holtek_udivmodsi4_2[12]
 262  008B  0700     R  	mov a,_Count_P2[0]  
"File: TOUCH.h       Assembler  Version HGASM0202      Page 44

 262  008C  0080     E  	mov _builtin_holtek_udivmodsi4_2[0],a  
 262  008D  0700     R  	mov a,_Count_P2[1]  
 262  008E  0080     E  	mov _builtin_holtek_udivmodsi4_2[1],a
 262  008F  0700     R  	mov a,_Count_P2[2]  
 262  0090  0080     E  	mov _builtin_holtek_udivmodsi4_2[2],a  
 262  0091  0700     R  	mov a,_Count_P2[3]  
 262  0092  0080     E  	mov _builtin_holtek_udivmodsi4_2[3],a
 262  0093  0F14        	mov a,20  
 262  0094  0080     E  	mov _builtin_holtek_udivmodsi4_2[4],a  
 262  0095  0F00        	mov a,0  
 262  0096  0080     E  	mov _builtin_holtek_udivmodsi4_2[5],a
 262  0097  1F00     E  	clr _builtin_holtek_udivmodsi4_2[6]
 262  0098  1F00     E  	clr _builtin_holtek_udivmodsi4_2[7]
 262  0099  2000     E  	call _builtin_holtek_udivmodsi4
 262  009A  0700     E  	mov a,_builtin_holtek_udivmodsi4_2[0]  
 262  009B  0080     E  	mov rd,a  
 262  009C  0700     E  	mov a,_builtin_holtek_udivmodsi4_2[1]  
 262  009D  0080     E  	mov re,a
 262  009E  0700     E  	mov a,_builtin_holtek_udivmodsi4_2[2]  
 262  009F  0080     E  	mov rf,a  
 262  00A0  0700     E  	mov a,_builtin_holtek_udivmodsi4_2[3]  
 262  00A1  0080     E  	mov rg,a
 262  00A2  0700     E  	mov a,rd
 262  00A3  0080     R  	mov _Count_B2[0],a
 262  00A4  0700     E  	mov a,re
 262  00A5  0080     R  	mov _Count_B2[1],a
 264  00A6              #line 264 "E:\hamed\touch2\clock-temp-touch\TOUCH.h"
 264  00A6  1F00     R  	clr _Count_P1[0]
 264  00A7  1F00     R  	clr _Count_P1[1]
 264  00A8  1F00     R  	clr _Count_P1[2]
 264  00A9  1F00     R  	clr _Count_P1[3]
 265  00AA              #line 265 "E:\hamed\touch2\clock-temp-touch\TOUCH.h"
 265  00AA  1F00     R  	clr _Count_P2[0]
 265  00AB  1F00     R  	clr _Count_P2[1]
 265  00AC  1F00     R  	clr _Count_P2[2]
 265  00AD  1F00     R  	clr _Count_P2[3]
 267  00AE              #line 267 "E:\hamed\touch2\clock-temp-touch\TOUCH.h"
 267  00AE              ;# 267 "E:\hamed\touch2\clock-temp-touch\TOUCH.h" 1
 267  00AE  0001        	clr wdt
 267  00AF  0003        	ret
 267  00B0              _CalibrTuoch endp
 267  00B0              #line 267 "E:\hamed\touch2\clock-temp-touch\TOUCH.h"
 267  00B0              #pragma debug scope 1 1
 267  00B0              public _Key_Select
 267  00B0              #pragma debug scope 31 1
 272  00B0              #line 272 "E:\hamed\touch2\clock-temp-touch\TOUCH.h"
 272  0000              _Key_Select .section 'code'
 272  0000              _Key_Select proc
 272  0000  00              local _Key_Select_2 db 1 dup(?)	; 0,1
 272  0000  0080     E  	mov ra,a
 272  0001  0080     R  	mov _Key_Select_2[0],a
 272  0002              #pragma debug variable 7 31 _Key_Select_2+0 "Sel"
 288  0002              #line 288 "E:\hamed\touch2\clock-temp-touch\TOUCH.h"
 288  0002  1080     E  	sz ra
 288  0003  2800     R  	jmp _L211
 289  0004              #line 289 "E:\hamed\touch2\clock-temp-touch\TOUCH.h"
 289  0004  B28A 0001   	lset [266].5
 289  0006  B20A 0001   	lset [266].4
 289  0008  B281 0001   	lset [257].5
 289  000A  B08B 0001   	lset [267].1
"File: TOUCH.h       Assembler  Version HGASM0202      Page 45

 289  000C  B00B 0001   	lset [267].0
 289  000E              _L212:
 291  000E              #line 291 "E:\hamed\touch2\clock-temp-touch\TOUCH.h"
 291  000E  BF01 0001   	lsz [257].6
 291  0010  2800     R  	jmp _L223
 291  0011              ;# 291 "E:\hamed\touch2\clock-temp-touch\TOUCH.h" 1
 291  0011  0000        	nop
 291  0012  2800     R  	jmp _L212
 291  0013              _L223:
 292  0013              #line 292 "E:\hamed\touch2\clock-temp-touch\TOUCH.h"
 292  0013  8706 0001   	lmov a,[262]
 292  0015  0080     E  	mov rc,a
 292  0016  1F00     E  	clr rb
 292  0017  0700     E  	mov a,rc
 292  0018  0080     R  	mov _Count_C1[1],a
 292  0019  8705 0001   	lmov a,[261]
 292  001B  0500     E  	or a,rb
 292  001C  0080     R  	mov _Count_C1[0],a
 293  001D              #line 293 "E:\hamed\touch2\clock-temp-touch\TOUCH.h"
 293  001D  1480     R  	inc _CalibrCount1[0]
 294  001E              #line 294 "E:\hamed\touch2\clock-temp-touch\TOUCH.h"
 294  001E  0F03        	mov a,3
 294  001F  0200     R  	sub a,_CalibrCount1[0]
 294  0020  3C0A        	sz c
 294  0021  2800     R  	jmp _L221
 296  0022              #line 296 "E:\hamed\touch2\clock-temp-touch\TOUCH.h"
 296  0022  1F00     R  	clr _CalibrCount1[0]
 297  0023              #line 297 "E:\hamed\touch2\clock-temp-touch\TOUCH.h"
 297  0023  0700     R  	mov a,_Count_C1[0]
 297  0024  0380     R  	addm a,_Count_P1[0]
 297  0025  0700     R  	mov a,_Count_C1[1]
 297  0026  1380     R  	adcm a,_Count_P1[1]
 297  0027  1F05        	clr acc
 297  0028  1380     R  	adcm a,_Count_P1[2]
 297  0029  1380     R  	adcm a,_Count_P1[3]
 298  002A              #line 298 "E:\hamed\touch2\clock-temp-touch\TOUCH.h"
 298  002A  1480     R  	inc _Count_H1[0]
 298  002B  0F13        	mov a,19
 298  002C  0200     R  	sub a,_Count_H1[0]
 298  002D  3C0A        	sz c
 298  002E  2800     R  	jmp _L221
 298  002F  1F00     R  	clr _Count_H1[0]
 298  0030  1F00     E  	clr _builtin_holtek_udivmodsi4_2[12]
 298  0031  0700     R  	mov a,_Count_P1[0]  
 298  0032  0080     E  	mov _builtin_holtek_udivmodsi4_2[0],a  
 298  0033  0700     R  	mov a,_Count_P1[1]  
 298  0034  0080     E  	mov _builtin_holtek_udivmodsi4_2[1],a
 298  0035  0700     R  	mov a,_Count_P1[2]  
 298  0036  0080     E  	mov _builtin_holtek_udivmodsi4_2[2],a  
 298  0037  0700     R  	mov a,_Count_P1[3]  
 298  0038  0080     E  	mov _builtin_holtek_udivmodsi4_2[3],a
 298  0039  0F14        	mov a,20  
 298  003A  0080     E  	mov _builtin_holtek_udivmodsi4_2[4],a  
 298  003B  0F00        	mov a,0  
 298  003C  0080     E  	mov _builtin_holtek_udivmodsi4_2[5],a
 298  003D  1F00     E  	clr _builtin_holtek_udivmodsi4_2[6]
 298  003E  1F00     E  	clr _builtin_holtek_udivmodsi4_2[7]
 298  003F  2000     E  	call _builtin_holtek_udivmodsi4
 298  0040  0700     E  	mov a,_builtin_holtek_udivmodsi4_2[0]  
 298  0041  0080     E  	mov rd,a  
"File: TOUCH.h       Assembler  Version HGASM0202      Page 46

 298  0042  0700     E  	mov a,_builtin_holtek_udivmodsi4_2[1]  
 298  0043  0080     E  	mov re,a
 298  0044  0700     E  	mov a,_builtin_holtek_udivmodsi4_2[2]  
 298  0045  0080     E  	mov rf,a  
 298  0046  0700     E  	mov a,_builtin_holtek_udivmodsi4_2[3]  
 298  0047  0080     E  	mov rg,a
 298  0048  0700     E  	mov a,rd
 298  0049  0080     R  	mov _Count_B1[0],a
 298  004A  0700     E  	mov a,re
 298  004B  0080     R  	mov _Count_B1[1],a
 298  004C  1F00     R  	clr _Count_P1[0]
 298  004D  1F00     R  	clr _Count_P1[1]
 298  004E  1F00     R  	clr _Count_P1[2]
 298  004F  1F00     R  	clr _Count_P1[3]
 298  0050  2800     R  	jmp _L221
 298  0051              _L211:
 304  0051              #line 304 "E:\hamed\touch2\clock-temp-touch\TOUCH.h"
 304  0051  1700     R  	sdza _Key_Select_2[0]
 304  0052  2800     R  	jmp _L210
 305  0053              #line 305 "E:\hamed\touch2\clock-temp-touch\TOUCH.h"
 305  0053  B28A 0001   	lset [266].5
 305  0055  B20A 0001   	lset [266].4
 305  0057  B281 0001   	lset [257].5
 305  0059  B08B 0001   	lset [267].1
 305  005B  B40B 0001   	lclr [267].0
 305  005D              _L218:
 307  005D              #line 307 "E:\hamed\touch2\clock-temp-touch\TOUCH.h"
 307  005D  BF01 0001   	lsz [257].6
 307  005F  2800     R  	jmp _L224
 307  0060              ;# 307 "E:\hamed\touch2\clock-temp-touch\TOUCH.h" 1
 307  0060  0000        	nop
 307  0061  2800     R  	jmp _L218
 307  0062              _L224:
 308  0062              #line 308 "E:\hamed\touch2\clock-temp-touch\TOUCH.h"
 308  0062  8706 0001   	lmov a,[262]
 308  0064  0080     E  	mov rc,a
 308  0065  1F00     E  	clr rb
 308  0066  0700     E  	mov a,rc
 308  0067  0080     R  	mov _Count_C2[1],a
 308  0068  8705 0001   	lmov a,[261]
 308  006A  0500     E  	or a,rb
 308  006B  0080     R  	mov _Count_C2[0],a
 309  006C              #line 309 "E:\hamed\touch2\clock-temp-touch\TOUCH.h"
 309  006C  1480     R  	inc _CalibrCount2[0]
 310  006D              #line 310 "E:\hamed\touch2\clock-temp-touch\TOUCH.h"
 310  006D  0F03        	mov a,3
 310  006E  0200     R  	sub a,_CalibrCount2[0]
 310  006F  3C0A        	sz c
 310  0070  2800     R  	jmp _L221
 312  0071              #line 312 "E:\hamed\touch2\clock-temp-touch\TOUCH.h"
 312  0071  1F00     R  	clr _CalibrCount2[0]
 313  0072              #line 313 "E:\hamed\touch2\clock-temp-touch\TOUCH.h"
 313  0072  0700     R  	mov a,_Count_C2[0]
 313  0073  0380     R  	addm a,_Count_P2[0]
 313  0074  0700     R  	mov a,_Count_C2[1]
 313  0075  1380     R  	adcm a,_Count_P2[1]
 313  0076  1F05        	clr acc
 313  0077  1380     R  	adcm a,_Count_P2[2]
 313  0078  1380     R  	adcm a,_Count_P2[3]
 314  0079              #line 314 "E:\hamed\touch2\clock-temp-touch\TOUCH.h"
"File: TOUCH.h       Assembler  Version HGASM0202      Page 47

 314  0079  1480     R  	inc _Count_H2[0]
 314  007A  0F13        	mov a,19
 314  007B  0200     R  	sub a,_Count_H2[0]
 314  007C  3C0A        	sz c
 314  007D  2800     R  	jmp _L221
 314  007E  1F00     R  	clr _Count_H2[0]
 314  007F  1F00     E  	clr _builtin_holtek_udivmodsi4_2[12]
 314  0080  0700     R  	mov a,_Count_P2[0]  
 314  0081  0080     E  	mov _builtin_holtek_udivmodsi4_2[0],a  
 314  0082  0700     R  	mov a,_Count_P2[1]  
 314  0083  0080     E  	mov _builtin_holtek_udivmodsi4_2[1],a
 314  0084  0700     R  	mov a,_Count_P2[2]  
 314  0085  0080     E  	mov _builtin_holtek_udivmodsi4_2[2],a  
 314  0086  0700     R  	mov a,_Count_P2[3]  
 314  0087  0080     E  	mov _builtin_holtek_udivmodsi4_2[3],a
 314  0088  0F14        	mov a,20  
 314  0089  0080     E  	mov _builtin_holtek_udivmodsi4_2[4],a  
 314  008A  0F00        	mov a,0  
 314  008B  0080     E  	mov _builtin_holtek_udivmodsi4_2[5],a
 314  008C  1F00     E  	clr _builtin_holtek_udivmodsi4_2[6]
 314  008D  1F00     E  	clr _builtin_holtek_udivmodsi4_2[7]
 314  008E  2000     E  	call _builtin_holtek_udivmodsi4
 314  008F  0700     E  	mov a,_builtin_holtek_udivmodsi4_2[0]  
 314  0090  0080     E  	mov rd,a  
 314  0091  0700     E  	mov a,_builtin_holtek_udivmodsi4_2[1]  
 314  0092  0080     E  	mov re,a
 314  0093  0700     E  	mov a,_builtin_holtek_udivmodsi4_2[2]  
 314  0094  0080     E  	mov rf,a  
 314  0095  0700     E  	mov a,_builtin_holtek_udivmodsi4_2[3]  
 314  0096  0080     E  	mov rg,a
 314  0097  0700     E  	mov a,rd
 314  0098  0080     R  	mov _Count_B2[0],a
 314  0099  0700     E  	mov a,re
 314  009A  0080     R  	mov _Count_B2[1],a
 314  009B  1F00     R  	clr _Count_P2[0]
 314  009C  1F00     R  	clr _Count_P2[1]
 314  009D  1F00     R  	clr _Count_P2[2]
 314  009E  1F00     R  	clr _Count_P2[3]
 314  009F              _L221:
 317  009F              #line 317 "E:\hamed\touch2\clock-temp-touch\TOUCH.h"
 317  009F  B701 0001   	lclr [257].6
 317  00A1  B681 0001   	lclr [257].5
 317  00A3              _L210:
 317  00A3  0003        	ret
 317  00A4              _Key_Select endp
 317  00A4              #line 317 "E:\hamed\touch2\clock-temp-touch\TOUCH.h"
 317  00A4              #pragma debug scope 1 1
 317  00A4              public _main
 317  00A4              #pragma debug scope 32 1

  18  00A4              #line 18 "E:\hamed\touch2\clock-temp-touch\clock-temp-touch.c"
=======
 160  004A              _L259:
 162  004A              #line 162 "C:\Users\hamed\OneDrive\Documents\HTK_Project\clock-temp-touch\TOUCH.h"
 162  004A  0F13        	mov a,19
 162  004B  0200     R  	sub a,_State[0]
 162  004C  3C0A        	sz c
 162  004D  2800     R  	jmp _L263
 162  004E  0F18        	mov a,24
 162  004F  0200     R  	sub a,_State[0]
 162  0050  380A        	snz c
 162  0051  2800     R  	jmp _L263
 163  0052              #line 163 "C:\Users\hamed\OneDrive\Documents\HTK_Project\clock-temp-touch\TOUCH.h"
 163  0052  1F00     R  	clr _Belink[0]
 163  0053  1F00     R  	clr _Belink[1]
 163  0054  3000     R  	set _Belinker
 164  0055              #line 164 "C:\Users\hamed\OneDrive\Documents\HTK_Project\clock-temp-touch\TOUCH.h"
 164  0055  0F14        	mov a,20
 164  0056  0080     R  	mov _State[0],a
 165  0057              #line 165 "C:\Users\hamed\OneDrive\Documents\HTK_Project\clock-temp-touch\TOUCH.h"
 165  0057  1780     R  	sdz _Min[0]
 165  0058  2800     R  	jmp _L263
 166  0059              #line 166 "C:\Users\hamed\OneDrive\Documents\HTK_Project\clock-temp-touch\TOUCH.h"
 166  0059  0F3C        	mov a,60
 166  005A  0080     R  	mov _Min[0],a
 166  005B              _L263:
 168  005B              #line 168 "C:\Users\hamed\OneDrive\Documents\HTK_Project\clock-temp-touch\TOUCH.h"
 168  005B  0F18        	mov a,24
 168  005C  0200     R  	sub a,_State[0]
 168  005D  3C0A        	sz c
 168  005E  2800     R  	jmp _L266
"File: TOUCH.h       Assembler  Version HGASM0202      Page 50

 168  005F  0F1E        	mov a,30
 168  0060  0200     R  	sub a,_State[0]
 168  0061  380A        	snz c
 168  0062  2800     R  	jmp _L266
 169  0063              #line 169 "C:\Users\hamed\OneDrive\Documents\HTK_Project\clock-temp-touch\TOUCH.h"
 169  0063  1F00     R  	clr _Belink[0]
 169  0064  1F00     R  	clr _Belink[1]
 169  0065  3000     R  	set _Belinker
 170  0066              #line 170 "C:\Users\hamed\OneDrive\Documents\HTK_Project\clock-temp-touch\TOUCH.h"
 170  0066  0F19        	mov a,25
 170  0067  0080     R  	mov _State[0],a
 171  0068              #line 171 "C:\Users\hamed\OneDrive\Documents\HTK_Project\clock-temp-touch\TOUCH.h"
 171  0068  1780     R  	sdz _Hrs[0]
 171  0069  2800     R  	jmp _L266
 172  006A              #line 172 "C:\Users\hamed\OneDrive\Documents\HTK_Project\clock-temp-touch\TOUCH.h"
 172  006A  0F17        	mov a,23
 172  006B  0080     R  	mov _Hrs[0],a
 172  006C              _L266:
 175  006C              #line 175 "C:\Users\hamed\OneDrive\Documents\HTK_Project\clock-temp-touch\TOUCH.h"
 175  006C  0F01        	mov a,1
 175  006D  0080     R  	mov _Bip[0],a
 175  006E              _L258:
 180  006E              #line 180 "C:\Users\hamed\OneDrive\Documents\HTK_Project\clock-temp-touch\TOUCH.h"
 180  006E  0FA6        	mov a,166
 180  006F  0300     R  	add a,_Count_B2[0]
 180  0070  0080     E  	mov rb,a
 180  0071  0FFF        	mov a,255
 180  0072  1300     R  	adc a,_Count_B2[1]
 180  0073  0080     E  	mov rc,a
 180  0074  0700     R  	mov a,_Count_C2[0]
 180  0075  0200     E  	sub a,rb
 180  0076  0700     R  	mov a,_Count_C2[1]
 180  0077  1200     E  	sbc a,rc
 180  0078  3C0A        	sz c
 180  0079  2800     R  	jmp _L268
 180  007A  0FCE        	mov a,206
 180  007B  0300     R  	add a,_Count_B1[0]
 180  007C  0080     E  	mov rb,a
 180  007D  0FFF        	mov a,255
 180  007E  1300     R  	adc a,_Count_B1[1]
 180  007F  0080     E  	mov rc,a
 180  0080  0700     E  	mov a,rb
 180  0081  0200     R  	sub a,_Count_C1[0]
 180  0082  0700     E  	mov a,rc
 180  0083  1200     R  	sbc a,_Count_C1[1]
 180  0084  3C0A        	sz c
 180  0085  2800     R  	jmp _L268
 181  0086              #line 181 "C:\Users\hamed\OneDrive\Documents\HTK_Project\clock-temp-touch\TOUCH.h"
 181  0086  1480     R  	inc _Count_T2[0]
 182  0087              #line 182 "C:\Users\hamed\OneDrive\Documents\HTK_Project\clock-temp-touch\TOUCH.h"
 182  0087  0F96        	mov a,150
 182  0088  0200     R  	sub a,_Count_T2[0]
 182  0089  3C0A        	sz c
 182  008A  2800     R  	jmp _L270
 182  008B  0F96        	mov a,150
 182  008C  0080     R  	mov _Count_T2[0],a
 182  008D  2800     R  	jmp _L270
 182  008E              _L268:
 183  008E              #line 183 "C:\Users\hamed\OneDrive\Documents\HTK_Project\clock-temp-touch\TOUCH.h"
 183  008E  0FF6        	mov a,246
"File: TOUCH.h       Assembler  Version HGASM0202      Page 51

 183  008F  0300     R  	add a,_Count_B2[0]
 183  0090  0080     E  	mov rb,a
 183  0091  0FFF        	mov a,255
 183  0092  1300     R  	adc a,_Count_B2[1]
 183  0093  0080     E  	mov rc,a
 183  0094  0700     E  	mov a,rb
 183  0095  0200     R  	sub a,_Count_C2[0]
 183  0096  0700     E  	mov a,rc
 183  0097  1200     R  	sbc a,_Count_C2[1]
 183  0098  3C0A        	sz c
 183  0099  2800     R  	jmp _L270
 183  009A  1F00     R  	clr _Count_T2[0]
 183  009B              _L270:
 185  009B              #line 185 "C:\Users\hamed\OneDrive\Documents\HTK_Project\clock-temp-touch\TOUCH.h"
 185  009B  0700     R  	mov a,_Count_T2[0]
 185  009C  0A5A        	sub a,90
 185  009D  390A        	snz z
 185  009E  2800     R  	jmp _L272
 187  009F              #line 187 "C:\Users\hamed\OneDrive\Documents\HTK_Project\clock-temp-touch\TOUCH.h"
 187  009F  0700     R  	mov a,_State[0]
 187  00A0  0080     E  	mov ra,a
 187  00A1  0F0E        	mov a,14
 187  00A2  0200     R  	sub a,_State[0]
 187  00A3  380A        	snz c
 187  00A4  2800     R  	jmp _L273
 188  00A5              #line 188 "C:\Users\hamed\OneDrive\Documents\HTK_Project\clock-temp-touch\TOUCH.h"
 188  00A5  3800     R  	snz _q2
 188  00A6  2800     R  	jmp _L274
 188  00A7  3400     R  	clr _q2
 188  00A8  2800     R  	jmp _L275
 188  00A9              _L274:
 189  00A9              #line 189 "C:\Users\hamed\OneDrive\Documents\HTK_Project\clock-temp-touch\TOUCH.h"
 189  00A9  3000     R  	set _q2
 189  00AA              _L275:
 191  00AA              #line 191 "C:\Users\hamed\OneDrive\Documents\HTK_Project\clock-temp-touch\TOUCH.h"
 191  00AA  1F00     E  	clr ra
 191  00AB  3C00     R  	sz _q2
 191  00AC  3000     E  	set ra.0
 191  00AD  1100     E  	swapa ra
 191  00AE  1985        	rr acc
 191  00AF  0EF8        	and a,0f8h
 191  00B0  0080     E  	mov ra,a
 191  00B1  3598        	clr [24].3
 191  00B2  0700     E  	mov a,ra
 191  00B3  0598        	orm a,[24]
 192  00B4              #line 192 "C:\Users\hamed\OneDrive\Documents\HTK_Project\clock-temp-touch\TOUCH.h"
 192  00B4  1F00     E  	clr rb
 192  00B5  3800     R  	snz _q2
 192  00B6  3000     E  	set rb.0
 192  00B7  1F00     E  	clr ra
 192  00B8  1080     E  	sz rb
 192  00B9  3000     E  	set ra.2
 192  00BA  3518        	clr [24].2
 192  00BB  0700     E  	mov a,ra
 192  00BC  0598        	orm a,[24]
 192  00BD              _L273:
 194  00BD              #line 194 "C:\Users\hamed\OneDrive\Documents\HTK_Project\clock-temp-touch\TOUCH.h"
 194  00BD  0F13        	mov a,19
 194  00BE  0200     R  	sub a,_State[0]
 194  00BF  3C0A        	sz c
"File: TOUCH.h       Assembler  Version HGASM0202      Page 52

 194  00C0  2800     R  	jmp _L277
 194  00C1  0F18        	mov a,24
 194  00C2  0200     R  	sub a,_State[0]
 194  00C3  380A        	snz c
 194  00C4  2800     R  	jmp _L277
 195  00C5              #line 195 "C:\Users\hamed\OneDrive\Documents\HTK_Project\clock-temp-touch\TOUCH.h"
 195  00C5  1F00     R  	clr _Belink[0]
 195  00C6  1F00     R  	clr _Belink[1]
 195  00C7  3000     R  	set _Belinker
 196  00C8              #line 196 "C:\Users\hamed\OneDrive\Documents\HTK_Project\clock-temp-touch\TOUCH.h"
 196  00C8  0F14        	mov a,20
 196  00C9  0080     R  	mov _State[0],a
 197  00CA              #line 197 "C:\Users\hamed\OneDrive\Documents\HTK_Project\clock-temp-touch\TOUCH.h"
 197  00CA  1480     R  	inc _Min[0]
 198  00CB              #line 198 "C:\Users\hamed\OneDrive\Documents\HTK_Project\clock-temp-touch\TOUCH.h"
 198  00CB  0F3B        	mov a,59
 198  00CC  0200     R  	sub a,_Min[0]
 198  00CD  3C0A        	sz c
 198  00CE  2800     R  	jmp _L277
 198  00CF  1F00     R  	clr _Min[0]
 198  00D0              _L277:
 200  00D0              #line 200 "C:\Users\hamed\OneDrive\Documents\HTK_Project\clock-temp-touch\TOUCH.h"
 200  00D0  0F18        	mov a,24
 200  00D1  0200     R  	sub a,_State[0]
 200  00D2  3C0A        	sz c
 200  00D3  2800     R  	jmp _L280
 200  00D4  0F1E        	mov a,30
 200  00D5  0200     R  	sub a,_State[0]
 200  00D6  380A        	snz c
 200  00D7  2800     R  	jmp _L280
 201  00D8              #line 201 "C:\Users\hamed\OneDrive\Documents\HTK_Project\clock-temp-touch\TOUCH.h"
 201  00D8  1F00     R  	clr _Belink[0]
 201  00D9  1F00     R  	clr _Belink[1]
 201  00DA  3000     R  	set _Belinker
 202  00DB              #line 202 "C:\Users\hamed\OneDrive\Documents\HTK_Project\clock-temp-touch\TOUCH.h"
 202  00DB  0F19        	mov a,25
 202  00DC  0080     R  	mov _State[0],a
 203  00DD              #line 203 "C:\Users\hamed\OneDrive\Documents\HTK_Project\clock-temp-touch\TOUCH.h"
 203  00DD  1480     R  	inc _Hrs[0]
 204  00DE              #line 204 "C:\Users\hamed\OneDrive\Documents\HTK_Project\clock-temp-touch\TOUCH.h"
 204  00DE  0F17        	mov a,23
 204  00DF  0200     R  	sub a,_Hrs[0]
 204  00E0  3C0A        	sz c
 204  00E1  2800     R  	jmp _L280
 204  00E2  1F00     R  	clr _Hrs[0]
 204  00E3              _L280:
 207  00E3              #line 207 "C:\Users\hamed\OneDrive\Documents\HTK_Project\clock-temp-touch\TOUCH.h"
 207  00E3  0F01        	mov a,1
 207  00E4  0080     R  	mov _Bip[0],a
 207  00E5              _L272:
 213  00E5              #line 213 "C:\Users\hamed\OneDrive\Documents\HTK_Project\clock-temp-touch\TOUCH.h"
 213  00E5  0FCE        	mov a,206
 213  00E6  0300     R  	add a,_Count_B2[0]
 213  00E7  0080     E  	mov rb,a
 213  00E8  0FFF        	mov a,255
 213  00E9  1300     R  	adc a,_Count_B2[1]
 213  00EA  0080     E  	mov rc,a
 213  00EB  0700     R  	mov a,_Count_C2[0]
 213  00EC  0200     E  	sub a,rb
 213  00ED  0700     R  	mov a,_Count_C2[1]
"File: TOUCH.h       Assembler  Version HGASM0202      Page 53

 213  00EE  1200     E  	sbc a,rc
 213  00EF  3C0A        	sz c
 213  00F0  2800     R  	jmp _L282
 213  00F1  0FCE        	mov a,206
 213  00F2  0300     R  	add a,_Count_B1[0]
 213  00F3  0080     E  	mov rb,a
 213  00F4  0FFF        	mov a,255
 213  00F5  1300     R  	adc a,_Count_B1[1]
 213  00F6  0080     E  	mov rc,a
 213  00F7  0700     R  	mov a,_Count_C1[0]
 213  00F8  0200     E  	sub a,rb
 213  00F9  0700     R  	mov a,_Count_C1[1]
 213  00FA  1200     E  	sbc a,rc
 213  00FB  3C0A        	sz c
 213  00FC  2800     R  	jmp _L282
 214  00FD              #line 214 "C:\Users\hamed\OneDrive\Documents\HTK_Project\clock-temp-touch\TOUCH.h"
 214  00FD  1480     R  	inc _Count_TQ[0]
 214  00FE  3D0A        	sz z
 214  00FF  1480     R  	inc _Count_TQ[1]
 215  0100              #line 215 "C:\Users\hamed\OneDrive\Documents\HTK_Project\clock-temp-touch\TOUCH.h"
 215  0100  0FE8        	mov a,232
 215  0101  0200     R  	sub a,_Count_TQ[0]
 215  0102  0F03        	mov a,3
 215  0103  1200     R  	sbc a,_Count_TQ[1]
 215  0104  3C0A        	sz c
 215  0105  2800     R  	jmp _L284
 215  0106  0FE8        	mov a,-24
 215  0107  0080     R  	mov _Count_TQ[0],a
 215  0108  0F03        	mov a,3
 215  0109  0080     R  	mov _Count_TQ[1],a
 215  010A  2800     R  	jmp _L284
 215  010B              _L282:
 216  010B              #line 216 "C:\Users\hamed\OneDrive\Documents\HTK_Project\clock-temp-touch\TOUCH.h"
 216  010B  0FF6        	mov a,246
 216  010C  0300     R  	add a,_Count_B2[0]
 216  010D  0080     E  	mov rb,a
 216  010E  0FFF        	mov a,255
 216  010F  1300     R  	adc a,_Count_B2[1]
 216  0110  0080     E  	mov rc,a
 216  0111  0700     E  	mov a,rb
 216  0112  0200     R  	sub a,_Count_C2[0]
 216  0113  0700     E  	mov a,rc
 216  0114  1200     R  	sbc a,_Count_C2[1]
 216  0115  3C0A        	sz c
 216  0116  2800     R  	jmp _L284
 216  0117  0FF6        	mov a,246
 216  0118  0300     R  	add a,_Count_B1[0]
 216  0119  0080     E  	mov rb,a
 216  011A  0FFF        	mov a,255
 216  011B  1300     R  	adc a,_Count_B1[1]
 216  011C  0080     E  	mov rc,a
 216  011D  0700     E  	mov a,rb
 216  011E  0200     R  	sub a,_Count_C1[0]
 216  011F  0700     E  	mov a,rc
 216  0120  1200     R  	sbc a,_Count_C1[1]
 216  0121  3C0A        	sz c
 216  0122  2800     R  	jmp _L284
 216  0123  1F00     R  	clr _Count_TQ[0]
 216  0124  1F00     R  	clr _Count_TQ[1]
 216  0125              _L284:
"File: TOUCH.h       Assembler  Version HGASM0202      Page 54

 218  0125              #line 218 "C:\Users\hamed\OneDrive\Documents\HTK_Project\clock-temp-touch\TOUCH.h"
 218  0125  0700     R  	mov a,_Count_TQ[0]
 218  0126  0ADE        	sub a,222
 218  0127  0700     R  	mov a,_Count_TQ[1]
 218  0128  0803        	sbc a,3
 218  0129  3B0A        	snz cz
 218  012A  2800     R  	jmp _L253
 220  012B              #line 220 "C:\Users\hamed\OneDrive\Documents\HTK_Project\clock-temp-touch\TOUCH.h"
 220  012B  3000     R  	set _Belinking
 220  012C  0F14        	mov a,20
 220  012D  0080     R  	mov _State[0],a
 221  012E              #line 221 "C:\Users\hamed\OneDrive\Documents\HTK_Project\clock-temp-touch\TOUCH.h"
 221  012E  0F02        	mov a,2
 221  012F  0080     R  	mov _Bip[0],a
 221  0130              _L253:
 221  0130  0003        	ret
 221  0131              _Key_Touch endp
 221  0131              #line 221 "C:\Users\hamed\OneDrive\Documents\HTK_Project\clock-temp-touch\TOUCH.h"
 221  0131              #pragma debug scope 1 1
 221  0131              ___tkm0c2 equ [267]
 221  0131              ___tkm016dh equ [262]
 221  0131              ___tkm016dl equ [261]
 221  0131              public _CalibrTuoch
 221  0131              #pragma debug scope 34 1
 228  0131              #line 228 "C:\Users\hamed\OneDrive\Documents\HTK_Project\clock-temp-touch\TOUCH.h"
 228  0000              _CalibrTuoch .section 'code'
 228  0000              _CalibrTuoch proc
 228  0000  0004[           local _CalibrTuoch_2 db 4 dup(?)	; 0,4
            00
            ]
 229  0004              #line 229 "C:\Users\hamed\OneDrive\Documents\HTK_Project\clock-temp-touch\TOUCH.h"
 229  0000  1F00     R  	clr _j[0]
 229  0001              _L288:
 229  0001              #line 229 "C:\Users\hamed\OneDrive\Documents\HTK_Project\clock-temp-touch\TOUCH.h"
 229  0001  0F01        	mov a,1
 229  0002  0200     R  	sub a,_j[0]
 229  0003  380A        	snz c
 229  0004  2800     R  	jmp _L300
 231  0005              #line 231 "C:\Users\hamed\OneDrive\Documents\HTK_Project\clock-temp-touch\TOUCH.h"
 231  0005  B681 0001   	lclr [257].5
 232  0007              #line 232 "C:\Users\hamed\OneDrive\Documents\HTK_Project\clock-temp-touch\TOUCH.h"
 232  0007  1080     R  	sz _j[0]
 232  0008  2800     R  	jmp _L289
 232  0009  B08B 0001   	lset [267].1
 232  000B  B00B 0001   	lset [267].0
 232  000D  0FF4        	mov a,-12
 232  000E  0080     R  	mov _delay_10us_2[0],a
 232  000F  0F01        	mov a,1
 232  0010  0080     R  	mov _delay_10us_2[1],a
 232  0011  1F00     R  	clr _delay_10us_2[2]
 232  0012  1F00     R  	clr _delay_10us_2[3]
 232  0013  2000     R  	call _delay_10us
 232  0014              _L289:
 233  0014              #line 233 "C:\Users\hamed\OneDrive\Documents\HTK_Project\clock-temp-touch\TOUCH.h"
 233  0014  1700     R  	sdza _j[0]
 233  0015  2800     R  	jmp _L290
 233  0016  B08B 0001   	lset [267].1
 233  0018  B40B 0001   	lclr [267].0
 233  001A  0FF4        	mov a,-12
 233  001B  0080     R  	mov _delay_10us_2[0],a
"File: TOUCH.h       Assembler  Version HGASM0202      Page 55

 233  001C  0F01        	mov a,1
 233  001D  0080     R  	mov _delay_10us_2[1],a
 233  001E  1F00     R  	clr _delay_10us_2[2]
 233  001F  1F00     R  	clr _delay_10us_2[3]
 233  0020  2000     R  	call _delay_10us
 233  0021              _L290:
 235  0021              #line 235 "C:\Users\hamed\OneDrive\Documents\HTK_Project\clock-temp-touch\TOUCH.h"
 235  0021              ;# 235 "C:\Users\hamed\OneDrive\Documents\HTK_Project\clock-temp-touch\TOUCH.h" 1
 235  0021  0001        	clr wdt
 237  0022              #line 237 "C:\Users\hamed\OneDrive\Documents\HTK_Project\clock-temp-touch\TOUCH.h"
 237  0022  1F00     R  	clr _i[0]
 237  0023              _L291:
 237  0023  0F13        	mov a,19
 237  0024  0200     R  	sub a,_i[0]
 237  0025  380A        	snz c
 237  0026  2800     R  	jmp _L301
 239  0027              #line 239 "C:\Users\hamed\OneDrive\Documents\HTK_Project\clock-temp-touch\TOUCH.h"
 239  0027  1080     R  	sz _j[0]
 239  0028  2800     R  	jmp _L292
 239  0029  B28A 0001   	lset [266].5
 239  002B  B20A 0001   	lset [266].4
 239  002D              _L292:
 240  002D              #line 240 "C:\Users\hamed\OneDrive\Documents\HTK_Project\clock-temp-touch\TOUCH.h"
 240  002D  1700     R  	sdza _j[0]
 240  002E  2800     R  	jmp _L293
 240  002F  B28A 0001   	lset [266].5
 240  0031  B20A 0001   	lset [266].4
 240  0033              _L293:
 242  0033              #line 242 "C:\Users\hamed\OneDrive\Documents\HTK_Project\clock-temp-touch\TOUCH.h"
 242  0033  B281 0001   	lset [257].5
 244  0035              #line 244 "C:\Users\hamed\OneDrive\Documents\HTK_Project\clock-temp-touch\TOUCH.h"
 244  0035              ;# 244 "C:\Users\hamed\OneDrive\Documents\HTK_Project\clock-temp-touch\TOUCH.h" 1
 244  0035  0001        	clr wdt
 244  0036              _L295:
 245  0036              #line 245 "C:\Users\hamed\OneDrive\Documents\HTK_Project\clock-temp-touch\TOUCH.h"
 245  0036  BB01 0001   	lsnz [257].6
 245  0038  2800     R  	jmp _L295
 247  0039              #line 247 "C:\Users\hamed\OneDrive\Documents\HTK_Project\clock-temp-touch\TOUCH.h"
 247  0039  1080     R  	sz _j[0]
 247  003A  2800     R  	jmp _L296
 247  003B  8706 0001   	lmov a,[262]
 247  003D  0080     R  	mov _CalibrTuoch_2[1],a
 247  003E  1F00     R  	clr _CalibrTuoch_2[0]
 247  003F  0700     R  	mov a,_CalibrTuoch_2[1]
 247  0040  0080     R  	mov _Count_C1[1],a
 247  0041  8705 0001   	lmov a,[261]
 247  0043  0500     R  	or a,_CalibrTuoch_2[0]
 247  0044  0080     R  	mov _Count_C1[0],a
 247  0045  0700     R  	mov a,_Count_C1[0]
 247  0046  0380     R  	addm a,_Count_P1[0]
 247  0047  0700     R  	mov a,_Count_C1[1]
 247  0048  1380     R  	adcm a,_Count_P1[1]
 247  0049  1F05        	clr acc
 247  004A  1380     R  	adcm a,_Count_P1[2]
 247  004B  1380     R  	adcm a,_Count_P1[3]
 247  004C              _L296:
 248  004C              #line 248 "C:\Users\hamed\OneDrive\Documents\HTK_Project\clock-temp-touch\TOUCH.h"
 248  004C  1700     R  	sdza _j[0]
 248  004D  2800     R  	jmp _L297
 248  004E  8706 0001   	lmov a,[262]
"File: TOUCH.h       Assembler  Version HGASM0202      Page 56

 248  0050  0080     R  	mov _CalibrTuoch_2[3],a
 248  0051  1F00     R  	clr _CalibrTuoch_2[2]
 248  0052  0700     R  	mov a,_CalibrTuoch_2[3]
 248  0053  0080     R  	mov _Count_C2[1],a
 248  0054  8705 0001   	lmov a,[261]
 248  0056  0500     R  	or a,_CalibrTuoch_2[2]
 248  0057  0080     R  	mov _Count_C2[0],a
 248  0058  0700     R  	mov a,_Count_C2[0]
 248  0059  0380     R  	addm a,_Count_P2[0]
 248  005A  0700     R  	mov a,_Count_C2[1]
 248  005B  1380     R  	adcm a,_Count_P2[1]
 248  005C  1F05        	clr acc
 248  005D  1380     R  	adcm a,_Count_P2[2]
 248  005E  1380     R  	adcm a,_Count_P2[3]
 248  005F              _L297:
 250  005F              #line 250 "C:\Users\hamed\OneDrive\Documents\HTK_Project\clock-temp-touch\TOUCH.h"
 250  005F  B701 0001   	lclr [257].6
 251  0061              #line 251 "C:\Users\hamed\OneDrive\Documents\HTK_Project\clock-temp-touch\TOUCH.h"
 251  0061  B681 0001   	lclr [257].5
 253  0063              #line 253 "C:\Users\hamed\OneDrive\Documents\HTK_Project\clock-temp-touch\TOUCH.h"
 253  0063              ;# 253 "C:\Users\hamed\OneDrive\Documents\HTK_Project\clock-temp-touch\TOUCH.h" 1
 253  0063  0001        	clr wdt
 254  0064              #line 254 "C:\Users\hamed\OneDrive\Documents\HTK_Project\clock-temp-touch\TOUCH.h"
 254  0064  0F05        	mov a,5
 254  0065  0080     R  	mov _delay_ms_2[0],a
 254  0066  1F00     R  	clr _delay_ms_2[1]
 254  0067  1F00     R  	clr _delay_ms_2[2]
 254  0068  1F00     R  	clr _delay_ms_2[3]
 254  0069  2000     R  	call _delay_ms
 237  006A              #line 237 "C:\Users\hamed\OneDrive\Documents\HTK_Project\clock-temp-touch\TOUCH.h"
 237  006A  1480     R  	inc _i[0]
 237  006B  2800     R  	jmp _L291
 237  006C              _L301:
 229  006C              #line 229 "C:\Users\hamed\OneDrive\Documents\HTK_Project\clock-temp-touch\TOUCH.h"
 229  006C  1480     R  	inc _j[0]
 229  006D  2800     R  	jmp _L288
 229  006E              _L300:
 257  006E              #line 257 "C:\Users\hamed\OneDrive\Documents\HTK_Project\clock-temp-touch\TOUCH.h"
 257  006E  1F00     E  	clr _builtin_holtek_udivmodsi4_2[12]
 257  006F  0700     R  	mov a,_Count_P1[0]  
 257  0070  0080     E  	mov _builtin_holtek_udivmodsi4_2[0],a  
 257  0071  0700     R  	mov a,_Count_P1[1]  
 257  0072  0080     E  	mov _builtin_holtek_udivmodsi4_2[1],a
 257  0073  0700     R  	mov a,_Count_P1[2]  
 257  0074  0080     E  	mov _builtin_holtek_udivmodsi4_2[2],a  
 257  0075  0700     R  	mov a,_Count_P1[3]  
 257  0076  0080     E  	mov _builtin_holtek_udivmodsi4_2[3],a
 257  0077  0F14        	mov a,20  
 257  0078  0080     E  	mov _builtin_holtek_udivmodsi4_2[4],a  
 257  0079  0F00        	mov a,0  
 257  007A  0080     E  	mov _builtin_holtek_udivmodsi4_2[5],a
 257  007B  1F00     E  	clr _builtin_holtek_udivmodsi4_2[6]
 257  007C  1F00     E  	clr _builtin_holtek_udivmodsi4_2[7]
 257  007D  2000     E  	call _builtin_holtek_udivmodsi4
 257  007E  0700     E  	mov a,_builtin_holtek_udivmodsi4_2[0]  
 257  007F  0080     E  	mov rd,a  
 257  0080  0700     E  	mov a,_builtin_holtek_udivmodsi4_2[1]  
 257  0081  0080     E  	mov re,a
 257  0082  0700     E  	mov a,_builtin_holtek_udivmodsi4_2[2]  
 257  0083  0080     E  	mov rf,a  
"File: TOUCH.h       Assembler  Version HGASM0202      Page 57

 257  0084  0700     E  	mov a,_builtin_holtek_udivmodsi4_2[3]  
 257  0085  0080     E  	mov rg,a
 257  0086  0700     E  	mov a,rd
 257  0087  0080     R  	mov _Count_B1[0],a
 257  0088  0700     E  	mov a,re
 257  0089  0080     R  	mov _Count_B1[1],a
 258  008A              #line 258 "C:\Users\hamed\OneDrive\Documents\HTK_Project\clock-temp-touch\TOUCH.h"
 258  008A  1F00     E  	clr _builtin_holtek_udivmodsi4_2[12]
 258  008B  0700     R  	mov a,_Count_P2[0]  
 258  008C  0080     E  	mov _builtin_holtek_udivmodsi4_2[0],a  
 258  008D  0700     R  	mov a,_Count_P2[1]  
 258  008E  0080     E  	mov _builtin_holtek_udivmodsi4_2[1],a
 258  008F  0700     R  	mov a,_Count_P2[2]  
 258  0090  0080     E  	mov _builtin_holtek_udivmodsi4_2[2],a  
 258  0091  0700     R  	mov a,_Count_P2[3]  
 258  0092  0080     E  	mov _builtin_holtek_udivmodsi4_2[3],a
 258  0093  0F14        	mov a,20  
 258  0094  0080     E  	mov _builtin_holtek_udivmodsi4_2[4],a  
 258  0095  0F00        	mov a,0  
 258  0096  0080     E  	mov _builtin_holtek_udivmodsi4_2[5],a
 258  0097  1F00     E  	clr _builtin_holtek_udivmodsi4_2[6]
 258  0098  1F00     E  	clr _builtin_holtek_udivmodsi4_2[7]
 258  0099  2000     E  	call _builtin_holtek_udivmodsi4
 258  009A  0700     E  	mov a,_builtin_holtek_udivmodsi4_2[0]  
 258  009B  0080     E  	mov rd,a  
 258  009C  0700     E  	mov a,_builtin_holtek_udivmodsi4_2[1]  
 258  009D  0080     E  	mov re,a
 258  009E  0700     E  	mov a,_builtin_holtek_udivmodsi4_2[2]  
 258  009F  0080     E  	mov rf,a  
 258  00A0  0700     E  	mov a,_builtin_holtek_udivmodsi4_2[3]  
 258  00A1  0080     E  	mov rg,a
 258  00A2  0700     E  	mov a,rd
 258  00A3  0080     R  	mov _Count_B2[0],a
 258  00A4  0700     E  	mov a,re
 258  00A5  0080     R  	mov _Count_B2[1],a
 260  00A6              #line 260 "C:\Users\hamed\OneDrive\Documents\HTK_Project\clock-temp-touch\TOUCH.h"
 260  00A6  1F00     R  	clr _Count_P1[0]
 260  00A7  1F00     R  	clr _Count_P1[1]
 260  00A8  1F00     R  	clr _Count_P1[2]
 260  00A9  1F00     R  	clr _Count_P1[3]
 261  00AA              #line 261 "C:\Users\hamed\OneDrive\Documents\HTK_Project\clock-temp-touch\TOUCH.h"
 261  00AA  1F00     R  	clr _Count_P2[0]
 261  00AB  1F00     R  	clr _Count_P2[1]
 261  00AC  1F00     R  	clr _Count_P2[2]
 261  00AD  1F00     R  	clr _Count_P2[3]
 263  00AE              #line 263 "C:\Users\hamed\OneDrive\Documents\HTK_Project\clock-temp-touch\TOUCH.h"
 263  00AE              ;# 263 "C:\Users\hamed\OneDrive\Documents\HTK_Project\clock-temp-touch\TOUCH.h" 1
 263  00AE  0001        	clr wdt
 263  00AF  0003        	ret
 263  00B0              _CalibrTuoch endp
 263  00B0              #line 263 "C:\Users\hamed\OneDrive\Documents\HTK_Project\clock-temp-touch\TOUCH.h"
 263  00B0              #pragma debug scope 1 1
 263  00B0              public _Key_Select
 263  00B0              #pragma debug scope 35 1
 268  00B0              #line 268 "C:\Users\hamed\OneDrive\Documents\HTK_Project\clock-temp-touch\TOUCH.h"
 268  0000              _Key_Select .section 'code'
 268  0000              _Key_Select proc
 268  0000  00              local _Key_Select_2 db 1 dup(?)	; 0,1
 268  0000  0080     E  	mov ra,a
 268  0001  0080     R  	mov _Key_Select_2[0],a
"File: TOUCH.h       Assembler  Version HGASM0202      Page 58

 268  0002              #pragma debug variable 7 35 _Key_Select_2+0 "Sel"
 284  0002              #line 284 "C:\Users\hamed\OneDrive\Documents\HTK_Project\clock-temp-touch\TOUCH.h"
 284  0002  1080     E  	sz ra
 284  0003  2800     R  	jmp _L303
 285  0004              #line 285 "C:\Users\hamed\OneDrive\Documents\HTK_Project\clock-temp-touch\TOUCH.h"
 285  0004  B28A 0001   	lset [266].5
 285  0006  B20A 0001   	lset [266].4
 285  0008  B281 0001   	lset [257].5
 285  000A  B08B 0001   	lset [267].1
 285  000C  B00B 0001   	lset [267].0
 285  000E              _L304:
 287  000E              #line 287 "C:\Users\hamed\OneDrive\Documents\HTK_Project\clock-temp-touch\TOUCH.h"
 287  000E  BF01 0001   	lsz [257].6
 287  0010  2800     R  	jmp _L315
 287  0011              ;# 287 "C:\Users\hamed\OneDrive\Documents\HTK_Project\clock-temp-touch\TOUCH.h" 1
 287  0011  0000        	nop
 287  0012  2800     R  	jmp _L304
 287  0013              _L315:
 288  0013              #line 288 "C:\Users\hamed\OneDrive\Documents\HTK_Project\clock-temp-touch\TOUCH.h"
 288  0013  8706 0001   	lmov a,[262]
 288  0015  0080     E  	mov rc,a
 288  0016  1F00     E  	clr rb
 288  0017  0700     E  	mov a,rc
 288  0018  0080     R  	mov _Count_C1[1],a
 288  0019  8705 0001   	lmov a,[261]
 288  001B  0500     E  	or a,rb
 288  001C  0080     R  	mov _Count_C1[0],a
 289  001D              #line 289 "C:\Users\hamed\OneDrive\Documents\HTK_Project\clock-temp-touch\TOUCH.h"
 289  001D  1480     R  	inc _CalibrCount1[0]
 290  001E              #line 290 "C:\Users\hamed\OneDrive\Documents\HTK_Project\clock-temp-touch\TOUCH.h"
 290  001E  0F64        	mov a,100
 290  001F  0200     R  	sub a,_CalibrCount1[0]
 290  0020  3C0A        	sz c
 290  0021  2800     R  	jmp _L313
 292  0022              #line 292 "C:\Users\hamed\OneDrive\Documents\HTK_Project\clock-temp-touch\TOUCH.h"
 292  0022  1F00     R  	clr _CalibrCount1[0]
 293  0023              #line 293 "C:\Users\hamed\OneDrive\Documents\HTK_Project\clock-temp-touch\TOUCH.h"
 293  0023  0700     R  	mov a,_Count_C1[0]
 293  0024  0380     R  	addm a,_Count_P1[0]
 293  0025  0700     R  	mov a,_Count_C1[1]
 293  0026  1380     R  	adcm a,_Count_P1[1]
 293  0027  1F05        	clr acc
 293  0028  1380     R  	adcm a,_Count_P1[2]
 293  0029  1380     R  	adcm a,_Count_P1[3]
 294  002A              #line 294 "C:\Users\hamed\OneDrive\Documents\HTK_Project\clock-temp-touch\TOUCH.h"
 294  002A  1480     R  	inc _Count_H1[0]
 294  002B  0F13        	mov a,19
 294  002C  0200     R  	sub a,_Count_H1[0]
 294  002D  3C0A        	sz c
 294  002E  2800     R  	jmp _L313
 294  002F  1F00     R  	clr _Count_H1[0]
 294  0030  1F00     E  	clr _builtin_holtek_udivmodsi4_2[12]
 294  0031  0700     R  	mov a,_Count_P1[0]  
 294  0032  0080     E  	mov _builtin_holtek_udivmodsi4_2[0],a  
 294  0033  0700     R  	mov a,_Count_P1[1]  
 294  0034  0080     E  	mov _builtin_holtek_udivmodsi4_2[1],a
 294  0035  0700     R  	mov a,_Count_P1[2]  
 294  0036  0080     E  	mov _builtin_holtek_udivmodsi4_2[2],a  
 294  0037  0700     R  	mov a,_Count_P1[3]  
 294  0038  0080     E  	mov _builtin_holtek_udivmodsi4_2[3],a
"File: TOUCH.h       Assembler  Version HGASM0202      Page 59

 294  0039  0F14        	mov a,20  
 294  003A  0080     E  	mov _builtin_holtek_udivmodsi4_2[4],a  
 294  003B  0F00        	mov a,0  
 294  003C  0080     E  	mov _builtin_holtek_udivmodsi4_2[5],a
 294  003D  1F00     E  	clr _builtin_holtek_udivmodsi4_2[6]
 294  003E  1F00     E  	clr _builtin_holtek_udivmodsi4_2[7]
 294  003F  2000     E  	call _builtin_holtek_udivmodsi4
 294  0040  0700     E  	mov a,_builtin_holtek_udivmodsi4_2[0]  
 294  0041  0080     E  	mov rd,a  
 294  0042  0700     E  	mov a,_builtin_holtek_udivmodsi4_2[1]  
 294  0043  0080     E  	mov re,a
 294  0044  0700     E  	mov a,_builtin_holtek_udivmodsi4_2[2]  
 294  0045  0080     E  	mov rf,a  
 294  0046  0700     E  	mov a,_builtin_holtek_udivmodsi4_2[3]  
 294  0047  0080     E  	mov rg,a
 294  0048  0700     E  	mov a,rd
 294  0049  0080     R  	mov _Count_B1[0],a
 294  004A  0700     E  	mov a,re
 294  004B  0080     R  	mov _Count_B1[1],a
 294  004C  1F00     R  	clr _Count_P1[0]
 294  004D  1F00     R  	clr _Count_P1[1]
 294  004E  1F00     R  	clr _Count_P1[2]
 294  004F  1F00     R  	clr _Count_P1[3]
 294  0050  2800     R  	jmp _L313
 294  0051              _L303:
 300  0051              #line 300 "C:\Users\hamed\OneDrive\Documents\HTK_Project\clock-temp-touch\TOUCH.h"
 300  0051  1700     R  	sdza _Key_Select_2[0]
 300  0052  2800     R  	jmp _L302
 301  0053              #line 301 "C:\Users\hamed\OneDrive\Documents\HTK_Project\clock-temp-touch\TOUCH.h"
 301  0053  B28A 0001   	lset [266].5
 301  0055  B20A 0001   	lset [266].4
 301  0057  B281 0001   	lset [257].5
 301  0059  B08B 0001   	lset [267].1
 301  005B  B40B 0001   	lclr [267].0
 301  005D              _L310:
 303  005D              #line 303 "C:\Users\hamed\OneDrive\Documents\HTK_Project\clock-temp-touch\TOUCH.h"
 303  005D  BF01 0001   	lsz [257].6
 303  005F  2800     R  	jmp _L316
 303  0060              ;# 303 "C:\Users\hamed\OneDrive\Documents\HTK_Project\clock-temp-touch\TOUCH.h" 1
 303  0060  0000        	nop
 303  0061  2800     R  	jmp _L310
 303  0062              _L316:
 304  0062              #line 304 "C:\Users\hamed\OneDrive\Documents\HTK_Project\clock-temp-touch\TOUCH.h"
 304  0062  8706 0001   	lmov a,[262]
 304  0064  0080     E  	mov rc,a
 304  0065  1F00     E  	clr rb
 304  0066  0700     E  	mov a,rc
 304  0067  0080     R  	mov _Count_C2[1],a
 304  0068  8705 0001   	lmov a,[261]
 304  006A  0500     E  	or a,rb
 304  006B  0080     R  	mov _Count_C2[0],a
 305  006C              #line 305 "C:\Users\hamed\OneDrive\Documents\HTK_Project\clock-temp-touch\TOUCH.h"
 305  006C  1480     R  	inc _CalibrCount2[0]
 306  006D              #line 306 "C:\Users\hamed\OneDrive\Documents\HTK_Project\clock-temp-touch\TOUCH.h"
 306  006D  0F64        	mov a,100
 306  006E  0200     R  	sub a,_CalibrCount2[0]
 306  006F  3C0A        	sz c
 306  0070  2800     R  	jmp _L313
 308  0071              #line 308 "C:\Users\hamed\OneDrive\Documents\HTK_Project\clock-temp-touch\TOUCH.h"
 308  0071  1F00     R  	clr _CalibrCount2[0]
"File: TOUCH.h       Assembler  Version HGASM0202      Page 60

 309  0072              #line 309 "C:\Users\hamed\OneDrive\Documents\HTK_Project\clock-temp-touch\TOUCH.h"
 309  0072  0700     R  	mov a,_Count_C2[0]
 309  0073  0380     R  	addm a,_Count_P2[0]
 309  0074  0700     R  	mov a,_Count_C2[1]
 309  0075  1380     R  	adcm a,_Count_P2[1]
 309  0076  1F05        	clr acc
 309  0077  1380     R  	adcm a,_Count_P2[2]
 309  0078  1380     R  	adcm a,_Count_P2[3]
 310  0079              #line 310 "C:\Users\hamed\OneDrive\Documents\HTK_Project\clock-temp-touch\TOUCH.h"
 310  0079  1480     R  	inc _Count_H2[0]
 310  007A  0F13        	mov a,19
 310  007B  0200     R  	sub a,_Count_H2[0]
 310  007C  3C0A        	sz c
 310  007D  2800     R  	jmp _L313
 310  007E  1F00     R  	clr _Count_H2[0]
 310  007F  1F00     E  	clr _builtin_holtek_udivmodsi4_2[12]
 310  0080  0700     R  	mov a,_Count_P2[0]  
 310  0081  0080     E  	mov _builtin_holtek_udivmodsi4_2[0],a  
 310  0082  0700     R  	mov a,_Count_P2[1]  
 310  0083  0080     E  	mov _builtin_holtek_udivmodsi4_2[1],a
 310  0084  0700     R  	mov a,_Count_P2[2]  
 310  0085  0080     E  	mov _builtin_holtek_udivmodsi4_2[2],a  
 310  0086  0700     R  	mov a,_Count_P2[3]  
 310  0087  0080     E  	mov _builtin_holtek_udivmodsi4_2[3],a
 310  0088  0F14        	mov a,20  
 310  0089  0080     E  	mov _builtin_holtek_udivmodsi4_2[4],a  
 310  008A  0F00        	mov a,0  
 310  008B  0080     E  	mov _builtin_holtek_udivmodsi4_2[5],a
 310  008C  1F00     E  	clr _builtin_holtek_udivmodsi4_2[6]
 310  008D  1F00     E  	clr _builtin_holtek_udivmodsi4_2[7]
 310  008E  2000     E  	call _builtin_holtek_udivmodsi4
 310  008F  0700     E  	mov a,_builtin_holtek_udivmodsi4_2[0]  
 310  0090  0080     E  	mov rd,a  
 310  0091  0700     E  	mov a,_builtin_holtek_udivmodsi4_2[1]  
 310  0092  0080     E  	mov re,a
 310  0093  0700     E  	mov a,_builtin_holtek_udivmodsi4_2[2]  
 310  0094  0080     E  	mov rf,a  
 310  0095  0700     E  	mov a,_builtin_holtek_udivmodsi4_2[3]  
 310  0096  0080     E  	mov rg,a
 310  0097  0700     E  	mov a,rd
 310  0098  0080     R  	mov _Count_B2[0],a
 310  0099  0700     E  	mov a,re
 310  009A  0080     R  	mov _Count_B2[1],a
 310  009B  1F00     R  	clr _Count_P2[0]
 310  009C  1F00     R  	clr _Count_P2[1]
 310  009D  1F00     R  	clr _Count_P2[2]
 310  009E  1F00     R  	clr _Count_P2[3]
 310  009F              _L313:
 313  009F              #line 313 "C:\Users\hamed\OneDrive\Documents\HTK_Project\clock-temp-touch\TOUCH.h"
 313  009F  B701 0001   	lclr [257].6
 313  00A1  B681 0001   	lclr [257].5
 313  00A3              _L302:
 313  00A3  0003        	ret
 313  00A4              _Key_Select endp
 313  00A4              #line 313 "C:\Users\hamed\OneDrive\Documents\HTK_Project\clock-temp-touch\TOUCH.h"
 313  00A4              #pragma debug scope 1 1
 313  00A4              public _main
 313  00A4              #pragma debug scope 36 1

  18  00A4              #line 18 "C:\Users\hamed\OneDrive\Documents\HTK_Project\clock-temp-touch\clock-temp-touch.c"
"File: clock-temp-touch.c  Assembler  Version HGASM0202      Page 61

>>>>>>> 63842fd (car-light)
  18  00A4              IFDEF WITH_DEFAULT_STARTUP
  18  00A4              extern _main_initial0:near
  18  00A4              extern _main_startup:near
  18  00A4              ENDIF
  18  00A4              
  18  00A4              ROMBANK 0 @start
  18  0000              @start .section com_l 'code'
  18  0000              _main_startup1:
  18  0000              @start .section com_e 'code'
<<<<<<< HEAD
"File: clock-temp-touch.c  Assembler  Version HGASM0202      Page 48

=======
>>>>>>> 63842fd (car-light)
  18  0000  2800     R  	jmp _main
  18  0001              
  18  0000              _main .section 'code'
  18  0000              _main proc
<<<<<<< HEAD
  19  0000              #line 19 "E:\hamed\touch2\clock-temp-touch\clock-temp-touch.c"
=======
  19  0000              #line 19 "C:\Users\hamed\OneDrive\Documents\HTK_Project\clock-temp-touch\clock-temp-touch.c"
>>>>>>> 63842fd (car-light)
  19  0000  0F01        	mov a,1
  19  0001  0080     R  	mov _delay_ms_2[0],a
  19  0002  1F00     R  	clr _delay_ms_2[1]
  19  0003  1F00     R  	clr _delay_ms_2[2]
  19  0004  1F00     R  	clr _delay_ms_2[3]
  19  0005  2000     R  	call _delay_ms
<<<<<<< HEAD
  20  0006              #line 20 "E:\hamed\touch2\clock-temp-touch\clock-temp-touch.c"
  20  0006  2000     R  	call _ADC_INIT
  21  0007              #line 21 "E:\hamed\touch2\clock-temp-touch\clock-temp-touch.c"
  21  0007  2000     R  	call _IO_INIT
  22  0008              #line 22 "E:\hamed\touch2\clock-temp-touch\clock-temp-touch.c"
=======
  20  0006              #line 20 "C:\Users\hamed\OneDrive\Documents\HTK_Project\clock-temp-touch\clock-temp-touch.c"
  20  0006  2000     R  	call _ADC_INIT
  21  0007              #line 21 "C:\Users\hamed\OneDrive\Documents\HTK_Project\clock-temp-touch\clock-temp-touch.c"
  21  0007  2000     R  	call _IO_INIT
  22  0008              #line 22 "C:\Users\hamed\OneDrive\Documents\HTK_Project\clock-temp-touch\clock-temp-touch.c"
>>>>>>> 63842fd (car-light)
  22  0008  0F01        	mov a,1
  22  0009  0080     R  	mov _delay_ms_2[0],a
  22  000A  1F00     R  	clr _delay_ms_2[1]
  22  000B  1F00     R  	clr _delay_ms_2[2]
  22  000C  1F00     R  	clr _delay_ms_2[3]
  22  000D  2000     R  	call _delay_ms
<<<<<<< HEAD
  23  000E              #line 23 "E:\hamed\touch2\clock-temp-touch\clock-temp-touch.c"
  23  000E  2000     R  	call _TB0_INIT
  24  000F              #line 24 "E:\hamed\touch2\clock-temp-touch\clock-temp-touch.c"
=======
  23  000E              #line 23 "C:\Users\hamed\OneDrive\Documents\HTK_Project\clock-temp-touch\clock-temp-touch.c"
  23  000E  2000     R  	call _TB0_INIT
  24  000F              #line 24 "C:\Users\hamed\OneDrive\Documents\HTK_Project\clock-temp-touch\clock-temp-touch.c"
>>>>>>> 63842fd (car-light)
  24  000F  0F01        	mov a,1
  24  0010  0080     R  	mov _delay_ms_2[0],a
  24  0011  1F00     R  	clr _delay_ms_2[1]
  24  0012  1F00     R  	clr _delay_ms_2[2]
  24  0013  1F00     R  	clr _delay_ms_2[3]
  24  0014  2000     R  	call _delay_ms
<<<<<<< HEAD
  25  0015              #line 25 "E:\hamed\touch2\clock-temp-touch\clock-temp-touch.c"
  25  0015  2000     R  	call _TB1_INIT
  26  0016              #line 26 "E:\hamed\touch2\clock-temp-touch\clock-temp-touch.c"
=======
  25  0015              #line 25 "C:\Users\hamed\OneDrive\Documents\HTK_Project\clock-temp-touch\clock-temp-touch.c"
  25  0015  2000     R  	call _TB1_INIT
  26  0016              #line 26 "C:\Users\hamed\OneDrive\Documents\HTK_Project\clock-temp-touch\clock-temp-touch.c"
>>>>>>> 63842fd (car-light)
  26  0016  0F01        	mov a,1
  26  0017  0080     R  	mov _delay_ms_2[0],a
  26  0018  1F00     R  	clr _delay_ms_2[1]
  26  0019  1F00     R  	clr _delay_ms_2[2]
  26  001A  1F00     R  	clr _delay_ms_2[3]
  26  001B  2000     R  	call _delay_ms
<<<<<<< HEAD
  27  001C              #line 27 "E:\hamed\touch2\clock-temp-touch\clock-temp-touch.c"
  27  001C  2000     R  	call _PTMRINIT
  28  001D              #line 28 "E:\hamed\touch2\clock-temp-touch\clock-temp-touch.c"
=======
  27  001C              #line 27 "C:\Users\hamed\OneDrive\Documents\HTK_Project\clock-temp-touch\clock-temp-touch.c"
  27  001C  2000     R  	call _PTMRINIT
  28  001D              #line 28 "C:\Users\hamed\OneDrive\Documents\HTK_Project\clock-temp-touch\clock-temp-touch.c"
>>>>>>> 63842fd (car-light)
  28  001D  0F01        	mov a,1
  28  001E  0080     R  	mov _delay_ms_2[0],a
  28  001F  1F00     R  	clr _delay_ms_2[1]
  28  0020  1F00     R  	clr _delay_ms_2[2]
  28  0021  1F00     R  	clr _delay_ms_2[3]
  28  0022  2000     R  	call _delay_ms
<<<<<<< HEAD
  29  0023              #line 29 "E:\hamed\touch2\clock-temp-touch\clock-temp-touch.c"
  29  0023  2000     R  	call _TuochKeyInit
  30  0024              #line 30 "E:\hamed\touch2\clock-temp-touch\clock-temp-touch.c"
=======
  29  0023              #line 29 "C:\Users\hamed\OneDrive\Documents\HTK_Project\clock-temp-touch\clock-temp-touch.c"
  29  0023  2000     R  	call _TuochKeyInit
"File: clock-temp-touch.c  Assembler  Version HGASM0202      Page 62

  30  0024              #line 30 "C:\Users\hamed\OneDrive\Documents\HTK_Project\clock-temp-touch\clock-temp-touch.c"
>>>>>>> 63842fd (car-light)
  30  0024  0F01        	mov a,1
  30  0025  0080     R  	mov _delay_ms_2[0],a
  30  0026  1F00     R  	clr _delay_ms_2[1]
  30  0027  1F00     R  	clr _delay_ms_2[2]
  30  0028  1F00     R  	clr _delay_ms_2[3]
  30  0029  2000     R  	call _delay_ms
<<<<<<< HEAD
  31  002A              #line 31 "E:\hamed\touch2\clock-temp-touch\clock-temp-touch.c"
  31  002A  2000     R  	call _CalibrTuoch
"File: clock-temp-touch.c  Assembler  Version HGASM0202      Page 49

  34  002B              #line 34 "E:\hamed\touch2\clock-temp-touch\clock-temp-touch.c"
=======
  31  002A              #line 31 "C:\Users\hamed\OneDrive\Documents\HTK_Project\clock-temp-touch\clock-temp-touch.c"
  31  002A  2000     R  	call _CalibrTuoch
  34  002B              #line 34 "C:\Users\hamed\OneDrive\Documents\HTK_Project\clock-temp-touch\clock-temp-touch.c"
>>>>>>> 63842fd (car-light)
  34  002B  1F00     E  	clr ra
  34  002C  3C00     R  	sz _q1
  34  002D  3000     E  	set ra.0
  34  002E  3424        	clr [36].0
  34  002F  0700     E  	mov a,ra
  34  0030  05A4        	orm a,[36]
<<<<<<< HEAD
  35  0031              #line 35 "E:\hamed\touch2\clock-temp-touch\clock-temp-touch.c"
=======
  35  0031              #line 35 "C:\Users\hamed\OneDrive\Documents\HTK_Project\clock-temp-touch\clock-temp-touch.c"
>>>>>>> 63842fd (car-light)
  35  0031  1F00     E  	clr ra
  35  0032  3800     R  	snz _q1
  35  0033  3000     E  	set ra.0
  35  0034  0700     E  	mov a,ra
  35  0035  0380     E  	addm a,ra
  35  0036  3498        	clr [24].1
  35  0037  0700     E  	mov a,ra
  35  0038  0598        	orm a,[24]
<<<<<<< HEAD
  37  0039              #line 37 "E:\hamed\touch2\clock-temp-touch\clock-temp-touch.c"
=======
  37  0039              #line 37 "C:\Users\hamed\OneDrive\Documents\HTK_Project\clock-temp-touch\clock-temp-touch.c"
>>>>>>> 63842fd (car-light)
  37  0039  1F00     E  	clr ra
  37  003A  3C00     R  	sz _q2
  37  003B  3000     E  	set ra.0
  37  003C  1100     E  	swapa ra
  37  003D  1985        	rr acc
  37  003E  0EF8        	and a,0f8h
  37  003F  0080     E  	mov ra,a
  37  0040  3598        	clr [24].3
  37  0041  0700     E  	mov a,ra
  37  0042  0598        	orm a,[24]
<<<<<<< HEAD
  38  0043              #line 38 "E:\hamed\touch2\clock-temp-touch\clock-temp-touch.c"
=======
  38  0043              #line 38 "C:\Users\hamed\OneDrive\Documents\HTK_Project\clock-temp-touch\clock-temp-touch.c"
>>>>>>> 63842fd (car-light)
  38  0043  1F00     E  	clr rb
  38  0044  3800     R  	snz _q2
  38  0045  3000     E  	set rb.0
  38  0046  1F00     E  	clr ra
  38  0047  1080     E  	sz rb
  38  0048  3000     E  	set ra.2
  38  0049  3518        	clr [24].2
  38  004A  0700     E  	mov a,ra
  38  004B  0598        	orm a,[24]
<<<<<<< HEAD
  40  004C              #line 40 "E:\hamed\touch2\clock-temp-touch\clock-temp-touch.c"
  40  004C  3400     R  	clr _Dot
  40  004D              _L229:
  45  004D              #line 45 "E:\hamed\touch2\clock-temp-touch\clock-temp-touch.c"
  45  004D  3A70        	snz [112].4
  45  004E  2800     R  	jmp _L226
  45  004F  3000     R  	set _Litgh
  45  0050  2800     R  	jmp _L227
  45  0051              _L226:
  46  0051              #line 46 "E:\hamed\touch2\clock-temp-touch\clock-temp-touch.c"
  46  0051  3400     R  	clr _Litgh
  46  0052              _L227:
  48  0052              #line 48 "E:\hamed\touch2\clock-temp-touch\clock-temp-touch.c"
  48  0052              ;# 48 "E:\hamed\touch2\clock-temp-touch\clock-temp-touch.c" 1
  48  0052  0001        	clr wdt
  51  0053              #line 51 "E:\hamed\touch2\clock-temp-touch\clock-temp-touch.c"
=======
  40  004C              #line 40 "C:\Users\hamed\OneDrive\Documents\HTK_Project\clock-temp-touch\clock-temp-touch.c"
  40  004C  3400     R  	clr _Dot
  40  004D              _L321:
  45  004D              #line 45 "C:\Users\hamed\OneDrive\Documents\HTK_Project\clock-temp-touch\clock-temp-touch.c"
  45  004D  3A70        	snz [112].4
  45  004E  2800     R  	jmp _L318
  45  004F  3000     R  	set _Litgh
  45  0050  2800     R  	jmp _L319
  45  0051              _L318:
  46  0051              #line 46 "C:\Users\hamed\OneDrive\Documents\HTK_Project\clock-temp-touch\clock-temp-touch.c"
  46  0051  3400     R  	clr _Litgh
  46  0052              _L319:
  48  0052              #line 48 "C:\Users\hamed\OneDrive\Documents\HTK_Project\clock-temp-touch\clock-temp-touch.c"
  48  0052              ;# 48 "C:\Users\hamed\OneDrive\Documents\HTK_Project\clock-temp-touch\clock-temp-touch.c" 1
"File: clock-temp-touch.c  Assembler  Version HGASM0202      Page 63

  48  0052  0001        	clr wdt
  51  0053              #line 51 "C:\Users\hamed\OneDrive\Documents\HTK_Project\clock-temp-touch\clock-temp-touch.c"
>>>>>>> 63842fd (car-light)
  51  0053  0700     R  	mov a,_iq[0]
  51  0054  0080     E  	mov ra,a
  51  0055  0700     E  	mov a,ra
  51  0056  2000     R  	call _Key_Select
<<<<<<< HEAD
  52  0057              #line 52 "E:\hamed\touch2\clock-temp-touch\clock-temp-touch.c"
  52  0057  1480     R  	inc _iq[0]
  52  0058  0F01        	mov a,1
"File: clock-temp-touch.c  Assembler  Version HGASM0202      Page 50

  52  0059  0200     R  	sub a,_iq[0]
  52  005A  3C0A        	sz c
  52  005B  2800     R  	jmp _L228
  52  005C  1F00     R  	clr _iq[0]
  52  005D              _L228:
  53  005D              #line 53 "E:\hamed\touch2\clock-temp-touch\clock-temp-touch.c"
  53  005D  2000     R  	call _Key_Touch
  56  005E              #line 56 "E:\hamed\touch2\clock-temp-touch\clock-temp-touch.c"
  56  005E  2800     R  	jmp _L229
=======
  52  0057              #line 52 "C:\Users\hamed\OneDrive\Documents\HTK_Project\clock-temp-touch\clock-temp-touch.c"
  52  0057  1480     R  	inc _iq[0]
  52  0058  0F01        	mov a,1
  52  0059  0200     R  	sub a,_iq[0]
  52  005A  3C0A        	sz c
  52  005B  2800     R  	jmp _L320
  52  005C  1F00     R  	clr _iq[0]
  52  005D              _L320:
  53  005D              #line 53 "C:\Users\hamed\OneDrive\Documents\HTK_Project\clock-temp-touch\clock-temp-touch.c"
  53  005D  2000     R  	call _Key_Touch
  56  005E              #line 56 "C:\Users\hamed\OneDrive\Documents\HTK_Project\clock-temp-touch\clock-temp-touch.c"
  56  005E  2800     R  	jmp _L321
>>>>>>> 63842fd (car-light)
  56  005F  2800     R  	jmp $
  56  0060              _main endp
  56  0060              
  56  0060              @dummy endp
  56  0060              
<<<<<<< HEAD
  56  0060              #line 56 "E:\hamed\touch2\clock-temp-touch\clock-temp-touch.c"
=======
  56  0060              #line 56 "C:\Users\hamed\OneDrive\Documents\HTK_Project\clock-temp-touch\clock-temp-touch.c"
>>>>>>> 63842fd (car-light)
  56  0060              #pragma debug scope 1 1
  56  0060              public _KeySel
  56  0000              @HCCINIT	.section 'data'

<<<<<<< HEAD
   9  0000              #line 9 "E:\hamed\touch2\clock-temp-touch\TOUCH.h"
=======
   9  0000              #line 9 "C:\Users\hamed\OneDrive\Documents\HTK_Project\clock-temp-touch\TOUCH.h"
>>>>>>> 63842fd (car-light)
   9  0000              @HCCINIT_KeySel .section 'data'
   9  0000              _KeySel label byte
   9  0000              #pragma debug variable 8 1 _KeySel "KeySel"
   9  0000              	db 0
   9  0000              @ROMDATA_BASE .section inpage 'code'
   9  0000              	db 0
   9  0001              @HCCINIT_KeySel .section 'data'
   9  0001              public _iq
<<<<<<< HEAD
   9  0001              #line 9 "E:\hamed\touch2\clock-temp-touch\TOUCH.h"
=======
   9  0001              #line 9 "C:\Users\hamed\OneDrive\Documents\HTK_Project\clock-temp-touch\TOUCH.h"
>>>>>>> 63842fd (car-light)
   9  0000              @HCCINIT_iq .section 'data'
   9  0000              _iq label byte
   9  0000              #pragma debug variable 8 1 _iq "iq"
   9  0000              	db 0
   9  0001              @ROMDATA_BASE .section inpage 'code'
   9  0001              	db 0
   9  0001              @HCCINIT_iq .section 'data'
   9  0001              public _i
<<<<<<< HEAD
   9  0001              #line 9 "E:\hamed\touch2\clock-temp-touch\TOUCH.h"
=======
   9  0001              #line 9 "C:\Users\hamed\OneDrive\Documents\HTK_Project\clock-temp-touch\TOUCH.h"
>>>>>>> 63842fd (car-light)
   9  0000              @HCCINIT_i .section 'data'
   9  0000              _i label byte
   9  0000              #pragma debug variable 8 1 _i "i"
   9  0000              	db 0
   9  0001              @ROMDATA_BASE .section inpage 'code'
   9  0001              	db 0
   9  0001              @HCCINIT_i .section 'data'
   9  0001              public _j
<<<<<<< HEAD
   9  0001              #line 9 "E:\hamed\touch2\clock-temp-touch\TOUCH.h"
=======
   9  0001              #line 9 "C:\Users\hamed\OneDrive\Documents\HTK_Project\clock-temp-touch\TOUCH.h"
>>>>>>> 63842fd (car-light)
   9  0000              @HCCINIT_j .section 'data'
   9  0000              _j label byte
   9  0000              #pragma debug variable 8 1 _j "j"
   9  0000              	db 0
<<<<<<< HEAD
=======
"File: TOUCH.h       Assembler  Version HGASM0202      Page 64

>>>>>>> 63842fd (car-light)
   9  0002              @ROMDATA_BASE .section inpage 'code'
   9  0002              	db 0
   9  0001              @HCCINIT_j .section 'data'
   9  0001              public _Count_TQ
<<<<<<< HEAD
   8  0001              #line 8 "E:\hamed\touch2\clock-temp-touch\TOUCH.h"
=======
   8  0001              #line 8 "C:\Users\hamed\OneDrive\Documents\HTK_Project\clock-temp-touch\TOUCH.h"
>>>>>>> 63842fd (car-light)
   8  0000              @HCCINIT_Count_TQ .section 'data'
   8  0000              _Count_TQ label byte
   8  0000              #pragma debug variable 12 1 _Count_TQ "Count_TQ"
   8  0000              	db 0
<<<<<<< HEAD
"File: TOUCH.h       Assembler  Version HGASM0202      Page 51

=======
>>>>>>> 63842fd (car-light)
   8  0002              @ROMDATA_BASE .section inpage 'code'
   8  0002              	db 0
   8  0001              @HCCINIT_Count_TQ .section 'data'
   8  0001              	db 0
   8  0003              @ROMDATA_BASE .section inpage 'code'
   8  0003              	db 0
   8  0002              @HCCINIT_Count_TQ .section 'data'
   8  0002              public _CalibrCount2
<<<<<<< HEAD
   7  0002              #line 7 "E:\hamed\touch2\clock-temp-touch\TOUCH.h"
=======
   7  0002              #line 7 "C:\Users\hamed\OneDrive\Documents\HTK_Project\clock-temp-touch\TOUCH.h"
>>>>>>> 63842fd (car-light)
   7  0000              @HCCINIT_CalibrCount2 .section 'data'
   7  0000              _CalibrCount2 label byte
   7  0000              #pragma debug variable 8 1 _CalibrCount2 "CalibrCount2"
   7  0000              	db 0
   7  0003              @ROMDATA_BASE .section inpage 'code'
   7  0003              	db 0
   7  0001              @HCCINIT_CalibrCount2 .section 'data'
   7  0001              public _CalibrCount1
<<<<<<< HEAD
   7  0001              #line 7 "E:\hamed\touch2\clock-temp-touch\TOUCH.h"
=======
   7  0001              #line 7 "C:\Users\hamed\OneDrive\Documents\HTK_Project\clock-temp-touch\TOUCH.h"
>>>>>>> 63842fd (car-light)
   7  0000              @HCCINIT_CalibrCount1 .section 'data'
   7  0000              _CalibrCount1 label byte
   7  0000              #pragma debug variable 8 1 _CalibrCount1 "CalibrCount1"
   7  0000              	db 0
   7  0004              @ROMDATA_BASE .section inpage 'code'
   7  0004              	db 0
   7  0001              @HCCINIT_CalibrCount1 .section 'data'
   7  0001              public _Count_H2
<<<<<<< HEAD
   6  0001              #line 6 "E:\hamed\touch2\clock-temp-touch\TOUCH.h"
=======
   6  0001              #line 6 "C:\Users\hamed\OneDrive\Documents\HTK_Project\clock-temp-touch\TOUCH.h"
>>>>>>> 63842fd (car-light)
   6  0000              @HCCINIT_Count_H2 .section 'data'
   6  0000              _Count_H2 label byte
   6  0000              #pragma debug variable 8 1 _Count_H2 "Count_H2"
   6  0000              	db 0
   6  0004              @ROMDATA_BASE .section inpage 'code'
   6  0004              	db 0
   6  0001              @HCCINIT_Count_H2 .section 'data'
   6  0001              public _Count_H1
<<<<<<< HEAD
   6  0001              #line 6 "E:\hamed\touch2\clock-temp-touch\TOUCH.h"
=======
   6  0001              #line 6 "C:\Users\hamed\OneDrive\Documents\HTK_Project\clock-temp-touch\TOUCH.h"
>>>>>>> 63842fd (car-light)
   6  0000              @HCCINIT_Count_H1 .section 'data'
   6  0000              _Count_H1 label byte
   6  0000              #pragma debug variable 8 1 _Count_H1 "Count_H1"
   6  0000              	db 0
   6  0005              @ROMDATA_BASE .section inpage 'code'
   6  0005              	db 0
   6  0001              @HCCINIT_Count_H1 .section 'data'
   6  0001              public _Count_B2
<<<<<<< HEAD
   5  0001              #line 5 "E:\hamed\touch2\clock-temp-touch\TOUCH.h"
=======
   5  0001              #line 5 "C:\Users\hamed\OneDrive\Documents\HTK_Project\clock-temp-touch\TOUCH.h"
>>>>>>> 63842fd (car-light)
   5  0000              @HCCINIT_Count_B2 .section 'data'
   5  0000              _Count_B2 label byte
   5  0000              #pragma debug variable 12 1 _Count_B2 "Count_B2"
   5  0000              	db 0
   5  0005              @ROMDATA_BASE .section inpage 'code'
   5  0005              	db 0
<<<<<<< HEAD
=======
"File: TOUCH.h       Assembler  Version HGASM0202      Page 65

>>>>>>> 63842fd (car-light)
   5  0001              @HCCINIT_Count_B2 .section 'data'
   5  0001              	db 0
   5  0006              @ROMDATA_BASE .section inpage 'code'
   5  0006              	db 0
   5  0002              @HCCINIT_Count_B2 .section 'data'
   5  0002              public _Count_B1
<<<<<<< HEAD
   5  0002              #line 5 "E:\hamed\touch2\clock-temp-touch\TOUCH.h"
   5  0000              @HCCINIT_Count_B1 .section 'data'
   5  0000              _Count_B1 label byte
"File: TOUCH.h       Assembler  Version HGASM0202      Page 52

=======
   5  0002              #line 5 "C:\Users\hamed\OneDrive\Documents\HTK_Project\clock-temp-touch\TOUCH.h"
   5  0000              @HCCINIT_Count_B1 .section 'data'
   5  0000              _Count_B1 label byte
>>>>>>> 63842fd (car-light)
   5  0000              #pragma debug variable 12 1 _Count_B1 "Count_B1"
   5  0000              	db 0
   5  0006              @ROMDATA_BASE .section inpage 'code'
   5  0006              	db 0
   5  0001              @HCCINIT_Count_B1 .section 'data'
   5  0001              	db 0
   5  0007              @ROMDATA_BASE .section inpage 'code'
   5  0007              	db 0
   5  0002              @HCCINIT_Count_B1 .section 'data'
   5  0002              public _Count_C2
<<<<<<< HEAD
   4  0002              #line 4 "E:\hamed\touch2\clock-temp-touch\TOUCH.h"
=======
   4  0002              #line 4 "C:\Users\hamed\OneDrive\Documents\HTK_Project\clock-temp-touch\TOUCH.h"
>>>>>>> 63842fd (car-light)
   4  0000              @HCCINIT_Count_C2 .section 'data'
   4  0000              _Count_C2 label byte
   4  0000              #pragma debug variable 12 1 _Count_C2 "Count_C2"
   4  0000              	db 0
   4  0007              @ROMDATA_BASE .section inpage 'code'
   4  0007              	db 0
   4  0001              @HCCINIT_Count_C2 .section 'data'
   4  0001              	db 0
   4  0008              @ROMDATA_BASE .section inpage 'code'
   4  0008              	db 0
   4  0002              @HCCINIT_Count_C2 .section 'data'
   4  0002              public _Count_C1
<<<<<<< HEAD
   4  0002              #line 4 "E:\hamed\touch2\clock-temp-touch\TOUCH.h"
=======
   4  0002              #line 4 "C:\Users\hamed\OneDrive\Documents\HTK_Project\clock-temp-touch\TOUCH.h"
>>>>>>> 63842fd (car-light)
   4  0000              @HCCINIT_Count_C1 .section 'data'
   4  0000              _Count_C1 label byte
   4  0000              #pragma debug variable 12 1 _Count_C1 "Count_C1"
   4  0000              	db 0
   4  0008              @ROMDATA_BASE .section inpage 'code'
   4  0008              	db 0
   4  0001              @HCCINIT_Count_C1 .section 'data'
   4  0001              	db 0
   4  0009              @ROMDATA_BASE .section inpage 'code'
   4  0009              	db 0
   4  0002              @HCCINIT_Count_C1 .section 'data'
   4  0002              public _Count_T2
<<<<<<< HEAD
   3  0002              #line 3 "E:\hamed\touch2\clock-temp-touch\TOUCH.h"
=======
   3  0002              #line 3 "C:\Users\hamed\OneDrive\Documents\HTK_Project\clock-temp-touch\TOUCH.h"
>>>>>>> 63842fd (car-light)
   3  0000              @HCCINIT_Count_T2 .section 'data'
   3  0000              _Count_T2 label byte
   3  0000              #pragma debug variable 8 1 _Count_T2 "Count_T2"
   3  0000              	db 0
   3  0009              @ROMDATA_BASE .section inpage 'code'
   3  0009              	db 0
   3  0001              @HCCINIT_Count_T2 .section 'data'
   3  0001              public _Count_T1
<<<<<<< HEAD
   3  0001              #line 3 "E:\hamed\touch2\clock-temp-touch\TOUCH.h"
=======
   3  0001              #line 3 "C:\Users\hamed\OneDrive\Documents\HTK_Project\clock-temp-touch\TOUCH.h"
>>>>>>> 63842fd (car-light)
   3  0000              @HCCINIT_Count_T1 .section 'data'
   3  0000              _Count_T1 label byte
   3  0000              #pragma debug variable 8 1 _Count_T1 "Count_T1"
   3  0000              	db 0
   3  000A              @ROMDATA_BASE .section inpage 'code'
<<<<<<< HEAD
   3  000A              	db 0
   3  0001              @HCCINIT_Count_T1 .section 'data'
   3  0001              public _Count_P2
   2  0001              #line 2 "E:\hamed\touch2\clock-temp-touch\TOUCH.h"
=======
"File: TOUCH.h       Assembler  Version HGASM0202      Page 66

   3  000A              	db 0
   3  0001              @HCCINIT_Count_T1 .section 'data'
   3  0001              public _Count_P2
   2  0001              #line 2 "C:\Users\hamed\OneDrive\Documents\HTK_Project\clock-temp-touch\TOUCH.h"
>>>>>>> 63842fd (car-light)
   2  0000              @HCCINIT_Count_P2 .section 'data'
   2  0000              _Count_P2 label byte
   2  0000              #pragma debug variable 14 1 _Count_P2 "Count_P2"
   2  0000              	db 0
   2  000A              @ROMDATA_BASE .section inpage 'code'
<<<<<<< HEAD
"File: TOUCH.h       Assembler  Version HGASM0202      Page 53

=======
>>>>>>> 63842fd (car-light)
   2  000A              	db 0
   2  0001              @HCCINIT_Count_P2 .section 'data'
   2  0001              	db 0
   2  000B              @ROMDATA_BASE .section inpage 'code'
   2  000B              	db 0
   2  0002              @HCCINIT_Count_P2 .section 'data'
   2  0002              	db 0
   2  000B              @ROMDATA_BASE .section inpage 'code'
   2  000B              	db 0
   2  0003              @HCCINIT_Count_P2 .section 'data'
   2  0003              	db 0
   2  000C              @ROMDATA_BASE .section inpage 'code'
   2  000C              	db 0
   2  0004              @HCCINIT_Count_P2 .section 'data'
   2  0004              public _Count_P1
<<<<<<< HEAD
   2  0004              #line 2 "E:\hamed\touch2\clock-temp-touch\TOUCH.h"
=======
   2  0004              #line 2 "C:\Users\hamed\OneDrive\Documents\HTK_Project\clock-temp-touch\TOUCH.h"
>>>>>>> 63842fd (car-light)
   2  0000              @HCCINIT_Count_P1 .section 'data'
   2  0000              _Count_P1 label byte
   2  0000              #pragma debug variable 14 1 _Count_P1 "Count_P1"
   2  0000              	db 0
   2  000C              @ROMDATA_BASE .section inpage 'code'
   2  000C              	db 0
   2  0001              @HCCINIT_Count_P1 .section 'data'
   2  0001              	db 0
   2  000D              @ROMDATA_BASE .section inpage 'code'
   2  000D              	db 0
   2  0002              @HCCINIT_Count_P1 .section 'data'
   2  0002              	db 0
   2  000D              @ROMDATA_BASE .section inpage 'code'
   2  000D              	db 0
   2  0003              @HCCINIT_Count_P1 .section 'data'
   2  0003              	db 0
   2  000E              @ROMDATA_BASE .section inpage 'code'
   2  000E              	db 0
   2  0004              @HCCINIT_Count_P1 .section 'data'
   2  0004              public _NTC_Table
   2  0000              @crom	.section 'crom'

<<<<<<< HEAD
 151  0000              #line 151 "E:\hamed\touch2\clock-temp-touch\ADC.h"
=======
 151  0000              #line 151 "C:\Users\hamed\OneDrive\Documents\HTK_Project\clock-temp-touch\ADC.h"
>>>>>>> 63842fd (car-light)
 151  0000              @crom	.section	'crom'
 151  0000              _NTC_Table:
 151  0000              #pragma debug array 42 12 100 1
 151  0000              #pragma debug array 42 12 100 1
 151  0000              #pragma debug variable 42 1 _NTC_Table "NTC_Table"
 151  0000  03BE        	dc 958
 151  0001  03E4        	dc 996
 151  0002  040B        	dc 1035
 151  0003  0433        	dc 1075
 151  0004  045B        	dc 1115
 151  0005  0483        	dc 1155
 151  0006  04AD        	dc 1197
<<<<<<< HEAD
=======
"File: ADC.h         Assembler  Version HGASM0202      Page 67

>>>>>>> 63842fd (car-light)
 151  0007  04D7        	dc 1239
 151  0008  0502        	dc 1282
 151  0009  052D        	dc 1325
 151  000A  0558        	dc 1368
 151  000B  0584        	dc 1412
 151  000C  05B1        	dc 1457
 151  000D  05DD        	dc 1501
 151  000E  060A        	dc 1546
 151  000F  0637        	dc 1591
<<<<<<< HEAD
"File: ADC.h         Assembler  Version HGASM0202      Page 54

=======
>>>>>>> 63842fd (car-light)
 151  0010  0665        	dc 1637
 151  0011  0693        	dc 1683
 151  0012  06C0        	dc 1728
 151  0013  06EE        	dc 1774
 151  0014  071C        	dc 1820
 151  0015  0749        	dc 1865
 151  0016  0777        	dc 1911
 151  0017  07A5        	dc 1957
 151  0018  07D2        	dc 2002
 151  0019  07FF        	dc 2047
 151  001A  082C        	dc 2092
 151  001B  0858        	dc 2136
 151  001C  0885        	dc 2181
 151  001D  08B0        	dc 2224
 151  001E  08DC        	dc 2268
 151  001F  0907        	dc 2311
 151  0020  0931        	dc 2353
 151  0021  095B        	dc 2395
 151  0022  0985        	dc 2437
 151  0023  09AE        	dc 2478
 151  0024  09D6        	dc 2518
 151  0025  09FE        	dc 2558
 151  0026  0A25        	dc 2597
 151  0027  0A4B        	dc 2635
 151  0028  0A71        	dc 2673
 151  0029  0A96        	dc 2710
 151  002A  0ABB        	dc 2747
 151  002B  0ADE        	dc 2782
 151  002C  0B02        	dc 2818
 151  002D  0B24        	dc 2852
 151  002E  0B46        	dc 2886
 151  002F  0B67        	dc 2919
 151  0030  0B87        	dc 2951
 151  0031  0BA6        	dc 2982
 151  0032  0BC5        	dc 3013
 151  0033  0BE3        	dc 3043
 151  0034  0C01        	dc 3073
 151  0035  0C1D        	dc 3101
 151  0036  0C39        	dc 3129
 151  0037  0C55        	dc 3157
 151  0038  0C6F        	dc 3183
 151  0039  0C89        	dc 3209
 151  003A  0CA2        	dc 3234
 151  003B  0CBB        	dc 3259
 151  003C  0CD3        	dc 3283
 151  003D  0CEA        	dc 3306
 151  003E  0D01        	dc 3329
 151  003F  0D17        	dc 3351
 151  0040  0D2C        	dc 3372
 151  0041  0D41        	dc 3393
 151  0042  0D56        	dc 3414
<<<<<<< HEAD
=======
"File: ADC.h         Assembler  Version HGASM0202      Page 68

>>>>>>> 63842fd (car-light)
 151  0043  0D69        	dc 3433
 151  0044  0D7D        	dc 3453
 151  0045  0D8F        	dc 3471
 151  0046  0DA1        	dc 3489
 151  0047  0DB3        	dc 3507
 151  0048  0DC4        	dc 3524
 151  0049  0DD4        	dc 3540
 151  004A  0DE4        	dc 3556
 151  004B  0DF4        	dc 3572
<<<<<<< HEAD
"File: ADC.h         Assembler  Version HGASM0202      Page 55

=======
>>>>>>> 63842fd (car-light)
 151  004C  0E03        	dc 3587
 151  004D  0E12        	dc 3602
 151  004E  0E20        	dc 3616
 151  004F  0E2E        	dc 3630
 151  0050  0E3B        	dc 3643
 151  0051  0E48        	dc 3656
 151  0052  0E55        	dc 3669
 151  0053  0E61        	dc 3681
 151  0054  0E6D        	dc 3693
 151  0055  0E79        	dc 3705
 151  0056  0E84        	dc 3716
 151  0057  0E8F        	dc 3727
 151  0058  0E99        	dc 3737
 151  0059  0EA3        	dc 3747
 151  005A  0EAD        	dc 3757
 151  005B  0EB7        	dc 3767
 151  005C  0EC0        	dc 3776
 151  005D  0EC9        	dc 3785
 151  005E  0ED2        	dc 3794
 151  005F  0EDA        	dc 3802
 151  0060  0EE2        	dc 3810
 151  0061  0EEA        	dc 3818
 151  0062  0EF2        	dc 3826
 151  0063  0EF9        	dc 3833
 151  0064              public _Min2
 151  0000              @HCCINIT	.section 'data'

<<<<<<< HEAD
  64  0000              #line 64 "E:\hamed\touch2\clock-temp-touch\IO.h"
=======
  64  0000              #line 64 "C:\Users\hamed\OneDrive\Documents\HTK_Project\clock-temp-touch\IO.h"
>>>>>>> 63842fd (car-light)
  64  0000              @HCCINIT_Min2 .section 'data'
  64  0000              _Min2 label byte
  64  0000              #pragma debug variable 8 1 _Min2 "Min2"
  64  0000              	db 30
  64  000E              @ROMDATA_BASE .section inpage 'code'
  64  000E              	db 30
  64  0001              @HCCINIT_Min2 .section 'data'
  64  0001              public _Min1
<<<<<<< HEAD
  64  0001              #line 64 "E:\hamed\touch2\clock-temp-touch\IO.h"
=======
  64  0001              #line 64 "C:\Users\hamed\OneDrive\Documents\HTK_Project\clock-temp-touch\IO.h"
>>>>>>> 63842fd (car-light)
  64  0000              @HCCINIT_Min1 .section 'data'
  64  0000              _Min1 label byte
  64  0000              #pragma debug variable 8 1 _Min1 "Min1"
  64  0000              	db 0
  64  000F              @ROMDATA_BASE .section inpage 'code'
  64  000F              	db 0
  64  0001              @HCCINIT_Min1 .section 'data'
  64  0001              public _Hrs2
<<<<<<< HEAD
  64  0001              #line 64 "E:\hamed\touch2\clock-temp-touch\IO.h"
=======
  64  0001              #line 64 "C:\Users\hamed\OneDrive\Documents\HTK_Project\clock-temp-touch\IO.h"
>>>>>>> 63842fd (car-light)
  64  0000              @HCCINIT_Hrs2 .section 'data'
  64  0000              _Hrs2 label byte
  64  0000              #pragma debug variable 8 1 _Hrs2 "Hrs2"
  64  0000              	db 5
  64  000F              @ROMDATA_BASE .section inpage 'code'
<<<<<<< HEAD
  64  000F              	db 5
  64  0001              @HCCINIT_Hrs2 .section 'data'
  64  0001              public _Hrs1
  64  0001              #line 64 "E:\hamed\touch2\clock-temp-touch\IO.h"
=======
"File: IO.h          Assembler  Version HGASM0202      Page 69

  64  000F              	db 5
  64  0001              @HCCINIT_Hrs2 .section 'data'
  64  0001              public _Hrs1
  64  0001              #line 64 "C:\Users\hamed\OneDrive\Documents\HTK_Project\clock-temp-touch\IO.h"
>>>>>>> 63842fd (car-light)
  64  0000              @HCCINIT_Hrs1 .section 'data'
  64  0000              _Hrs1 label byte
  64  0000              #pragma debug variable 8 1 _Hrs1 "Hrs1"
  64  0000              	db 6
  64  0010              @ROMDATA_BASE .section inpage 'code'
<<<<<<< HEAD
"File: IO.h          Assembler  Version HGASM0202      Page 56

  64  0010              	db 6
  64  0001              @HCCINIT_Hrs1 .section 'data'
  64  0001              #line 64 "E:\hamed\touch2\clock-temp-touch\IO.h"
=======
  64  0010              	db 6
  64  0001              @HCCINIT_Hrs1 .section 'data'
  64  0001              #line 64 "C:\Users\hamed\OneDrive\Documents\HTK_Project\clock-temp-touch\IO.h"
>>>>>>> 63842fd (car-light)
  64  0001              public _N2T2
  64  0000              @HCCINIT0_N2T2 .section 'data'
  64  0000              _N2T2	db 0
  64  0001              #pragma debug variable 8 1 _N2T2 "N2T2"
  64  0001              
  64  0000              @HCCINIT .section 'data'
<<<<<<< HEAD
  64  0000              #line 64 "E:\hamed\touch2\clock-temp-touch\IO.h"
=======
  64  0000              #line 64 "C:\Users\hamed\OneDrive\Documents\HTK_Project\clock-temp-touch\IO.h"
>>>>>>> 63842fd (car-light)
  64  0000              public _N2T1
  64  0000              @HCCINIT0_N2T1 .section 'data'
  64  0000              _N2T1	db 0
  64  0001              #pragma debug variable 8 1 _N2T1 "N2T1"
  64  0001              
  64  0000              @HCCINIT .section 'data'
<<<<<<< HEAD
  64  0000              #line 64 "E:\hamed\touch2\clock-temp-touch\IO.h"
=======
  64  0000              #line 64 "C:\Users\hamed\OneDrive\Documents\HTK_Project\clock-temp-touch\IO.h"
>>>>>>> 63842fd (car-light)
  64  0000              public _N1T2
  64  0000              @HCCINIT0_N1T2 .section 'data'
  64  0000              _N1T2	db 0
  64  0001              #pragma debug variable 8 1 _N1T2 "N1T2"
  64  0001              
  64  0000              @HCCINIT .section 'data'
<<<<<<< HEAD
  64  0000              #line 64 "E:\hamed\touch2\clock-temp-touch\IO.h"
=======
  64  0000              #line 64 "C:\Users\hamed\OneDrive\Documents\HTK_Project\clock-temp-touch\IO.h"
>>>>>>> 63842fd (car-light)
  64  0000              public _N1T1
  64  0000              @HCCINIT0_N1T1 .section 'data'
  64  0000              _N1T1	db 0
  64  0001              #pragma debug variable 8 1 _N1T1 "N1T1"
  64  0001              
  64  0000              @HCCINIT .section 'data'
<<<<<<< HEAD
  64  0000              #line 64 "E:\hamed\touch2\clock-temp-touch\IO.h"
=======
  64  0000              #line 64 "C:\Users\hamed\OneDrive\Documents\HTK_Project\clock-temp-touch\IO.h"
>>>>>>> 63842fd (car-light)
  64  0000              public _H2T2
  64  0000              @HCCINIT0_H2T2 .section 'data'
  64  0000              _H2T2	db 0
  64  0001              #pragma debug variable 8 1 _H2T2 "H2T2"
  64  0001              
  64  0000              @HCCINIT .section 'data'
<<<<<<< HEAD
  64  0000              #line 64 "E:\hamed\touch2\clock-temp-touch\IO.h"
=======
  64  0000              #line 64 "C:\Users\hamed\OneDrive\Documents\HTK_Project\clock-temp-touch\IO.h"
>>>>>>> 63842fd (car-light)
  64  0000              public _H2T1
  64  0000              @HCCINIT0_H2T1 .section 'data'
  64  0000              _H2T1	db 0
  64  0001              #pragma debug variable 8 1 _H2T1 "H2T1"
  64  0001              
  64  0000              @HCCINIT .section 'data'
<<<<<<< HEAD
  64  0000              #line 64 "E:\hamed\touch2\clock-temp-touch\IO.h"
=======
  64  0000              #line 64 "C:\Users\hamed\OneDrive\Documents\HTK_Project\clock-temp-touch\IO.h"
>>>>>>> 63842fd (car-light)
  64  0000              public _H1T2
  64  0000              @HCCINIT0_H1T2 .section 'data'
  64  0000              _H1T2	db 0
  64  0001              #pragma debug variable 8 1 _H1T2 "H1T2"
  64  0001              
  64  0000              @HCCINIT .section 'data'
<<<<<<< HEAD
  64  0000              #line 64 "E:\hamed\touch2\clock-temp-touch\IO.h"
=======
"File: IO.h          Assembler  Version HGASM0202      Page 70

  64  0000              #line 64 "C:\Users\hamed\OneDrive\Documents\HTK_Project\clock-temp-touch\IO.h"
>>>>>>> 63842fd (car-light)
  64  0000              public _H1T1
  64  0000              @HCCINIT0_H1T1 .section 'data'
  64  0000              _H1T1	db 0
  64  0001              #pragma debug variable 8 1 _H1T1 "H1T1"
  64  0001              
  64  0000              @HCCINIT .section 'data'
<<<<<<< HEAD
  63  0000              #line 63 "E:\hamed\touch2\clock-temp-touch\IO.h"
  63  0000              public _TM2
"File: IO.h          Assembler  Version HGASM0202      Page 57

=======
  63  0000              #line 63 "C:\Users\hamed\OneDrive\Documents\HTK_Project\clock-temp-touch\IO.h"
  63  0000              public _TM2
>>>>>>> 63842fd (car-light)
  63  0000              @HCCINIT0_TM2 .section 'data'
  63  0000              _TM2	db 0
  63  0001              #pragma debug variable 8 1 _TM2 "TM2"
  63  0001              
  63  0000              @HCCINIT .section 'data'
<<<<<<< HEAD
  63  0000              #line 63 "E:\hamed\touch2\clock-temp-touch\IO.h"
=======
  63  0000              #line 63 "C:\Users\hamed\OneDrive\Documents\HTK_Project\clock-temp-touch\IO.h"
>>>>>>> 63842fd (car-light)
  63  0000              public _TM1
  63  0000              @HCCINIT0_TM1 .section 'data'
  63  0000              _TM1	db 0
  63  0001              #pragma debug variable 8 1 _TM1 "TM1"
  63  0001              
  63  0000              @HCCINIT .section 'data'
<<<<<<< HEAD
  63  0000              #line 63 "E:\hamed\touch2\clock-temp-touch\IO.h"
=======
  63  0000              #line 63 "C:\Users\hamed\OneDrive\Documents\HTK_Project\clock-temp-touch\IO.h"
>>>>>>> 63842fd (car-light)
  63  0000              public _S2
  63  0000              @HCCINIT0_S2 .section 'data'
  63  0000              _S2	db 0
  63  0001              #pragma debug variable 8 1 _S2 "S2"
  63  0001              
  63  0000              @HCCINIT .section 'data'
<<<<<<< HEAD
  63  0000              #line 63 "E:\hamed\touch2\clock-temp-touch\IO.h"
=======
  63  0000              #line 63 "C:\Users\hamed\OneDrive\Documents\HTK_Project\clock-temp-touch\IO.h"
>>>>>>> 63842fd (car-light)
  63  0000              public _S1
  63  0000              @HCCINIT0_S1 .section 'data'
  63  0000              _S1	db 0
  63  0001              #pragma debug variable 8 1 _S1 "S1"
  63  0001              
  63  0000              @HCCINIT .section 'data'
<<<<<<< HEAD
  63  0000              #line 63 "E:\hamed\touch2\clock-temp-touch\IO.h"
=======
  63  0000              #line 63 "C:\Users\hamed\OneDrive\Documents\HTK_Project\clock-temp-touch\IO.h"
>>>>>>> 63842fd (car-light)
  63  0000              public _T2
  63  0000              @HCCINIT0_T2 .section 'data'
  63  0000              _T2	db 0
  63  0001              #pragma debug variable 8 1 _T2 "T2"
  63  0001              
  63  0000              @HCCINIT .section 'data'
<<<<<<< HEAD
  63  0000              #line 63 "E:\hamed\touch2\clock-temp-touch\IO.h"
=======
  63  0000              #line 63 "C:\Users\hamed\OneDrive\Documents\HTK_Project\clock-temp-touch\IO.h"
>>>>>>> 63842fd (car-light)
  63  0000              public _T1
  63  0000              @HCCINIT0_T1 .section 'data'
  63  0000              _T1	db 0
  63  0001              #pragma debug variable 8 1 _T1 "T1"
  63  0001              
  63  0000              @HCCINIT .section 'data'
<<<<<<< HEAD
  63  0000              #line 63 "E:\hamed\touch2\clock-temp-touch\IO.h"
=======
  63  0000              #line 63 "C:\Users\hamed\OneDrive\Documents\HTK_Project\clock-temp-touch\IO.h"
>>>>>>> 63842fd (car-light)
  63  0000              public _N2
  63  0000              @HCCINIT0_N2 .section 'data'
  63  0000              _N2	db 0
  63  0001              #pragma debug variable 8 1 _N2 "N2"
  63  0001              
  63  0000              @HCCINIT .section 'data'
<<<<<<< HEAD
  63  0000              #line 63 "E:\hamed\touch2\clock-temp-touch\IO.h"
  63  0000              public _N1
  63  0000              @HCCINIT0_N1 .section 'data'
  63  0000              _N1	db 0
  63  0001              #pragma debug variable 8 1 _N1 "N1"
  63  0001              
  63  0000              @HCCINIT .section 'data'
  63  0000              #line 63 "E:\hamed\touch2\clock-temp-touch\IO.h"
=======
  63  0000              #line 63 "C:\Users\hamed\OneDrive\Documents\HTK_Project\clock-temp-touch\IO.h"
  63  0000              public _N1
  63  0000              @HCCINIT0_N1 .section 'data'
  63  0000              _N1	db 0
"File: IO.h          Assembler  Version HGASM0202      Page 71

  63  0001              #pragma debug variable 8 1 _N1 "N1"
  63  0001              
  63  0000              @HCCINIT .section 'data'
  63  0000              #line 63 "C:\Users\hamed\OneDrive\Documents\HTK_Project\clock-temp-touch\IO.h"
>>>>>>> 63842fd (car-light)
  63  0000              public _H2
  63  0000              @HCCINIT0_H2 .section 'data'
  63  0000              _H2	db 0
  63  0001              #pragma debug variable 8 1 _H2 "H2"
  63  0001              
<<<<<<< HEAD
"File: IO.h          Assembler  Version HGASM0202      Page 58

  63  0000              @HCCINIT .section 'data'
  63  0000              #line 63 "E:\hamed\touch2\clock-temp-touch\IO.h"
=======
  63  0000              @HCCINIT .section 'data'
  63  0000              #line 63 "C:\Users\hamed\OneDrive\Documents\HTK_Project\clock-temp-touch\IO.h"
>>>>>>> 63842fd (car-light)
  63  0000              public _H1
  63  0000              @HCCINIT0_H1 .section 'data'
  63  0000              _H1	db 0
  63  0001              #pragma debug variable 8 1 _H1 "H1"
  63  0001              
  63  0000              @HCCINIT .section 'data'
<<<<<<< HEAD
  63  0000              #line 63 "E:\hamed\touch2\clock-temp-touch\IO.h"
=======
  63  0000              #line 63 "C:\Users\hamed\OneDrive\Documents\HTK_Project\clock-temp-touch\IO.h"
>>>>>>> 63842fd (car-light)
  63  0000              public _D2
  63  0000              @HCCINIT0_D2 .section 'data'
  63  0000              _D2	db 0
  63  0001              #pragma debug variable 8 1 _D2 "D2"
  63  0001              
  63  0000              @HCCINIT .section 'data'
<<<<<<< HEAD
  63  0000              #line 63 "E:\hamed\touch2\clock-temp-touch\IO.h"
=======
  63  0000              #line 63 "C:\Users\hamed\OneDrive\Documents\HTK_Project\clock-temp-touch\IO.h"
>>>>>>> 63842fd (car-light)
  63  0000              public _D1
  63  0000              @HCCINIT0_D1 .section 'data'
  63  0000              _D1	db 0
  63  0001              #pragma debug variable 8 1 _D1 "D1"
  63  0001              
  63  0000              @HCCINIT .section 'data'
<<<<<<< HEAD
  63  0000              #line 63 "E:\hamed\touch2\clock-temp-touch\IO.h"
=======
  63  0000              #line 63 "C:\Users\hamed\OneDrive\Documents\HTK_Project\clock-temp-touch\IO.h"
>>>>>>> 63842fd (car-light)
  63  0000              public _M2
  63  0000              @HCCINIT0_M2 .section 'data'
  63  0000              _M2	db 0
  63  0001              #pragma debug variable 8 1 _M2 "M2"
  63  0001              
  63  0000              @HCCINIT .section 'data'
<<<<<<< HEAD
  63  0000              #line 63 "E:\hamed\touch2\clock-temp-touch\IO.h"
=======
  63  0000              #line 63 "C:\Users\hamed\OneDrive\Documents\HTK_Project\clock-temp-touch\IO.h"
>>>>>>> 63842fd (car-light)
  63  0000              public _M1
  63  0000              @HCCINIT0_M1 .section 'data'
  63  0000              _M1	db 0
  63  0001              #pragma debug variable 8 1 _M1 "M1"
  63  0001              
  63  0000              @HCCINIT .section 'data'
<<<<<<< HEAD
  63  0000              #line 63 "E:\hamed\touch2\clock-temp-touch\IO.h"
=======
  63  0000              #line 63 "C:\Users\hamed\OneDrive\Documents\HTK_Project\clock-temp-touch\IO.h"
>>>>>>> 63842fd (car-light)
  63  0000              public _Y4
  63  0000              @HCCINIT0_Y4 .section 'data'
  63  0000              _Y4	db 0
  63  0001              #pragma debug variable 8 1 _Y4 "Y4"
  63  0001              
  63  0000              @HCCINIT .section 'data'
<<<<<<< HEAD
  63  0000              #line 63 "E:\hamed\touch2\clock-temp-touch\IO.h"
=======
  63  0000              #line 63 "C:\Users\hamed\OneDrive\Documents\HTK_Project\clock-temp-touch\IO.h"
>>>>>>> 63842fd (car-light)
  63  0000              public _Y3
  63  0000              @HCCINIT0_Y3 .section 'data'
  63  0000              _Y3	db 0
  63  0001              #pragma debug variable 8 1 _Y3 "Y3"
  63  0001              
  63  0000              @HCCINIT .section 'data'
<<<<<<< HEAD
  63  0000              #line 63 "E:\hamed\touch2\clock-temp-touch\IO.h"
=======
  63  0000              #line 63 "C:\Users\hamed\OneDrive\Documents\HTK_Project\clock-temp-touch\IO.h"
"File: IO.h          Assembler  Version HGASM0202      Page 72

>>>>>>> 63842fd (car-light)
  63  0000              public _Y2
  63  0000              @HCCINIT0_Y2 .section 'data'
  63  0000              _Y2	db 0
  63  0001              #pragma debug variable 8 1 _Y2 "Y2"
  63  0001              
  63  0000              @HCCINIT .section 'data'
<<<<<<< HEAD
  63  0000              #line 63 "E:\hamed\touch2\clock-temp-touch\IO.h"
  63  0000              public _Y1
  63  0000              @HCCINIT0_Y1 .section 'data'
"File: IO.h          Assembler  Version HGASM0202      Page 59

=======
  63  0000              #line 63 "C:\Users\hamed\OneDrive\Documents\HTK_Project\clock-temp-touch\IO.h"
  63  0000              public _Y1
  63  0000              @HCCINIT0_Y1 .section 'data'
>>>>>>> 63842fd (car-light)
  63  0000              _Y1	db 0
  63  0001              #pragma debug variable 8 1 _Y1 "Y1"
  63  0001              
  63  0000              @HCCINIT .section 'data'
<<<<<<< HEAD
  36  0000              #line 36 "E:\hamed\touch2\clock-temp-touch\IO.h"
=======
  36  0000              #line 36 "C:\Users\hamed\OneDrive\Documents\HTK_Project\clock-temp-touch\IO.h"
>>>>>>> 63842fd (car-light)
  36  0000              public _q2
  36  0000              @BITDATASEC .section 'data'
  36  0000  00          _q2	dbit 0
  36  0001              #pragma debug variable 2 1 _q2 "q2"
  36  0001              
  36  0000              @HCCINIT .section 'data'
<<<<<<< HEAD
  36  0000              #line 36 "E:\hamed\touch2\clock-temp-touch\IO.h"
=======
  36  0000              #line 36 "C:\Users\hamed\OneDrive\Documents\HTK_Project\clock-temp-touch\IO.h"
>>>>>>> 63842fd (car-light)
  36  0000              public _q1
  36  0001              @BITDATASEC .section 'data'
  36  0000              _q1	dbit 0
  36  0001              #pragma debug variable 2 1 _q1 "q1"
  36  0001              
  36  0000              @HCCINIT .section 'data'
<<<<<<< HEAD
  36  0000              #line 36 "E:\hamed\touch2\clock-temp-touch\IO.h"
=======
  36  0000              #line 36 "C:\Users\hamed\OneDrive\Documents\HTK_Project\clock-temp-touch\IO.h"
>>>>>>> 63842fd (car-light)
  36  0000              public _Litgh
  36  0001              @BITDATASEC .section 'data'
  36  0000              _Litgh	dbit 0
  36  0001              #pragma debug variable 2 1 _Litgh "Litgh"
  36  0001              
  36  0000              @HCCINIT .section 'data'
<<<<<<< HEAD
  36  0000              #line 36 "E:\hamed\touch2\clock-temp-touch\IO.h"
=======
  36  0000              #line 36 "C:\Users\hamed\OneDrive\Documents\HTK_Project\clock-temp-touch\IO.h"
>>>>>>> 63842fd (car-light)
  36  0000              public _SetAlarm
  36  0001              @BITDATASEC .section 'data'
  36  0000              _SetAlarm	dbit 0
  36  0001              #pragma debug variable 2 1 _SetAlarm "SetAlarm"
  36  0001              
  36  0000              @HCCINIT .section 'data'
<<<<<<< HEAD
  36  0000              #line 36 "E:\hamed\touch2\clock-temp-touch\IO.h"
=======
  36  0000              #line 36 "C:\Users\hamed\OneDrive\Documents\HTK_Project\clock-temp-touch\IO.h"
>>>>>>> 63842fd (car-light)
  36  0000              public _SetTime
  36  0001              @BITDATASEC .section 'data'
  36  0000              _SetTime	dbit 0
  36  0001              #pragma debug variable 2 1 _SetTime "SetTime"
  36  0001              
  36  0000              @HCCINIT .section 'data'
<<<<<<< HEAD
  36  0000              #line 36 "E:\hamed\touch2\clock-temp-touch\IO.h"
=======
  36  0000              #line 36 "C:\Users\hamed\OneDrive\Documents\HTK_Project\clock-temp-touch\IO.h"
>>>>>>> 63842fd (car-light)
  36  0000              public _PM2
  36  0001              @BITDATASEC .section 'data'
  36  0000              _PM2	dbit 0
  36  0001              #pragma debug variable 2 1 _PM2 "PM2"
  36  0001              
  36  0000              @HCCINIT .section 'data'
<<<<<<< HEAD
  36  0000              #line 36 "E:\hamed\touch2\clock-temp-touch\IO.h"
=======
  36  0000              #line 36 "C:\Users\hamed\OneDrive\Documents\HTK_Project\clock-temp-touch\IO.h"
>>>>>>> 63842fd (car-light)
  36  0000              public _PM1
  36  0001              @BITDATASEC .section 'data'
  36  0000              _PM1	dbit 0
  36  0001              #pragma debug variable 2 1 _PM1 "PM1"
<<<<<<< HEAD
  36  0001              
  36  0000              @HCCINIT .section 'data'
  36  0000              #line 36 "E:\hamed\touch2\clock-temp-touch\IO.h"
=======
"File: IO.h          Assembler  Version HGASM0202      Page 73

  36  0001              
  36  0000              @HCCINIT .section 'data'
  36  0000              #line 36 "C:\Users\hamed\OneDrive\Documents\HTK_Project\clock-temp-touch\IO.h"
>>>>>>> 63842fd (car-light)
  36  0000              public _Belinking
  36  0001              @BITDATASEC .section 'data'
  36  0000              _Belinking	dbit 0
  36  0001              #pragma debug variable 2 1 _Belinking "Belinking"
  36  0001              
  36  0000              @HCCINIT .section 'data'
<<<<<<< HEAD
"File: IO.h          Assembler  Version HGASM0202      Page 60

  36  0000              #line 36 "E:\hamed\touch2\clock-temp-touch\IO.h"
=======
  36  0000              #line 36 "C:\Users\hamed\OneDrive\Documents\HTK_Project\clock-temp-touch\IO.h"
>>>>>>> 63842fd (car-light)
  36  0000              public _Belinker
  36  0001              @BITDATASEC .section 'data'
  36  0001  00          _Belinker	dbit 0
  36  0002              #pragma debug variable 2 1 _Belinker "Belinker"
  36  0002              
  36  0000              @HCCINIT .section 'data'
<<<<<<< HEAD
  36  0000              #line 36 "E:\hamed\touch2\clock-temp-touch\IO.h"
=======
  36  0000              #line 36 "C:\Users\hamed\OneDrive\Documents\HTK_Project\clock-temp-touch\IO.h"
>>>>>>> 63842fd (car-light)
  36  0000              public _Seg3
  36  0002              @BITDATASEC .section 'data'
  36  0001              _Seg3	dbit 0
  36  0002              #pragma debug variable 2 1 _Seg3 "Seg3"
  36  0002              
  36  0000              @HCCINIT .section 'data'
<<<<<<< HEAD
  36  0000              #line 36 "E:\hamed\touch2\clock-temp-touch\IO.h"
=======
  36  0000              #line 36 "C:\Users\hamed\OneDrive\Documents\HTK_Project\clock-temp-touch\IO.h"
>>>>>>> 63842fd (car-light)
  36  0000              public _Seg2
  36  0002              @BITDATASEC .section 'data'
  36  0001              _Seg2	dbit 0
  36  0002              #pragma debug variable 2 1 _Seg2 "Seg2"
  36  0002              
  36  0000              @HCCINIT .section 'data'
<<<<<<< HEAD
  36  0000              #line 36 "E:\hamed\touch2\clock-temp-touch\IO.h"
=======
  36  0000              #line 36 "C:\Users\hamed\OneDrive\Documents\HTK_Project\clock-temp-touch\IO.h"
>>>>>>> 63842fd (car-light)
  36  0000              public _Seg1
  36  0002              @BITDATASEC .section 'data'
  36  0001              _Seg1	dbit 0
  36  0002              #pragma debug variable 2 1 _Seg1 "Seg1"
  36  0002              
  36  0000              @HCCINIT .section 'data'
  36  0000              public _Dot
<<<<<<< HEAD
  36  0000              #line 36 "E:\hamed\touch2\clock-temp-touch\IO.h"
  36  0002              @BITDATASEC .section 'data'
  36  0001              _Dot	dbit 0
  36  0002              #pragma debug variable 2 1 _Dot "Dot"
  36  0002              #line 36 "E:\hamed\touch2\clock-temp-touch\IO.h"
=======
  36  0000              #line 36 "C:\Users\hamed\OneDrive\Documents\HTK_Project\clock-temp-touch\IO.h"
  36  0002              @BITDATASEC .section 'data'
  36  0001              _Dot	dbit 0
  36  0002              #pragma debug variable 2 1 _Dot "Dot"
  36  0002              #line 36 "C:\Users\hamed\OneDrive\Documents\HTK_Project\clock-temp-touch\IO.h"
>>>>>>> 63842fd (car-light)
  36  0002              public _Lock
  36  0002              @BITDATASEC .section 'data'
  36  0001              _Lock	dbit 0
  36  0002              #pragma debug variable 2 1 _Lock "Lock"
  36  0002              
  36  0000              @HCCINIT .section 'data'
  36  0000              public _CountTemp
<<<<<<< HEAD
  35  0000              #line 35 "E:\hamed\touch2\clock-temp-touch\IO.h"
=======
  35  0000              #line 35 "C:\Users\hamed\OneDrive\Documents\HTK_Project\clock-temp-touch\IO.h"
>>>>>>> 63842fd (car-light)
  35  0000              @HCCINIT_CountTemp .section 'data'
  35  0000              _CountTemp label byte
  35  0000              #pragma debug variable 8 1 _CountTemp "CountTemp"
  35  0000              	db 0
  35  0010              @ROMDATA_BASE .section inpage 'code'
  35  0010              	db 0
  35  0001              @HCCINIT_CountTemp .section 'data'
  35  0001              public _State
<<<<<<< HEAD
  35  0001              #line 35 "E:\hamed\touch2\clock-temp-touch\IO.h"
=======
  35  0001              #line 35 "C:\Users\hamed\OneDrive\Documents\HTK_Project\clock-temp-touch\IO.h"
"File: IO.h          Assembler  Version HGASM0202      Page 74

>>>>>>> 63842fd (car-light)
  35  0000              @HCCINIT_State .section 'data'
  35  0000              _State label byte
  35  0000              #pragma debug variable 8 1 _State "State"
  35  0000              	db 0
  35  0011              @ROMDATA_BASE .section inpage 'code'
  35  0011              	db 0
  35  0001              @HCCINIT_State .section 'data'
  35  0001              public _CountOn
<<<<<<< HEAD
  35  0001              #line 35 "E:\hamed\touch2\clock-temp-touch\IO.h"
"File: IO.h          Assembler  Version HGASM0202      Page 61

=======
  35  0001              #line 35 "C:\Users\hamed\OneDrive\Documents\HTK_Project\clock-temp-touch\IO.h"
>>>>>>> 63842fd (car-light)
  35  0000              @HCCINIT_CountOn .section 'data'
  35  0000              _CountOn label byte
  35  0000              #pragma debug variable 8 1 _CountOn "CountOn"
  35  0000              	db 0
  35  0011              @ROMDATA_BASE .section inpage 'code'
  35  0011              	db 0
  35  0001              @HCCINIT_CountOn .section 'data'
  35  0001              public _Ok
<<<<<<< HEAD
  35  0001              #line 35 "E:\hamed\touch2\clock-temp-touch\IO.h"
=======
  35  0001              #line 35 "C:\Users\hamed\OneDrive\Documents\HTK_Project\clock-temp-touch\IO.h"
>>>>>>> 63842fd (car-light)
  35  0000              @HCCINIT_Ok .section 'data'
  35  0000              _Ok label byte
  35  0000              #pragma debug variable 8 1 _Ok "Ok"
  35  0000              	db 0
  35  0012              @ROMDATA_BASE .section inpage 'code'
  35  0012              	db 0
  35  0001              @HCCINIT_Ok .section 'data'
  35  0001              public _Kab
<<<<<<< HEAD
  35  0001              #line 35 "E:\hamed\touch2\clock-temp-touch\IO.h"
=======
  35  0001              #line 35 "C:\Users\hamed\OneDrive\Documents\HTK_Project\clock-temp-touch\IO.h"
>>>>>>> 63842fd (car-light)
  35  0000              @HCCINIT_Kab .section 'data'
  35  0000              _Kab label byte
  35  0000              #pragma debug variable 8 1 _Kab "Kab"
  35  0000              	db 0
  35  0012              @ROMDATA_BASE .section inpage 'code'
  35  0012              	db 0
  35  0001              @HCCINIT_Kab .section 'data'
  35  0001              public _LookTime
  35  0064              @crom	.section 'crom'
<<<<<<< HEAD
  33  0064              #line 33 "E:\hamed\touch2\clock-temp-touch\IO.h"
=======
  33  0064              #line 33 "C:\Users\hamed\OneDrive\Documents\HTK_Project\clock-temp-touch\IO.h"
>>>>>>> 63842fd (car-light)
  33  0064              @crom	.section	'crom'
  33  0064              _LookTime:
  33  0064              #pragma debug array 43 11 24 1
  33  0064              #pragma debug array 43 11 24 1
  33  0064              #pragma debug variable 43 1 _LookTime "LookTime"
  33  0064  000C        	dc 12
  33  0065  000D        	dc 13
  33  0066  000E        	dc 14
  33  0067  000F        	dc 15
  33  0068  0010        	dc 16
  33  0069  0011        	dc 17
  33  006A  0012        	dc 18
  33  006B  0013        	dc 19
  33  006C  0014        	dc 20
  33  006D  0015        	dc 21
  33  006E  0016        	dc 22
  33  006F  0017        	dc 23
  33  0070  0000        	dc 0
  33  0071  0001        	dc 1
  33  0072  0002        	dc 2
  33  0073  0003        	dc 3
  33  0074  0004        	dc 4
  33  0075  0005        	dc 5
<<<<<<< HEAD
=======
"File: IO.h          Assembler  Version HGASM0202      Page 75

>>>>>>> 63842fd (car-light)
  33  0076  0006        	dc 6
  33  0077  0007        	dc 7
  33  0078  0008        	dc 8
  33  0079  0009        	dc 9
  33  007A  000A        	dc 10
  33  007B  000B        	dc 11
  33  007C              public _Lookup
<<<<<<< HEAD
  32  007C              #line 32 "E:\hamed\touch2\clock-temp-touch\IO.h"
  32  007C              @crom	.section	'crom'
"File: IO.h          Assembler  Version HGASM0202      Page 62

=======
  32  007C              #line 32 "C:\Users\hamed\OneDrive\Documents\HTK_Project\clock-temp-touch\IO.h"
  32  007C              @crom	.section	'crom'
>>>>>>> 63842fd (car-light)
  32  007C              _Lookup:
  32  007C              #pragma debug array 44 11 8 1
  32  007C              #pragma debug array 44 11 8 1
  32  007C              #pragma debug variable 44 1 _Lookup "Lookup"
  32  007C  0001        	dc 1
  32  007D  0005        	dc 5
  32  007E  0009        	dc 9
  32  007F  000D        	dc 13
  32  0080  0011        	dc 17
  32  0081  0016        	dc 22
  32  0082  001A        	dc 26
  32  0083  001E        	dc 30
  32  0084              public _Biper
  32  0000              @HCCINIT	.section 'data'
<<<<<<< HEAD
  31  0000              #line 31 "E:\hamed\touch2\clock-temp-touch\IO.h"
=======
  31  0000              #line 31 "C:\Users\hamed\OneDrive\Documents\HTK_Project\clock-temp-touch\IO.h"
>>>>>>> 63842fd (car-light)
  31  0000              @HCCINIT_Biper .section 'data'
  31  0000              _Biper label byte
  31  0000              #pragma debug variable 12 1 _Biper "Biper"
  31  0000              	db 0
  31  0013              @ROMDATA_BASE .section inpage 'code'
  31  0013              	db 0
  31  0001              @HCCINIT_Biper .section 'data'
  31  0001              	db 0
  31  0013              @ROMDATA_BASE .section inpage 'code'
  31  0013              	db 0
  31  0002              @HCCINIT_Biper .section 'data'
  31  0002              public _Belink
<<<<<<< HEAD
  31  0002              #line 31 "E:\hamed\touch2\clock-temp-touch\IO.h"
=======
  31  0002              #line 31 "C:\Users\hamed\OneDrive\Documents\HTK_Project\clock-temp-touch\IO.h"
>>>>>>> 63842fd (car-light)
  31  0000              @HCCINIT_Belink .section 'data'
  31  0000              _Belink label byte
  31  0000              #pragma debug variable 12 1 _Belink "Belink"
  31  0000              	db 0
  31  0014              @ROMDATA_BASE .section inpage 'code'
  31  0014              	db 0
  31  0001              @HCCINIT_Belink .section 'data'
  31  0001              	db 0
  31  0014              @ROMDATA_BASE .section inpage 'code'
  31  0014              	db 0
  31  0002              @HCCINIT_Belink .section 'data'
  31  0002              public _Yer
<<<<<<< HEAD
  31  0002              #line 31 "E:\hamed\touch2\clock-temp-touch\IO.h"
=======
  31  0002              #line 31 "C:\Users\hamed\OneDrive\Documents\HTK_Project\clock-temp-touch\IO.h"
>>>>>>> 63842fd (car-light)
  31  0000              @HCCINIT_Yer .section 'data'
  31  0000              _Yer label byte
  31  0000              #pragma debug variable 12 1 _Yer "Yer"
  31  0000              	dw 1403
  31  0015              @ROMDATA_BASE .section inpage 'code'
  31  0015  057B        	dc 1403
  31  0002              @HCCINIT_Yer .section 'data'
  31  0002              public _H124
<<<<<<< HEAD
  30  0002              #line 30 "E:\hamed\touch2\clock-temp-touch\IO.h"
  30  0000              @HCCINIT_H124 .section 'data'
=======
  30  0002              #line 30 "C:\Users\hamed\OneDrive\Documents\HTK_Project\clock-temp-touch\IO.h"
  30  0000              @HCCINIT_H124 .section 'data'
"File: IO.h          Assembler  Version HGASM0202      Page 76

>>>>>>> 63842fd (car-light)
  30  0000              _H124 label byte
  30  0000              #pragma debug variable 8 1 _H124 "H124"
  30  0000              	db 24
  30  0016              @ROMDATA_BASE .section inpage 'code'
  30  0016              	db 24
  30  0001              @HCCINIT_H124 .section 'data'
  30  0001              public _Day
<<<<<<< HEAD
  30  0001              #line 30 "E:\hamed\touch2\clock-temp-touch\IO.h"
  30  0000              @HCCINIT_Day .section 'data'
"File: IO.h          Assembler  Version HGASM0202      Page 63

=======
  30  0001              #line 30 "C:\Users\hamed\OneDrive\Documents\HTK_Project\clock-temp-touch\IO.h"
  30  0000              @HCCINIT_Day .section 'data'
>>>>>>> 63842fd (car-light)
  30  0000              _Day label byte
  30  0000              #pragma debug variable 8 1 _Day "Day"
  30  0000              	db 16
  30  0016              @ROMDATA_BASE .section inpage 'code'
  30  0016              	db 16
  30  0001              @HCCINIT_Day .section 'data'
  30  0001              public _May
<<<<<<< HEAD
  30  0001              #line 30 "E:\hamed\touch2\clock-temp-touch\IO.h"
=======
  30  0001              #line 30 "C:\Users\hamed\OneDrive\Documents\HTK_Project\clock-temp-touch\IO.h"
>>>>>>> 63842fd (car-light)
  30  0000              @HCCINIT_May .section 'data'
  30  0000              _May label byte
  30  0000              #pragma debug variable 8 1 _May "May"
  30  0000              	db 4
  30  0017              @ROMDATA_BASE .section inpage 'code'
  30  0017              	db 4
  30  0001              @HCCINIT_May .section 'data'
  30  0001              public _Sec
<<<<<<< HEAD
  29  0001              #line 29 "E:\hamed\touch2\clock-temp-touch\IO.h"
=======
  29  0001              #line 29 "C:\Users\hamed\OneDrive\Documents\HTK_Project\clock-temp-touch\IO.h"
>>>>>>> 63842fd (car-light)
  29  0000              @HCCINIT_Sec .section 'data'
  29  0000              _Sec label byte
  29  0000              #pragma debug variable 8 1 _Sec "Sec"
  29  0000              	db 0
  29  0017              @ROMDATA_BASE .section inpage 'code'
  29  0017              	db 0
  29  0001              @HCCINIT_Sec .section 'data'
  29  0001              public _Temp
<<<<<<< HEAD
  29  0001              #line 29 "E:\hamed\touch2\clock-temp-touch\IO.h"
=======
  29  0001              #line 29 "C:\Users\hamed\OneDrive\Documents\HTK_Project\clock-temp-touch\IO.h"
>>>>>>> 63842fd (car-light)
  29  0000              @HCCINIT_Temp .section 'data'
  29  0000              _Temp label byte
  29  0000              #pragma debug variable 8 1 _Temp "Temp"
  29  0000              	db 0
  29  0018              @ROMDATA_BASE .section inpage 'code'
  29  0018              	db 0
  29  0001              @HCCINIT_Temp .section 'data'
  29  0001              public _S
<<<<<<< HEAD
  29  0001              #line 29 "E:\hamed\touch2\clock-temp-touch\IO.h"
=======
  29  0001              #line 29 "C:\Users\hamed\OneDrive\Documents\HTK_Project\clock-temp-touch\IO.h"
>>>>>>> 63842fd (car-light)
  29  0000              @HCCINIT_S .section 'data'
  29  0000              _S label byte
  29  0000              #pragma debug variable 8 1 _S "S"
  29  0000              	db 0
  29  0018              @ROMDATA_BASE .section inpage 'code'
  29  0018              	db 0
  29  0001              @HCCINIT_S .section 'data'
  29  0001              public _Min
<<<<<<< HEAD
  29  0001              #line 29 "E:\hamed\touch2\clock-temp-touch\IO.h"
  29  0000              @HCCINIT_Min .section 'data'
  29  0000              _Min label byte
  29  0000              #pragma debug variable 8 1 _Min "Min"
  29  0000              	db 50
  29  0019              @ROMDATA_BASE .section inpage 'code'
  29  0019              	db 50
  29  0001              @HCCINIT_Min .section 'data'
  29  0001              public _Hrs
  29  0001              #line 29 "E:\hamed\touch2\clock-temp-touch\IO.h"
  29  0000              @HCCINIT_Hrs .section 'data'
  29  0000              _Hrs label byte
  29  0000              #pragma debug variable 8 1 _Hrs "Hrs"
  29  0000              	db 21
  29  0019              @ROMDATA_BASE .section inpage 'code'
  29  0019              	db 21
  29  0001              @HCCINIT_Hrs .section 'data'
"File: IO.h          Assembler  Version HGASM0202      Page 64

  29  0001              public _Display
  29  0001              #line 29 "E:\hamed\touch2\clock-temp-touch\IO.h"
=======
  29  0001              #line 29 "C:\Users\hamed\OneDrive\Documents\HTK_Project\clock-temp-touch\IO.h"
  29  0000              @HCCINIT_Min .section 'data'
  29  0000              _Min label byte
  29  0000              #pragma debug variable 8 1 _Min "Min"
  29  0000              	db 2
  29  0019              @ROMDATA_BASE .section inpage 'code'
  29  0019              	db 2
  29  0001              @HCCINIT_Min .section 'data'
"File: IO.h          Assembler  Version HGASM0202      Page 77

  29  0001              public _Hrs
  29  0001              #line 29 "C:\Users\hamed\OneDrive\Documents\HTK_Project\clock-temp-touch\IO.h"
  29  0000              @HCCINIT_Hrs .section 'data'
  29  0000              _Hrs label byte
  29  0000              #pragma debug variable 8 1 _Hrs "Hrs"
  29  0000              	db 17
  29  0019              @ROMDATA_BASE .section inpage 'code'
  29  0019              	db 17
  29  0001              @HCCINIT_Hrs .section 'data'
  29  0001              public _Display
  29  0001              #line 29 "C:\Users\hamed\OneDrive\Documents\HTK_Project\clock-temp-touch\IO.h"
>>>>>>> 63842fd (car-light)
  29  0000              @HCCINIT_Display .section 'data'
  29  0000              _Display label byte
  29  0000              #pragma debug variable 8 1 _Display "Display"
  29  0000              	db 2
  29  001A              @ROMDATA_BASE .section inpage 'code'
  29  001A              	db 2
  29  0001              @HCCINIT_Display .section 'data'
  29  0001              public _Seletion
<<<<<<< HEAD
  29  0001              #line 29 "E:\hamed\touch2\clock-temp-touch\IO.h"
=======
  29  0001              #line 29 "C:\Users\hamed\OneDrive\Documents\HTK_Project\clock-temp-touch\IO.h"
>>>>>>> 63842fd (car-light)
  29  0000              @HCCINIT_Seletion .section 'data'
  29  0000              _Seletion label byte
  29  0000              #pragma debug variable 8 1 _Seletion "Seletion"
  29  0000              	db 1
  29  001A              @ROMDATA_BASE .section inpage 'code'
  29  001A              	db 1
  29  0001              @HCCINIT_Seletion .section 'data'
  29  0001              public _Disp
<<<<<<< HEAD
  29  0001              #line 29 "E:\hamed\touch2\clock-temp-touch\IO.h"
=======
  29  0001              #line 29 "C:\Users\hamed\OneDrive\Documents\HTK_Project\clock-temp-touch\IO.h"
>>>>>>> 63842fd (car-light)
  29  0000              @HCCINIT_Disp .section 'data'
  29  0000              _Disp label byte
  29  0000              #pragma debug variable 8 1 _Disp "Disp"
  29  0000              	db 0
  29  001B              @ROMDATA_BASE .section inpage 'code'
  29  001B              	db 0
  29  0001              @HCCINIT_Disp .section 'data'
  29  0001              public _CNT_DISP
<<<<<<< HEAD
  29  0001              #line 29 "E:\hamed\touch2\clock-temp-touch\IO.h"
=======
  29  0001              #line 29 "C:\Users\hamed\OneDrive\Documents\HTK_Project\clock-temp-touch\IO.h"
>>>>>>> 63842fd (car-light)
  29  0000              @HCCINIT_CNT_DISP .section 'data'
  29  0000              _CNT_DISP label byte
  29  0000              #pragma debug variable 8 1 _CNT_DISP "CNT_DISP"
  29  0000              	db 0
  29  001B              @ROMDATA_BASE .section inpage 'code'
  29  001B              	db 0
  29  0001              @HCCINIT_CNT_DISP .section 'data'
  29  0001              public _Bip
<<<<<<< HEAD
  29  0001              #line 29 "E:\hamed\touch2\clock-temp-touch\IO.h"
=======
  29  0001              #line 29 "C:\Users\hamed\OneDrive\Documents\HTK_Project\clock-temp-touch\IO.h"
>>>>>>> 63842fd (car-light)
  29  0000              @HCCINIT_Bip .section 'data'
  29  0000              _Bip label byte
  29  0000              #pragma debug variable 8 1 _Bip "Bip"
  29  0000              	db 0
  29  001C              @ROMDATA_BASE .section inpage 'code'
  29  001C              	db 0
  29  0001              @HCCINIT_Bip .section 'data'
  29  0001              #pragma debug struct_end
  29  0001              #pragma debug struct_end
  29  0001              #pragma debug union_end
  29  0001              #pragma debug union_end
  29  0001              #pragma debug variable 46 1 ___intc0 "__intc0" 1
  29  0001              #pragma debug struct_end
<<<<<<< HEAD
=======
"File: IO.h          Assembler  Version HGASM0202      Page 78

>>>>>>> 63842fd (car-light)
  29  0001              #pragma debug struct_end
  29  0001              #pragma debug union_end
  29  0001              #pragma debug union_end
  29  0001              #pragma debug variable 48 1 ___intc2 "__intc2" 1
  29  0001              #pragma debug struct_end
  29  0001              #pragma debug struct_end
  29  0001              #pragma debug union_end
  29  0001              #pragma debug union_end
  29  0001              #pragma debug variable 50 1 ___pa "__pa" 1
<<<<<<< HEAD
"File: IO.h          Assembler  Version HGASM0202      Page 65

=======
>>>>>>> 63842fd (car-light)
  29  0001              #pragma debug struct_end
  29  0001              #pragma debug struct_end
  29  0001              #pragma debug union_end
  29  0001              #pragma debug union_end
  29  0001              #pragma debug variable 52 1 ___pac "__pac" 1
  29  0001              #pragma debug struct_end
  29  0001              #pragma debug struct_end
  29  0001              #pragma debug union_end
  29  0001              #pragma debug union_end
  29  0001              #pragma debug variable 54 1 ___pb "__pb" 1
  29  0001              #pragma debug struct_end
  29  0001              #pragma debug struct_end
  29  0001              #pragma debug union_end
  29  0001              #pragma debug union_end
  29  0001              #pragma debug variable 56 1 ___pbc "__pbc" 1
  29  0001              #pragma debug struct_end
  29  0001              #pragma debug struct_end
  29  0001              #pragma debug union_end
  29  0001              #pragma debug union_end
  29  0001              #pragma debug variable 58 1 ___pc "__pc" 1
  29  0001              #pragma debug struct_end
  29  0001              #pragma debug struct_end
  29  0001              #pragma debug union_end
  29  0001              #pragma debug union_end
  29  0001              #pragma debug variable 60 1 ___pcc "__pcc" 1
  29  0001              #pragma debug struct_end
  29  0001              #pragma debug struct_end
  29  0001              #pragma debug union_end
  29  0001              #pragma debug union_end
  29  0001              #pragma debug variable 62 1 ___mfi2 "__mfi2" 1
  29  0001              #pragma debug variable 8 1 ___sadol "__sadol" 1
  29  0001              #pragma debug variable 8 1 ___sadoh "__sadoh" 1
  29  0001              #pragma debug struct_end
  29  0001              #pragma debug struct_end
  29  0001              #pragma debug union_end
  29  0001              #pragma debug union_end
  29  0001              #pragma debug variable 64 1 ___sadc0 "__sadc0" 1
  29  0001              #pragma debug struct_end
  29  0001              #pragma debug struct_end
  29  0001              #pragma debug union_end
  29  0001              #pragma debug union_end
  29  0001              #pragma debug variable 66 1 ___sadc1 "__sadc1" 1
  29  0001              #pragma debug struct_end
  29  0001              #pragma debug struct_end
  29  0001              #pragma debug union_end
  29  0001              #pragma debug union_end
  29  0001              #pragma debug variable 68 1 ___psc0r "__psc0r" 1
  29  0001              #pragma debug struct_end
  29  0001              #pragma debug struct_end
  29  0001              #pragma debug union_end
  29  0001              #pragma debug union_end
<<<<<<< HEAD
=======
"File: IO.h          Assembler  Version HGASM0202      Page 79

>>>>>>> 63842fd (car-light)
  29  0001              #pragma debug variable 70 1 ___tb0c "__tb0c" 1
  29  0001              #pragma debug struct_end
  29  0001              #pragma debug struct_end
  29  0001              #pragma debug union_end
  29  0001              #pragma debug union_end
  29  0001              #pragma debug variable 72 1 ___tb1c "__tb1c" 1
  29  0001              #pragma debug struct_end
  29  0001              #pragma debug struct_end
  29  0001              #pragma debug union_end
<<<<<<< HEAD
"File: IO.h          Assembler  Version HGASM0202      Page 66

=======
>>>>>>> 63842fd (car-light)
  29  0001              #pragma debug union_end
  29  0001              #pragma debug variable 74 1 ___psc1r "__psc1r" 1
  29  0001              #pragma debug struct_end
  29  0001              #pragma debug struct_end
  29  0001              #pragma debug union_end
  29  0001              #pragma debug union_end
  29  0001              #pragma debug variable 76 1 ___ptmc0 "__ptmc0" 1
  29  0001              #pragma debug struct_end
  29  0001              #pragma debug struct_end
  29  0001              #pragma debug union_end
  29  0001              #pragma debug union_end
  29  0001              #pragma debug variable 78 1 ___ptmc1 "__ptmc1" 1
  29  0001              #pragma debug variable 8 1 ___ptmal "__ptmal" 1
  29  0001              #pragma debug variable 8 1 ___ptmah "__ptmah" 1
  29  0001              #pragma debug variable 8 1 ___ptmrpl "__ptmrpl" 1
  29  0001              #pragma debug variable 8 1 ___ptmrph "__ptmrph" 1
  29  0001              #pragma debug struct_end
  29  0001              #pragma debug struct_end
  29  0001              #pragma debug union_end
  29  0001              #pragma debug union_end
  29  0001              #pragma debug variable 80 1 ___pe "__pe" 1
  29  0001              #pragma debug struct_end
  29  0001              #pragma debug struct_end
  29  0001              #pragma debug union_end
  29  0001              #pragma debug union_end
  29  0001              #pragma debug variable 82 1 ___pec "__pec" 1
  29  0001              #pragma debug variable 8 1 ___tktmr "__tktmr" 1
  29  0001              #pragma debug struct_end
  29  0001              #pragma debug struct_end
  29  0001              #pragma debug union_end
  29  0001              #pragma debug union_end
  29  0001              #pragma debug variable 84 1 ___tkc0 "__tkc0" 1
  29  0001              #pragma debug struct_end
  29  0001              #pragma debug struct_end
  29  0001              #pragma debug union_end
  29  0001              #pragma debug union_end
  29  0001              #pragma debug variable 86 1 ___tkc1 "__tkc1" 1
  29  0001              #pragma debug variable 8 1 ___tkm016dl "__tkm016dl" 1
  29  0001              #pragma debug variable 8 1 ___tkm016dh "__tkm016dh" 1
  29  0001              #pragma debug variable 8 1 ___tkm0rol "__tkm0rol" 1
  29  0001              #pragma debug variable 8 1 ___tkm0roh "__tkm0roh" 1
  29  0001              #pragma debug struct_end
  29  0001              #pragma debug struct_end
  29  0001              #pragma debug union_end
  29  0001              #pragma debug union_end
  29  0001              #pragma debug variable 88 1 ___tkm0c0 "__tkm0c0" 1
  29  0001              #pragma debug struct_end
  29  0001              #pragma debug struct_end
  29  0001              #pragma debug union_end
  29  0001              #pragma debug union_end
  29  0001              #pragma debug variable 90 1 ___tkm0c1 "__tkm0c1" 1
<<<<<<< HEAD
=======
"File: IO.h          Assembler  Version HGASM0202      Page 80

>>>>>>> 63842fd (car-light)
  29  0001              #pragma debug struct_end
  29  0001              #pragma debug struct_end
  29  0001              #pragma debug union_end
  29  0001              #pragma debug union_end
  29  0001              #pragma debug variable 92 1 ___tkm0c2 "__tkm0c2" 1
  29  0001              #pragma debug struct_end
  29  0001              #pragma debug struct_end
  29  0001              #pragma debug union_end
  29  0001              #pragma debug union_end
<<<<<<< HEAD
"File: IO.h          Assembler  Version HGASM0202      Page 67

=======
>>>>>>> 63842fd (car-light)
  29  0001              #pragma debug variable 94 1 ___pbs0 "__pbs0" 1
  29  0001              #pragma debug struct_end
  29  0001              #pragma debug struct_end
  29  0001              #pragma debug union_end
  29  0001              #pragma debug union_end
  29  0001              #pragma debug variable 96 1 ___pbs1 "__pbs1" 1
  29  0001              extern r1:byte
  29  0001              extern r2:byte
  29  0001              extern r3:byte
  29  0001              extern r4:byte
  29  0001              extern r5:byte
  29  0001              extern r6:byte

<<<<<<< HEAD
  18  0001              #line 18 "E:\hamed\touch2\clock-temp-touch\clock-temp-touch.c"
=======
  18  0001              #line 18 "C:\Users\hamed\OneDrive\Documents\HTK_Project\clock-temp-touch\clock-temp-touch.c"
>>>>>>> 63842fd (car-light)
  18  0000              @code .section at 0 'code'
  18  0000  2800     R  	jmp _main_startup1
  18  0001              
  18  0001              extern _builtin_holtek_mulsi3_2:byte
  18  0001              extern _builtin_holtek_mulsi3:near
  18  0001              extern _builtin_holtek_udivmodqi4_2:byte
  18  0001              extern _builtin_holtek_udivmodqi4:near
  18  0001              extern _builtin_holtek_udivmodhi4_2:byte
  18  0001              extern _builtin_holtek_udivmodhi4:near
  18  0001              extern _builtin_holtek_udivmodsi4_2:byte
  18  0001              extern _builtin_holtek_udivmodsi4:near
  18  0001              
  18  0001              ; 
<<<<<<< HEAD
  18  0001              ; Generated by holtek-gcc v3.19, Mon Oct 14 18:08:16 2024
=======
  18  0001              ; Generated by holtek-gcc v3.19, Fri Jul 19 23:57:19 2024
>>>>>>> 63842fd (car-light)
  18  0001              ; Rebuild 718
  18  0001              ; end of file


        0 Errors, 0