"File: touch-RF-car.c  Assembler  Version HGASM0202      Page 1


   1  0000              ; Generated by holtek-gcc v3.19, Mon Jul 21 19:32:41 2025
   2  0000              ; 
   3  0000              ; Configuration:
   4  0000              ;       without long instruction
   5  0000              ;       Single ROM, Multi-RAM
   6  0000              ;       bits_per_rom_unit:16
   7  0000              ;       with mp1
   8  0000              ;       with tbhp, address(0x9)
   9  0000              ;          Use tabrd-const
  10  0000              ;       
  11  0000              ;       
  12  0000              ;       
  13  0000              ; use 'tabrdc' instead of 'tabrd'
  14  0000              ;       
  15  0000              
  16  0000              #pragma translator "holtek-gcc 4.6.4" "3.19" "build 20130711"
  17  0000              ; Rebuild 718
  18  0000              
  19  0000              ir equ [2]
  20  0000              mp equ [3]
  21  0000              sbp equ [1]
  22  0000              acc equ [5]
  23  0000              bp equ [4]
  24  0000              tblp equ [7]
  25  0000              tbhp equ [9]
  26  0000              status equ [10]
  27  0000              c equ [10].0
  28  0000              ac equ [10].1
  29  0000              z equ [10].2
  30  0000              ov equ [10].3
  31  0000              intc equ [11]
  32  0000              
  33  0000              extern ra:byte
  34  0000              extern rb:byte
  35  0000              extern rc:byte
  36  0000              extern rd:byte
  37  0000              extern re:byte
  38  0000              extern rf:byte
  39  0000              extern rg:byte
  40  0000              extern rh:byte
  41  0000              extern _Crom2Prom:near
  42  0000              extern _Crom2PromNext:near
  43  0000              
  44  0000              RAMBANK 0 @HCCINIT, @HCCINIT0
  45  0000              
  46  0000              RAMBANK 0 @BITDATASEC, @BITDATASEC1
  47  0000              @HCCINIT	.section 'data'
  48  0000              @HCCINIT0	.section 'data'
  49  0000              @BITDATASEC	 .section 'data'
  50  0000              @BITDATASEC1	 .section 'data'
  51  0000              
  52  0000              #pragma debug scope 1 1
  53  0000              	extern __DELAY3:near
  54  0000              	extern __DELAYX3:near
  55  0000              	extern __DELAYX6:near
  56  0000              	extern __DELAYY5:near
  57  0000              	extern __DELAYY3:near
  58  0000              	extern _builtin_holtek_delay_2:byte
  59  0000              public _delay_10us
"File: touch-RF-car.ASM  Assembler  Version HGASM0202      Page 2

  60  0000              #pragma debug scope 2 1

  11  0000              #line 11 "C:\Users\hamed\OneDrive\Documents\HTK_Project\touch-rf-car\touch-RF-car\DELAY.h"
  11  0000              _delay_10us .section 'code'
  11  0000              _delay_10us proc
  11  0000              public _delay_10us_2
  11  0000  0004[           local _delay_10us_2 db 4 dup(?)	; 4,0
            00
            ]
  11  0004              #pragma debug variable 14 2 _delay_10us_2+0 "count_u"
  15  0004              #line 15 "C:\Users\hamed\OneDrive\Documents\HTK_Project\touch-rf-car\touch-RF-car\DELAY.h"
  15  0000  1F00     E  	clr rd
  15  0001  1F00     E  	clr re
  15  0002  1F00     E  	clr rf
  15  0003  1F00     E  	clr rg
  15  0004  2800     R  	jmp _L2
  15  0005              _L3:
  17  0005              #line 17 "C:\Users\hamed\OneDrive\Documents\HTK_Project\touch-rf-car\touch-RF-car\DELAY.h"
  17  0005              ;# 17 "C:\Users\hamed\OneDrive\Documents\HTK_Project\touch-rf-car\touch-RF-car\DELAY.h" 1
  17  0005  0001        	clr wdt
  18  0006              #line 18 "C:\Users\hamed\OneDrive\Documents\HTK_Project\touch-rf-car\touch-RF-car\DELAY.h"
  18  0006              ;# 18 "C:\Users\hamed\OneDrive\Documents\HTK_Project\touch-rf-car\touch-RF-car\DELAY.h" 1
  18  0006  0000        	nop
  19  0007              #line 19 "C:\Users\hamed\OneDrive\Documents\HTK_Project\touch-rf-car\touch-RF-car\DELAY.h"
  19  0007              ;# 19 "C:\Users\hamed\OneDrive\Documents\HTK_Project\touch-rf-car\touch-RF-car\DELAY.h" 1
  19  0007  0000        	nop
  20  0008              #line 20 "C:\Users\hamed\OneDrive\Documents\HTK_Project\touch-rf-car\touch-RF-car\DELAY.h"
  20  0008              ;# 20 "C:\Users\hamed\OneDrive\Documents\HTK_Project\touch-rf-car\touch-RF-car\DELAY.h" 1
  20  0008  0000        	nop
  21  0009              #line 21 "C:\Users\hamed\OneDrive\Documents\HTK_Project\touch-rf-car\touch-RF-car\DELAY.h"
  21  0009              ;# 21 "C:\Users\hamed\OneDrive\Documents\HTK_Project\touch-rf-car\touch-RF-car\DELAY.h" 1
  21  0009  0000        	nop
  15  000A              #line 15 "C:\Users\hamed\OneDrive\Documents\HTK_Project\touch-rf-car\touch-RF-car\DELAY.h"
  15  000A  0F01        	mov a,1
  15  000B  0380     E  	addm a,rd
  15  000C  0F00        	mov a,0
  15  000D  1380     E  	adcm a,re
  15  000E  1380     E  	adcm a,rf
  15  000F  1380     E  	adcm a,rg
  15  0010              _L2:
  15  0010  0700     E  	mov a,rd
  15  0011  0400     R  	xor a,_delay_10us_2[0]
  15  0012  0700     E  	mov a,re
  15  0013  3D0A        	sz z
  15  0014  0400     R  	xor a,_delay_10us_2[1]
  15  0015  0700     E  	mov a,rf
  15  0016  3D0A        	sz z
  15  0017  0400     R  	xor a,_delay_10us_2[2]
  15  0018  0700     E  	mov a,rg
  15  0019  3D0A        	sz z
  15  001A  0400     R  	xor a,_delay_10us_2[3]
  15  001B  390A        	snz z
  15  001C  2800     R  	jmp _L3
  15  001D  0003        	ret
  15  001E              _delay_10us endp
  15  001E              #line 15 "C:\Users\hamed\OneDrive\Documents\HTK_Project\touch-rf-car\touch-RF-car\DELAY.h"
  15  001E              #pragma debug scope 1 1
  15  001E              public _delay_us
  15  001E              #pragma debug scope 3 1
  28  001E              #line 28 "C:\Users\hamed\OneDrive\Documents\HTK_Project\touch-rf-car\touch-RF-car\DELAY.h"
"File: DELAY.h       Assembler  Version HGASM0202      Page 3

  28  0000              _delay_us .section 'code'
  28  0000              _delay_us proc
  28  0000              public _delay_us_2
  28  0000  0004[           local _delay_us_2 db 4 dup(?)	; 4,0
            00
            ]
  28  0004              #pragma debug variable 14 3 _delay_us_2+0 "count_u"
  32  0004              #line 32 "C:\Users\hamed\OneDrive\Documents\HTK_Project\touch-rf-car\touch-RF-car\DELAY.h"
  32  0000  1F00     E  	clr rd
  32  0001  1F00     E  	clr re
  32  0002  1F00     E  	clr rf
  32  0003  1F00     E  	clr rg
  32  0004  2800     R  	jmp _L6
  32  0005              _L7:
  34  0005              #line 34 "C:\Users\hamed\OneDrive\Documents\HTK_Project\touch-rf-car\touch-RF-car\DELAY.h"
  34  0005              ;# 34 "C:\Users\hamed\OneDrive\Documents\HTK_Project\touch-rf-car\touch-RF-car\DELAY.h" 1
  34  0005  0001        	clr wdt
  35  0006              #line 35 "C:\Users\hamed\OneDrive\Documents\HTK_Project\touch-rf-car\touch-RF-car\DELAY.h"
  35  0006              ;# 35 "C:\Users\hamed\OneDrive\Documents\HTK_Project\touch-rf-car\touch-RF-car\DELAY.h" 1
  35  0006  0000        	nop
  32  0007              #line 32 "C:\Users\hamed\OneDrive\Documents\HTK_Project\touch-rf-car\touch-RF-car\DELAY.h"
  32  0007  0F01        	mov a,1
  32  0008  0380     E  	addm a,rd
  32  0009  0F00        	mov a,0
  32  000A  1380     E  	adcm a,re
  32  000B  1380     E  	adcm a,rf
  32  000C  1380     E  	adcm a,rg
  32  000D              _L6:
  32  000D  0700     E  	mov a,rd
  32  000E  0400     R  	xor a,_delay_us_2[0]
  32  000F  0700     E  	mov a,re
  32  0010  3D0A        	sz z
  32  0011  0400     R  	xor a,_delay_us_2[1]
  32  0012  0700     E  	mov a,rf
  32  0013  3D0A        	sz z
  32  0014  0400     R  	xor a,_delay_us_2[2]
  32  0015  0700     E  	mov a,rg
  32  0016  3D0A        	sz z
  32  0017  0400     R  	xor a,_delay_us_2[3]
  32  0018  390A        	snz z
  32  0019  2800     R  	jmp _L7
  32  001A  0003        	ret
  32  001B              _delay_us endp
  32  001B              #line 32 "C:\Users\hamed\OneDrive\Documents\HTK_Project\touch-rf-car\touch-RF-car\DELAY.h"
  32  001B              #pragma debug scope 1 1
  32  001B              public _delay_ms
  32  001B              #pragma debug scope 4 1
  42  001B              #line 42 "C:\Users\hamed\OneDrive\Documents\HTK_Project\touch-rf-car\touch-RF-car\DELAY.h"
  42  0000              _delay_ms .section 'code'
  42  0000              _delay_ms proc
  42  0000              public _delay_ms_2
  42  0000  0008[           local _delay_ms_2 db 8 dup(?)	; 4,4
            00
            ]
  42  0008              #pragma debug variable 14 4 _delay_ms_2+0 "count_m"
  44  0008              #line 44 "C:\Users\hamed\OneDrive\Documents\HTK_Project\touch-rf-car\touch-RF-car\DELAY.h"
  44  0000  0700     R  	mov a,_delay_ms_2[0]
  44  0001  0080     E  	mov _builtin_holtek_mulsi3_2[0],a
  44  0002  0700     R  	mov a,_delay_ms_2[1]
  44  0003  0080     E  	mov _builtin_holtek_mulsi3_2[1],a
"File: DELAY.h       Assembler  Version HGASM0202      Page 4

  44  0004  0700     R  	mov a,_delay_ms_2[2]
  44  0005  0080     E  	mov _builtin_holtek_mulsi3_2[2],a
  44  0006  0700     R  	mov a,_delay_ms_2[3]
  44  0007  0080     E  	mov _builtin_holtek_mulsi3_2[3],a
  44  0008  0F64        	mov a,100
  44  0009  0080     E  	mov _builtin_holtek_mulsi3_2[4],a
  44  000A  0F00        	mov a,0
  44  000B  0080     E  	mov _builtin_holtek_mulsi3_2[5],a
  44  000C  0F00        	mov a,0
  44  000D  0080     E  	mov _builtin_holtek_mulsi3_2[6],a
  44  000E  0F00        	mov a,0
  44  000F  0080     E  	mov _builtin_holtek_mulsi3_2[7],a
  44  0010  2000     E  	call _builtin_holtek_mulsi3
  44  0011  0700     E  	mov a,_builtin_holtek_mulsi3_2[8]
  44  0012  0080     R  	mov _delay_ms_2[4],a
  44  0013  0700     E  	mov a,_builtin_holtek_mulsi3_2[9]
  44  0014  0080     R  	mov _delay_ms_2[5],a
  44  0015  0700     E  	mov a,_builtin_holtek_mulsi3_2[10]
  44  0016  0080     R  	mov _delay_ms_2[6],a
  44  0017  0700     E  	mov a,_builtin_holtek_mulsi3_2[11]
  44  0018  0080     R  	mov _delay_ms_2[7],a
  45  0019              #line 45 "C:\Users\hamed\OneDrive\Documents\HTK_Project\touch-rf-car\touch-RF-car\DELAY.h"
  45  0019  1F00     E  	clr rd
  45  001A  1F00     E  	clr re
  45  001B  1F00     E  	clr rf
  45  001C  1F00     E  	clr rg
  45  001D  2800     R  	jmp _L9
  45  001E              _L10:
  47  001E              #line 47 "C:\Users\hamed\OneDrive\Documents\HTK_Project\touch-rf-car\touch-RF-car\DELAY.h"
  47  001E              ;# 47 "C:\Users\hamed\OneDrive\Documents\HTK_Project\touch-rf-car\touch-RF-car\DELAY.h" 1
  47  001E  0001        	clr wdt
  48  001F              #line 48 "C:\Users\hamed\OneDrive\Documents\HTK_Project\touch-rf-car\touch-RF-car\DELAY.h"
  48  001F              ;# 48 "C:\Users\hamed\OneDrive\Documents\HTK_Project\touch-rf-car\touch-RF-car\DELAY.h" 1
  48  001F  0000        	nop
  49  0020              #line 49 "C:\Users\hamed\OneDrive\Documents\HTK_Project\touch-rf-car\touch-RF-car\DELAY.h"
  49  0020              ;# 49 "C:\Users\hamed\OneDrive\Documents\HTK_Project\touch-rf-car\touch-RF-car\DELAY.h" 1
  49  0020  0000        	nop
  50  0021              #line 50 "C:\Users\hamed\OneDrive\Documents\HTK_Project\touch-rf-car\touch-RF-car\DELAY.h"
  50  0021              ;# 50 "C:\Users\hamed\OneDrive\Documents\HTK_Project\touch-rf-car\touch-RF-car\DELAY.h" 1
  50  0021  0000        	nop
  51  0022              #line 51 "C:\Users\hamed\OneDrive\Documents\HTK_Project\touch-rf-car\touch-RF-car\DELAY.h"
  51  0022              ;# 51 "C:\Users\hamed\OneDrive\Documents\HTK_Project\touch-rf-car\touch-RF-car\DELAY.h" 1
  51  0022  0000        	nop
  45  0023              #line 45 "C:\Users\hamed\OneDrive\Documents\HTK_Project\touch-rf-car\touch-RF-car\DELAY.h"
  45  0023  0F01        	mov a,1
  45  0024  0380     E  	addm a,rd
  45  0025  0F00        	mov a,0
  45  0026  1380     E  	adcm a,re
  45  0027  1380     E  	adcm a,rf
  45  0028  1380     E  	adcm a,rg
  45  0029              _L9:
  45  0029  0700     E  	mov a,rd
  45  002A  0400     R  	xor a,_delay_ms_2[4]
  45  002B  0700     E  	mov a,re
  45  002C  3D0A        	sz z
  45  002D  0400     R  	xor a,_delay_ms_2[5]
  45  002E  0700     E  	mov a,rf
  45  002F  3D0A        	sz z
  45  0030  0400     R  	xor a,_delay_ms_2[6]
  45  0031  0700     E  	mov a,rg
"File: DELAY.h       Assembler  Version HGASM0202      Page 5

  45  0032  3D0A        	sz z
  45  0033  0400     R  	xor a,_delay_ms_2[7]
  45  0034  390A        	snz z
  45  0035  2800     R  	jmp _L10
  45  0036  0003        	ret
  45  0037              _delay_ms endp
  45  0037              #line 45 "C:\Users\hamed\OneDrive\Documents\HTK_Project\touch-rf-car\touch-RF-car\DELAY.h"
  45  0037              #pragma debug scope 1 1
  45  0037              ___intc0 equ [14]
  45  0037              ___tktmr equ [67]
  45  0037              ___tkc0 equ [68]
  45  0037              ___tkc1 equ [71]
  45  0037              ___tkm0c1 equ [77]
  45  0037              ___tkm0rol equ [74]
  45  0037              ___tkm0roh equ [75]
  45  0037              ___tkm0c0 equ [76]
  45  0037              public _TuochKeyInit
  45  0037              #pragma debug scope 5 1

  99  0037              #line 99 "C:\Users\hamed\OneDrive\Documents\HTK_Project\touch-rf-car\touch-RF-car\TOUCH.h"
  99  0000              _TuochKeyInit .section 'code'
  99  0000              _TuochKeyInit proc
 101  0000              #line 101 "C:\Users\hamed\OneDrive\Documents\HTK_Project\touch-rf-car\touch-RF-car\TOUCH.h"
 101  0000  350E        	clr [14].2
 102  0001              #line 102 "C:\Users\hamed\OneDrive\Documents\HTK_Project\touch-rf-car\touch-RF-car\TOUCH.h"
 102  0001  368E        	clr [14].5
 103  0002              #line 103 "C:\Users\hamed\OneDrive\Documents\HTK_Project\touch-rf-car\touch-RF-car\TOUCH.h"
 103  0002  1F43        	clr [67]
 104  0003              #line 104 "C:\Users\hamed\OneDrive\Documents\HTK_Project\touch-rf-car\touch-RF-car\TOUCH.h"
 104  0003  34C4        	clr [68].1
 104  0004  3444        	clr [68].0
 105  0005              #line 105 "C:\Users\hamed\OneDrive\Documents\HTK_Project\touch-rf-car\touch-RF-car\TOUCH.h"
 105  0005  30C7        	set [71].1
 105  0006  3047        	set [71].0
 108  0007              #line 108 "C:\Users\hamed\OneDrive\Documents\HTK_Project\touch-rf-car\touch-RF-car\TOUCH.h"
 108  0007  31CD        	set [77].3
 108  0008  314D        	set [77].2
 108  0009  30CD        	set [77].1
 108  000A  304D        	set [77].0
 109  000B              #line 109 "C:\Users\hamed\OneDrive\Documents\HTK_Project\touch-rf-car\touch-RF-car\TOUCH.h"
 109  000B  0FC8        	mov a,200
 109  000C  00CA        	mov [74],a
 109  000D  1F4B        	clr [75]
 110  000E              #line 110 "C:\Users\hamed\OneDrive\Documents\HTK_Project\touch-rf-car\touch-RF-car\TOUCH.h"
 110  000E  32CC        	set [76].5
 111  000F              #line 111 "C:\Users\hamed\OneDrive\Documents\HTK_Project\touch-rf-car\touch-RF-car\TOUCH.h"
 111  000F  324C        	set [76].4
 112  0010              #line 112 "C:\Users\hamed\OneDrive\Documents\HTK_Project\touch-rf-car\touch-RF-car\TOUCH.h"
 112  0010  35CC        	clr [76].3
 113  0011              #line 113 "C:\Users\hamed\OneDrive\Documents\HTK_Project\touch-rf-car\touch-RF-car\TOUCH.h"
 113  0011  314C        	set [76].2
 113  0012  30CC        	set [76].1
 113  0013  304C        	set [76].0
 114  0014              #line 114 "C:\Users\hamed\OneDrive\Documents\HTK_Project\touch-rf-car\touch-RF-car\TOUCH.h"
 114  0014  37CD        	clr [77].7
 115  0015              #line 115 "C:\Users\hamed\OneDrive\Documents\HTK_Project\touch-rf-car\touch-RF-car\TOUCH.h"
 115  0015  32CD        	set [77].5
 116  0016              #line 116 "C:\Users\hamed\OneDrive\Documents\HTK_Project\touch-rf-car\touch-RF-car\TOUCH.h"
 116  0016  324D        	set [77].4
 116  0017  0003        	ret
"File: TOUCH.h       Assembler  Version HGASM0202      Page 6

 116  0018              _TuochKeyInit endp
 116  0018              #line 116 "C:\Users\hamed\OneDrive\Documents\HTK_Project\touch-rf-car\touch-RF-car\TOUCH.h"
 116  0018              #pragma debug scope 1 1
 116  0018              ___pa equ [20]
 116  0018              public _Key_Touch
 116  0018              #pragma debug scope 6 1
 120  0018              #line 120 "C:\Users\hamed\OneDrive\Documents\HTK_Project\touch-rf-car\touch-RF-car\TOUCH.h"
 120  0000              _Key_Touch .section 'code'
 120  0000              _Key_Touch proc
 123  0000              #line 123 "C:\Users\hamed\OneDrive\Documents\HTK_Project\touch-rf-car\touch-RF-car\TOUCH.h"
 123  0000  0FDD        	mov a,221
 123  0001  0300     R  	add a,_Count_C1[0]
 123  0002  0080     E  	mov rd,a
 123  0003  0FFF        	mov a,255
 123  0004  1300     R  	adc a,_Count_C1[1]
 123  0005  0080     E  	mov re,a
 123  0006  0FFF        	mov a,255
 123  0007  1300     R  	adc a,_Count_C1[2]
 123  0008  0080     E  	mov rf,a
 123  0009  0FFF        	mov a,255
 123  000A  1300     R  	adc a,_Count_C1[3]
 123  000B  0080     E  	mov rg,a
 123  000C  0700     R  	mov a,_Count_S1[0]
 123  000D  0200     E  	sub a,rd
 123  000E  0700     R  	mov a,_Count_S1[1]
 123  000F  1200     E  	sbc a,re
 123  0010  1F05        	clr acc
 123  0011  1200     E  	sbc a,rf
 123  0012  1F05        	clr acc
 123  0013  1200     E  	sbc a,rg
 123  0014  3C0A        	sz c
 123  0015  2800     R  	jmp _L13
 125  0016              #line 125 "C:\Users\hamed\OneDrive\Documents\HTK_Project\touch-rf-car\touch-RF-car\TOUCH.h"
 125  0016  1480     R  	inc _Count_T1[0]
 125  0017  3D0A        	sz z
 125  0018  1480     R  	inc _Count_T1[1]
 125  0019  0F88        	mov a,136
 125  001A  0200     R  	sub a,_Count_T1[0]
 125  001B  0F13        	mov a,19
 125  001C  1200     R  	sbc a,_Count_T1[1]
 125  001D  3C0A        	sz c
 125  001E  2800     R  	jmp _L15
 125  001F  0F88        	mov a,-120
 125  0020  0080     R  	mov _Count_T1[0],a
 125  0021  0F13        	mov a,19
 125  0022  0080     R  	mov _Count_T1[1],a
 125  0023  2800     R  	jmp _L15
 125  0024              _L13:
 127  0024              #line 127 "C:\Users\hamed\OneDrive\Documents\HTK_Project\touch-rf-car\touch-RF-car\TOUCH.h"
 127  0024  0FF6        	mov a,246
 127  0025  0300     R  	add a,_Count_C1[0]
 127  0026  0080     E  	mov rd,a
 127  0027  0FFF        	mov a,255
 127  0028  1300     R  	adc a,_Count_C1[1]
 127  0029  0080     E  	mov re,a
 127  002A  0FFF        	mov a,255
 127  002B  1300     R  	adc a,_Count_C1[2]
 127  002C  0080     E  	mov rf,a
 127  002D  0FFF        	mov a,255
 127  002E  1300     R  	adc a,_Count_C1[3]
"File: TOUCH.h       Assembler  Version HGASM0202      Page 7

 127  002F  0080     E  	mov rg,a
 127  0030  1080     E  	sz rg
 127  0031  2800     R  	jmp _L15
 127  0032  1080     E  	sz rf
 127  0033  2800     R  	jmp _L15
 127  0034  0700     E  	mov a,rd
 127  0035  0200     R  	sub a,_Count_S1[0]
 127  0036  0700     E  	mov a,re
 127  0037  1200     R  	sbc a,_Count_S1[1]
 127  0038  3C0A        	sz c
 127  0039  2800     R  	jmp _L15
 129  003A              #line 129 "C:\Users\hamed\OneDrive\Documents\HTK_Project\touch-rf-car\touch-RF-car\TOUCH.h"
 129  003A  1F00     R  	clr _Count_T1[0]
 129  003B  1F00     R  	clr _Count_T1[1]
 131  003C              #line 131 "C:\Users\hamed\OneDrive\Documents\HTK_Project\touch-rf-car\touch-RF-car\TOUCH.h"
 131  003C  3400     R  	clr _lock
 131  003D              _L15:
 134  003D              #line 134 "C:\Users\hamed\OneDrive\Documents\HTK_Project\touch-rf-car\touch-RF-car\TOUCH.h"
 134  003D  0700     R  	mov a,_Count_T1[0]
 134  003E  0C32        	xor a,50
 134  003F  0500     R  	or a,_Count_T1[1]
 134  0040  390A        	snz z
 134  0041  2800     R  	jmp _L17
 137  0042              #line 137 "C:\Users\hamed\OneDrive\Documents\HTK_Project\touch-rf-car\touch-RF-car\TOUCH.h"
 137  0042  3000     R  	set _lock
 139  0043              #line 139 "C:\Users\hamed\OneDrive\Documents\HTK_Project\touch-rf-car\touch-RF-car\TOUCH.h"
 139  0043  3514        	clr [20].2
 140  0044              #line 140 "C:\Users\hamed\OneDrive\Documents\HTK_Project\touch-rf-car\touch-RF-car\TOUCH.h"
 140  0044  3014        	set [20].0
 141  0045              #line 141 "C:\Users\hamed\OneDrive\Documents\HTK_Project\touch-rf-car\touch-RF-car\TOUCH.h"
 141  0045  0F64        	mov a,100
 141  0046  0080     R  	mov _delay_ms_2[0],a
 141  0047  1F00     R  	clr _delay_ms_2[1]
 141  0048  1F00     R  	clr _delay_ms_2[2]
 141  0049  1F00     R  	clr _delay_ms_2[3]
 141  004A  2000     R  	call _delay_ms
 142  004B              #line 142 "C:\Users\hamed\OneDrive\Documents\HTK_Project\touch-rf-car\touch-RF-car\TOUCH.h"
 142  004B  3414        	clr [20].0
 144  004C              #line 144 "C:\Users\hamed\OneDrive\Documents\HTK_Project\touch-rf-car\touch-RF-car\TOUCH.h"
 144  004C  3114        	set [20].2
 145  004D              #line 145 "C:\Users\hamed\OneDrive\Documents\HTK_Project\touch-rf-car\touch-RF-car\TOUCH.h"
 145  004D  0F32        	mov a,50
 145  004E  0080     R  	mov _delay_ms_2[0],a
 145  004F  1F00     R  	clr _delay_ms_2[1]
 145  0050  1F00     R  	clr _delay_ms_2[2]
 145  0051  1F00     R  	clr _delay_ms_2[3]
 145  0052  2000     R  	call _delay_ms
 147  0053              #line 147 "C:\Users\hamed\OneDrive\Documents\HTK_Project\touch-rf-car\touch-RF-car\TOUCH.h"
 147  0053  3514        	clr [20].2
 148  0054              #line 148 "C:\Users\hamed\OneDrive\Documents\HTK_Project\touch-rf-car\touch-RF-car\TOUCH.h"
 148  0054  0F32        	mov a,50
 148  0055  0080     R  	mov _delay_ms_2[0],a
 148  0056  1F00     R  	clr _delay_ms_2[1]
 148  0057  1F00     R  	clr _delay_ms_2[2]
 148  0058  1F00     R  	clr _delay_ms_2[3]
 148  0059  2000     R  	call _delay_ms
 149  005A              #line 149 "C:\Users\hamed\OneDrive\Documents\HTK_Project\touch-rf-car\touch-RF-car\TOUCH.h"
 149  005A  3114        	set [20].2
 151  005B              #line 151 "C:\Users\hamed\OneDrive\Documents\HTK_Project\touch-rf-car\touch-RF-car\TOUCH.h"
 151  005B  0FC8        	mov a,-56
"File: TOUCH.h       Assembler  Version HGASM0202      Page 8

 151  005C  0080     R  	mov _delay_ms_2[0],a
 151  005D  1F00     R  	clr _delay_ms_2[1]
 151  005E  1F00     R  	clr _delay_ms_2[2]
 151  005F  1F00     R  	clr _delay_ms_2[3]
 151  0060  2000     R  	call _delay_ms
 153  0061              #line 153 "C:\Users\hamed\OneDrive\Documents\HTK_Project\touch-rf-car\touch-RF-car\TOUCH.h"
 153  0061  1480     R  	inc _Count_T1[0]
 153  0062  3D0A        	sz z
 153  0063  1480     R  	inc _Count_T1[1]
 155  0064              #line 155 "C:\Users\hamed\OneDrive\Documents\HTK_Project\touch-rf-car\touch-RF-car\TOUCH.h"
 155  0064  1F00     R  	clr _CalibrCount1[0]
 156  0065              #line 156 "C:\Users\hamed\OneDrive\Documents\HTK_Project\touch-rf-car\touch-RF-car\TOUCH.h"
 156  0065  1F00     R  	clr _CalibrSample1[0]
 157  0066              #line 157 "C:\Users\hamed\OneDrive\Documents\HTK_Project\touch-rf-car\touch-RF-car\TOUCH.h"
 157  0066  1F00     R  	clr _Count_C1_Backup[0]
 157  0067  1F00     R  	clr _Count_C1_Backup[1]
 157  0068  1F00     R  	clr _Count_C1_Backup[2]
 157  0069  1F00     R  	clr _Count_C1_Backup[3]
 157  006A              _L17:
 160  006A              #line 160 "C:\Users\hamed\OneDrive\Documents\HTK_Project\touch-rf-car\touch-RF-car\TOUCH.h"
 160  006A  0700     R  	mov a,_Count_T1[0]
 160  006B  0C20        	xor a,32
 160  006C  0700     R  	mov a,_Count_T1[1]
 160  006D  3D0A        	sz z
 160  006E  0C03        	xor a,3
 160  006F  390A        	snz z
 160  0070  2800     R  	jmp _L18
 162  0071              #line 162 "C:\Users\hamed\OneDrive\Documents\HTK_Project\touch-rf-car\touch-RF-car\TOUCH.h"
 162  0071  3514        	clr [20].2
 163  0072              #line 163 "C:\Users\hamed\OneDrive\Documents\HTK_Project\touch-rf-car\touch-RF-car\TOUCH.h"
 163  0072  3014        	set [20].0
 164  0073              #line 164 "C:\Users\hamed\OneDrive\Documents\HTK_Project\touch-rf-car\touch-RF-car\TOUCH.h"
 164  0073  0FF4        	mov a,-12
 164  0074  0080     R  	mov _delay_ms_2[0],a
 164  0075  0F01        	mov a,1
 164  0076  0080     R  	mov _delay_ms_2[1],a
 164  0077  1F00     R  	clr _delay_ms_2[2]
 164  0078  1F00     R  	clr _delay_ms_2[3]
 164  0079  2000     R  	call _delay_ms
 165  007A              #line 165 "C:\Users\hamed\OneDrive\Documents\HTK_Project\touch-rf-car\touch-RF-car\TOUCH.h"
 165  007A  3414        	clr [20].0
 167  007B              #line 167 "C:\Users\hamed\OneDrive\Documents\HTK_Project\touch-rf-car\touch-RF-car\TOUCH.h"
 167  007B  3114        	set [20].2
 168  007C              #line 168 "C:\Users\hamed\OneDrive\Documents\HTK_Project\touch-rf-car\touch-RF-car\TOUCH.h"
 168  007C  0F32        	mov a,50
 168  007D  0080     R  	mov _delay_ms_2[0],a
 168  007E  1F00     R  	clr _delay_ms_2[1]
 168  007F  1F00     R  	clr _delay_ms_2[2]
 168  0080  1F00     R  	clr _delay_ms_2[3]
 168  0081  2000     R  	call _delay_ms
 169  0082              #line 169 "C:\Users\hamed\OneDrive\Documents\HTK_Project\touch-rf-car\touch-RF-car\TOUCH.h"
 169  0082  3014        	set [20].0
 172  0083              #line 172 "C:\Users\hamed\OneDrive\Documents\HTK_Project\touch-rf-car\touch-RF-car\TOUCH.h"
 172  0083  3514        	clr [20].2
 173  0084              #line 173 "C:\Users\hamed\OneDrive\Documents\HTK_Project\touch-rf-car\touch-RF-car\TOUCH.h"
 173  0084  0F32        	mov a,50
 173  0085  0080     R  	mov _delay_ms_2[0],a
 173  0086  1F00     R  	clr _delay_ms_2[1]
 173  0087  1F00     R  	clr _delay_ms_2[2]
 173  0088  1F00     R  	clr _delay_ms_2[3]
"File: TOUCH.h       Assembler  Version HGASM0202      Page 9

 173  0089  2000     R  	call _delay_ms
 176  008A              #line 176 "C:\Users\hamed\OneDrive\Documents\HTK_Project\touch-rf-car\touch-RF-car\TOUCH.h"
 176  008A  3414        	clr [20].0
 177  008B              #line 177 "C:\Users\hamed\OneDrive\Documents\HTK_Project\touch-rf-car\touch-RF-car\TOUCH.h"
 177  008B  0F32        	mov a,50
 177  008C  0080     R  	mov _delay_ms_2[0],a
 177  008D  1F00     R  	clr _delay_ms_2[1]
 177  008E  1F00     R  	clr _delay_ms_2[2]
 177  008F  1F00     R  	clr _delay_ms_2[3]
 177  0090  2000     R  	call _delay_ms
 178  0091              #line 178 "C:\Users\hamed\OneDrive\Documents\HTK_Project\touch-rf-car\touch-RF-car\TOUCH.h"
 178  0091  3014        	set [20].0
 182  0092              #line 182 "C:\Users\hamed\OneDrive\Documents\HTK_Project\touch-rf-car\touch-RF-car\TOUCH.h"
 182  0092  0F32        	mov a,50
 182  0093  0080     R  	mov _delay_ms_2[0],a
 182  0094  1F00     R  	clr _delay_ms_2[1]
 182  0095  1F00     R  	clr _delay_ms_2[2]
 182  0096  1F00     R  	clr _delay_ms_2[3]
 182  0097  2000     R  	call _delay_ms
 183  0098              #line 183 "C:\Users\hamed\OneDrive\Documents\HTK_Project\touch-rf-car\touch-RF-car\TOUCH.h"
 183  0098  3114        	set [20].2
 184  0099              #line 184 "C:\Users\hamed\OneDrive\Documents\HTK_Project\touch-rf-car\touch-RF-car\TOUCH.h"
 184  0099  3414        	clr [20].0
 186  009A              #line 186 "C:\Users\hamed\OneDrive\Documents\HTK_Project\touch-rf-car\touch-RF-car\TOUCH.h"
 186  009A  0FC8        	mov a,-56
 186  009B  0080     R  	mov _delay_ms_2[0],a
 186  009C  1F00     R  	clr _delay_ms_2[1]
 186  009D  1F00     R  	clr _delay_ms_2[2]
 186  009E  1F00     R  	clr _delay_ms_2[3]
 186  009F  2000     R  	call _delay_ms
 188  00A0              #line 188 "C:\Users\hamed\OneDrive\Documents\HTK_Project\touch-rf-car\touch-RF-car\TOUCH.h"
 188  00A0  3400     R  	clr _lock
 190  00A1              #line 190 "C:\Users\hamed\OneDrive\Documents\HTK_Project\touch-rf-car\touch-RF-car\TOUCH.h"
 190  00A1  1480     R  	inc _Count_T1[0]
 190  00A2  3D0A        	sz z
 190  00A3  1480     R  	inc _Count_T1[1]
 192  00A4              #line 192 "C:\Users\hamed\OneDrive\Documents\HTK_Project\touch-rf-car\touch-RF-car\TOUCH.h"
 192  00A4  1F00     R  	clr _CalibrCount1[0]
 193  00A5              #line 193 "C:\Users\hamed\OneDrive\Documents\HTK_Project\touch-rf-car\touch-RF-car\TOUCH.h"
 193  00A5  1F00     R  	clr _CalibrSample1[0]
 194  00A6              #line 194 "C:\Users\hamed\OneDrive\Documents\HTK_Project\touch-rf-car\touch-RF-car\TOUCH.h"
 194  00A6  1F00     R  	clr _Count_C1_Backup[0]
 194  00A7  1F00     R  	clr _Count_C1_Backup[1]
 194  00A8  1F00     R  	clr _Count_C1_Backup[2]
 194  00A9  1F00     R  	clr _Count_C1_Backup[3]
 194  00AA              _L18:
 198  00AA              #line 198 "C:\Users\hamed\OneDrive\Documents\HTK_Project\touch-rf-car\touch-RF-car\TOUCH.h"
 198  00AA  0FDD        	mov a,221
 198  00AB  0300     R  	add a,_Count_C2[0]
 198  00AC  0080     E  	mov rd,a
 198  00AD  0FFF        	mov a,255
 198  00AE  1300     R  	adc a,_Count_C2[1]
 198  00AF  0080     E  	mov re,a
 198  00B0  0FFF        	mov a,255
 198  00B1  1300     R  	adc a,_Count_C2[2]
 198  00B2  0080     E  	mov rf,a
 198  00B3  0FFF        	mov a,255
 198  00B4  1300     R  	adc a,_Count_C2[3]
 198  00B5  0080     E  	mov rg,a
 198  00B6  0700     R  	mov a,_Count_S2[0]
"File: TOUCH.h       Assembler  Version HGASM0202      Page 10

 198  00B7  0200     E  	sub a,rd
 198  00B8  0700     R  	mov a,_Count_S2[1]
 198  00B9  1200     E  	sbc a,re
 198  00BA  1F05        	clr acc
 198  00BB  1200     E  	sbc a,rf
 198  00BC  1F05        	clr acc
 198  00BD  1200     E  	sbc a,rg
 198  00BE  3C0A        	sz c
 198  00BF  2800     R  	jmp _L19
 200  00C0              #line 200 "C:\Users\hamed\OneDrive\Documents\HTK_Project\touch-rf-car\touch-RF-car\TOUCH.h"
 200  00C0  1480     R  	inc _Count_T2[0]
 200  00C1  3D0A        	sz z
 200  00C2  1480     R  	inc _Count_T2[1]
 200  00C3  0F88        	mov a,136
 200  00C4  0200     R  	sub a,_Count_T2[0]
 200  00C5  0F13        	mov a,19
 200  00C6  1200     R  	sbc a,_Count_T2[1]
 200  00C7  3C0A        	sz c
 200  00C8  2800     R  	jmp _L21
 200  00C9  0F88        	mov a,-120
 200  00CA  0080     R  	mov _Count_T2[0],a
 200  00CB  0F13        	mov a,19
 200  00CC  0080     R  	mov _Count_T2[1],a
 200  00CD  2800     R  	jmp _L21
 200  00CE              _L19:
 202  00CE              #line 202 "C:\Users\hamed\OneDrive\Documents\HTK_Project\touch-rf-car\touch-RF-car\TOUCH.h"
 202  00CE  0FF6        	mov a,246
 202  00CF  0300     R  	add a,_Count_C2[0]
 202  00D0  0080     E  	mov rd,a
 202  00D1  0FFF        	mov a,255
 202  00D2  1300     R  	adc a,_Count_C2[1]
 202  00D3  0080     E  	mov re,a
 202  00D4  0FFF        	mov a,255
 202  00D5  1300     R  	adc a,_Count_C2[2]
 202  00D6  0080     E  	mov rf,a
 202  00D7  0FFF        	mov a,255
 202  00D8  1300     R  	adc a,_Count_C2[3]
 202  00D9  0080     E  	mov rg,a
 202  00DA  1080     E  	sz rg
 202  00DB  2800     R  	jmp _L21
 202  00DC  1080     E  	sz rf
 202  00DD  2800     R  	jmp _L21
 202  00DE  0700     E  	mov a,rd
 202  00DF  0200     R  	sub a,_Count_S2[0]
 202  00E0  0700     E  	mov a,re
 202  00E1  1200     R  	sbc a,_Count_S2[1]
 202  00E2  3C0A        	sz c
 202  00E3  2800     R  	jmp _L21
 204  00E4              #line 204 "C:\Users\hamed\OneDrive\Documents\HTK_Project\touch-rf-car\touch-RF-car\TOUCH.h"
 204  00E4  1F00     R  	clr _Count_T2[0]
 204  00E5  1F00     R  	clr _Count_T2[1]
 205  00E6              #line 205 "C:\Users\hamed\OneDrive\Documents\HTK_Project\touch-rf-car\touch-RF-car\TOUCH.h"
 205  00E6  3400     R  	clr _lock
 205  00E7              _L21:
 208  00E7              #line 208 "C:\Users\hamed\OneDrive\Documents\HTK_Project\touch-rf-car\touch-RF-car\TOUCH.h"
 208  00E7  0700     R  	mov a,_Count_T2[0]
 208  00E8  0C32        	xor a,50
 208  00E9  0500     R  	or a,_Count_T2[1]
 208  00EA  390A        	snz z
 208  00EB  2800     R  	jmp _L23
"File: TOUCH.h       Assembler  Version HGASM0202      Page 11

 211  00EC              #line 211 "C:\Users\hamed\OneDrive\Documents\HTK_Project\touch-rf-car\touch-RF-car\TOUCH.h"
 211  00EC  3000     R  	set _lock
 213  00ED              #line 213 "C:\Users\hamed\OneDrive\Documents\HTK_Project\touch-rf-car\touch-RF-car\TOUCH.h"
 213  00ED  3514        	clr [20].2
 214  00EE              #line 214 "C:\Users\hamed\OneDrive\Documents\HTK_Project\touch-rf-car\touch-RF-car\TOUCH.h"
 214  00EE  3014        	set [20].0
 215  00EF              #line 215 "C:\Users\hamed\OneDrive\Documents\HTK_Project\touch-rf-car\touch-RF-car\TOUCH.h"
 215  00EF  0F64        	mov a,100
 215  00F0  0080     R  	mov _delay_ms_2[0],a
 215  00F1  1F00     R  	clr _delay_ms_2[1]
 215  00F2  1F00     R  	clr _delay_ms_2[2]
 215  00F3  1F00     R  	clr _delay_ms_2[3]
 215  00F4  2000     R  	call _delay_ms
 216  00F5              #line 216 "C:\Users\hamed\OneDrive\Documents\HTK_Project\touch-rf-car\touch-RF-car\TOUCH.h"
 216  00F5  3414        	clr [20].0
 218  00F6              #line 218 "C:\Users\hamed\OneDrive\Documents\HTK_Project\touch-rf-car\touch-RF-car\TOUCH.h"
 218  00F6  3114        	set [20].2
 219  00F7              #line 219 "C:\Users\hamed\OneDrive\Documents\HTK_Project\touch-rf-car\touch-RF-car\TOUCH.h"
 219  00F7  0F32        	mov a,50
 219  00F8  0080     R  	mov _delay_ms_2[0],a
 219  00F9  1F00     R  	clr _delay_ms_2[1]
 219  00FA  1F00     R  	clr _delay_ms_2[2]
 219  00FB  1F00     R  	clr _delay_ms_2[3]
 219  00FC  2000     R  	call _delay_ms
 221  00FD              #line 221 "C:\Users\hamed\OneDrive\Documents\HTK_Project\touch-rf-car\touch-RF-car\TOUCH.h"
 221  00FD  3514        	clr [20].2
 222  00FE              #line 222 "C:\Users\hamed\OneDrive\Documents\HTK_Project\touch-rf-car\touch-RF-car\TOUCH.h"
 222  00FE  0F64        	mov a,100
 222  00FF  0080     R  	mov _delay_ms_2[0],a
 222  0100  1F00     R  	clr _delay_ms_2[1]
 222  0101  1F00     R  	clr _delay_ms_2[2]
 222  0102  1F00     R  	clr _delay_ms_2[3]
 222  0103  2000     R  	call _delay_ms
 223  0104              #line 223 "C:\Users\hamed\OneDrive\Documents\HTK_Project\touch-rf-car\touch-RF-car\TOUCH.h"
 223  0104  3114        	set [20].2
 225  0105              #line 225 "C:\Users\hamed\OneDrive\Documents\HTK_Project\touch-rf-car\touch-RF-car\TOUCH.h"
 225  0105  0FC8        	mov a,-56
 225  0106  0080     R  	mov _delay_ms_2[0],a
 225  0107  1F00     R  	clr _delay_ms_2[1]
 225  0108  1F00     R  	clr _delay_ms_2[2]
 225  0109  1F00     R  	clr _delay_ms_2[3]
 225  010A  2000     R  	call _delay_ms
 227  010B              #line 227 "C:\Users\hamed\OneDrive\Documents\HTK_Project\touch-rf-car\touch-RF-car\TOUCH.h"
 227  010B  1480     R  	inc _Count_T2[0]
 227  010C  3D0A        	sz z
 227  010D  1480     R  	inc _Count_T2[1]
 229  010E              #line 229 "C:\Users\hamed\OneDrive\Documents\HTK_Project\touch-rf-car\touch-RF-car\TOUCH.h"
 229  010E  1F00     R  	clr _CalibrCount2[0]
 230  010F              #line 230 "C:\Users\hamed\OneDrive\Documents\HTK_Project\touch-rf-car\touch-RF-car\TOUCH.h"
 230  010F  1F00     R  	clr _CalibrSample2[0]
 231  0110              #line 231 "C:\Users\hamed\OneDrive\Documents\HTK_Project\touch-rf-car\touch-RF-car\TOUCH.h"
 231  0110  1F00     R  	clr _Count_C2_Backup[0]
 231  0111  1F00     R  	clr _Count_C2_Backup[1]
 231  0112  1F00     R  	clr _Count_C2_Backup[2]
 231  0113  1F00     R  	clr _Count_C2_Backup[3]
 231  0114              _L23:
 233  0114              #line 233 "C:\Users\hamed\OneDrive\Documents\HTK_Project\touch-rf-car\touch-RF-car\TOUCH.h"
 233  0114  0700     R  	mov a,_Count_T2[0]
 233  0115  0C20        	xor a,32
 233  0116  0700     R  	mov a,_Count_T2[1]
"File: TOUCH.h       Assembler  Version HGASM0202      Page 12

 233  0117  3D0A        	sz z
 233  0118  0C03        	xor a,3
 233  0119  390A        	snz z
 233  011A  2800     R  	jmp _L24
 236  011B              #line 236 "C:\Users\hamed\OneDrive\Documents\HTK_Project\touch-rf-car\touch-RF-car\TOUCH.h"
 236  011B  3514        	clr [20].2
 237  011C              #line 237 "C:\Users\hamed\OneDrive\Documents\HTK_Project\touch-rf-car\touch-RF-car\TOUCH.h"
 237  011C  3014        	set [20].0
 238  011D              #line 238 "C:\Users\hamed\OneDrive\Documents\HTK_Project\touch-rf-car\touch-RF-car\TOUCH.h"
 238  011D  0FF4        	mov a,-12
 238  011E  0080     R  	mov _delay_ms_2[0],a
 238  011F  0F01        	mov a,1
 238  0120  0080     R  	mov _delay_ms_2[1],a
 238  0121  1F00     R  	clr _delay_ms_2[2]
 238  0122  1F00     R  	clr _delay_ms_2[3]
 238  0123  2000     R  	call _delay_ms
 239  0124              #line 239 "C:\Users\hamed\OneDrive\Documents\HTK_Project\touch-rf-car\touch-RF-car\TOUCH.h"
 239  0124  3414        	clr [20].0
 241  0125              #line 241 "C:\Users\hamed\OneDrive\Documents\HTK_Project\touch-rf-car\touch-RF-car\TOUCH.h"
 241  0125  3114        	set [20].2
 242  0126              #line 242 "C:\Users\hamed\OneDrive\Documents\HTK_Project\touch-rf-car\touch-RF-car\TOUCH.h"
 242  0126  0F32        	mov a,50
 242  0127  0080     R  	mov _delay_ms_2[0],a
 242  0128  1F00     R  	clr _delay_ms_2[1]
 242  0129  1F00     R  	clr _delay_ms_2[2]
 242  012A  1F00     R  	clr _delay_ms_2[3]
 242  012B  2000     R  	call _delay_ms
 243  012C              #line 243 "C:\Users\hamed\OneDrive\Documents\HTK_Project\touch-rf-car\touch-RF-car\TOUCH.h"
 243  012C  3014        	set [20].0
 246  012D              #line 246 "C:\Users\hamed\OneDrive\Documents\HTK_Project\touch-rf-car\touch-RF-car\TOUCH.h"
 246  012D  3514        	clr [20].2
 247  012E              #line 247 "C:\Users\hamed\OneDrive\Documents\HTK_Project\touch-rf-car\touch-RF-car\TOUCH.h"
 247  012E  0F32        	mov a,50
 247  012F  0080     R  	mov _delay_ms_2[0],a
 247  0130  1F00     R  	clr _delay_ms_2[1]
 247  0131  1F00     R  	clr _delay_ms_2[2]
 247  0132  1F00     R  	clr _delay_ms_2[3]
 247  0133  2000     R  	call _delay_ms
 250  0134              #line 250 "C:\Users\hamed\OneDrive\Documents\HTK_Project\touch-rf-car\touch-RF-car\TOUCH.h"
 250  0134  3414        	clr [20].0
 251  0135              #line 251 "C:\Users\hamed\OneDrive\Documents\HTK_Project\touch-rf-car\touch-RF-car\TOUCH.h"
 251  0135  0F32        	mov a,50
 251  0136  0080     R  	mov _delay_ms_2[0],a
 251  0137  1F00     R  	clr _delay_ms_2[1]
 251  0138  1F00     R  	clr _delay_ms_2[2]
 251  0139  1F00     R  	clr _delay_ms_2[3]
 251  013A  2000     R  	call _delay_ms
 252  013B              #line 252 "C:\Users\hamed\OneDrive\Documents\HTK_Project\touch-rf-car\touch-RF-car\TOUCH.h"
 252  013B  3014        	set [20].0
 256  013C              #line 256 "C:\Users\hamed\OneDrive\Documents\HTK_Project\touch-rf-car\touch-RF-car\TOUCH.h"
 256  013C  0F64        	mov a,100
 256  013D  0080     R  	mov _delay_ms_2[0],a
 256  013E  1F00     R  	clr _delay_ms_2[1]
 256  013F  1F00     R  	clr _delay_ms_2[2]
 256  0140  1F00     R  	clr _delay_ms_2[3]
 256  0141  2000     R  	call _delay_ms
 257  0142              #line 257 "C:\Users\hamed\OneDrive\Documents\HTK_Project\touch-rf-car\touch-RF-car\TOUCH.h"
 257  0142  3114        	set [20].2
 258  0143              #line 258 "C:\Users\hamed\OneDrive\Documents\HTK_Project\touch-rf-car\touch-RF-car\TOUCH.h"
 258  0143  3414        	clr [20].0
"File: TOUCH.h       Assembler  Version HGASM0202      Page 13

 260  0144              #line 260 "C:\Users\hamed\OneDrive\Documents\HTK_Project\touch-rf-car\touch-RF-car\TOUCH.h"
 260  0144  0FC8        	mov a,-56
 260  0145  0080     R  	mov _delay_ms_2[0],a
 260  0146  1F00     R  	clr _delay_ms_2[1]
 260  0147  1F00     R  	clr _delay_ms_2[2]
 260  0148  1F00     R  	clr _delay_ms_2[3]
 260  0149  2000     R  	call _delay_ms
 262  014A              #line 262 "C:\Users\hamed\OneDrive\Documents\HTK_Project\touch-rf-car\touch-RF-car\TOUCH.h"
 262  014A  3400     R  	clr _lock
 264  014B              #line 264 "C:\Users\hamed\OneDrive\Documents\HTK_Project\touch-rf-car\touch-RF-car\TOUCH.h"
 264  014B  1480     R  	inc _Count_T2[0]
 264  014C  3D0A        	sz z
 264  014D  1480     R  	inc _Count_T2[1]
 266  014E              #line 266 "C:\Users\hamed\OneDrive\Documents\HTK_Project\touch-rf-car\touch-RF-car\TOUCH.h"
 266  014E  1F00     R  	clr _CalibrCount2[0]
 267  014F              #line 267 "C:\Users\hamed\OneDrive\Documents\HTK_Project\touch-rf-car\touch-RF-car\TOUCH.h"
 267  014F  1F00     R  	clr _CalibrSample2[0]
 268  0150              #line 268 "C:\Users\hamed\OneDrive\Documents\HTK_Project\touch-rf-car\touch-RF-car\TOUCH.h"
 268  0150  1F00     R  	clr _Count_C2_Backup[0]
 268  0151  1F00     R  	clr _Count_C2_Backup[1]
 268  0152  1F00     R  	clr _Count_C2_Backup[2]
 268  0153  1F00     R  	clr _Count_C2_Backup[3]
 268  0154              _L24:
 273  0154              #line 273 "C:\Users\hamed\OneDrive\Documents\HTK_Project\touch-rf-car\touch-RF-car\TOUCH.h"
 273  0154  0FD8        	mov a,216
 273  0155  0300     R  	add a,_Count_C3[0]
 273  0156  0080     E  	mov rd,a
 273  0157  0FFF        	mov a,255
 273  0158  1300     R  	adc a,_Count_C3[1]
 273  0159  0080     E  	mov re,a
 273  015A  0FFF        	mov a,255
 273  015B  1300     R  	adc a,_Count_C3[2]
 273  015C  0080     E  	mov rf,a
 273  015D  0FFF        	mov a,255
 273  015E  1300     R  	adc a,_Count_C3[3]
 273  015F  0080     E  	mov rg,a
 273  0160  0700     R  	mov a,_Count_S3[0]
 273  0161  0200     E  	sub a,rd
 273  0162  0700     R  	mov a,_Count_S3[1]
 273  0163  1200     E  	sbc a,re
 273  0164  1F05        	clr acc
 273  0165  1200     E  	sbc a,rf
 273  0166  1F05        	clr acc
 273  0167  1200     E  	sbc a,rg
 273  0168  3C0A        	sz c
 273  0169  2800     R  	jmp _L25
 275  016A              #line 275 "C:\Users\hamed\OneDrive\Documents\HTK_Project\touch-rf-car\touch-RF-car\TOUCH.h"
 275  016A  1480     R  	inc _Count_T3[0]
 275  016B  3D0A        	sz z
 275  016C  1480     R  	inc _Count_T3[1]
 275  016D  0F88        	mov a,136
 275  016E  0200     R  	sub a,_Count_T3[0]
 275  016F  0F13        	mov a,19
 275  0170  1200     R  	sbc a,_Count_T3[1]
 275  0171  3C0A        	sz c
 275  0172  2800     R  	jmp _L27
 275  0173  0F88        	mov a,-120
 275  0174  0080     R  	mov _Count_T3[0],a
 275  0175  0F13        	mov a,19
 275  0176  0080     R  	mov _Count_T3[1],a
"File: TOUCH.h       Assembler  Version HGASM0202      Page 14

 275  0177  2800     R  	jmp _L27
 275  0178              _L25:
 277  0178              #line 277 "C:\Users\hamed\OneDrive\Documents\HTK_Project\touch-rf-car\touch-RF-car\TOUCH.h"
 277  0178  0FF6        	mov a,246
 277  0179  0300     R  	add a,_Count_C3[0]
 277  017A  0080     E  	mov rd,a
 277  017B  0FFF        	mov a,255
 277  017C  1300     R  	adc a,_Count_C3[1]
 277  017D  0080     E  	mov re,a
 277  017E  0FFF        	mov a,255
 277  017F  1300     R  	adc a,_Count_C3[2]
 277  0180  0080     E  	mov rf,a
 277  0181  0FFF        	mov a,255
 277  0182  1300     R  	adc a,_Count_C3[3]
 277  0183  0080     E  	mov rg,a
 277  0184  1080     E  	sz rg
 277  0185  2800     R  	jmp _L27
 277  0186  1080     E  	sz rf
 277  0187  2800     R  	jmp _L27
 277  0188  0700     E  	mov a,rd
 277  0189  0200     R  	sub a,_Count_S3[0]
 277  018A  0700     E  	mov a,re
 277  018B  1200     R  	sbc a,_Count_S3[1]
 277  018C  3C0A        	sz c
 277  018D  2800     R  	jmp _L27
 279  018E              #line 279 "C:\Users\hamed\OneDrive\Documents\HTK_Project\touch-rf-car\touch-RF-car\TOUCH.h"
 279  018E  1F00     R  	clr _Count_T3[0]
 279  018F  1F00     R  	clr _Count_T3[1]
 280  0190              #line 280 "C:\Users\hamed\OneDrive\Documents\HTK_Project\touch-rf-car\touch-RF-car\TOUCH.h"
 280  0190  3400     R  	clr _lock
 280  0191              _L27:
 282  0191              #line 282 "C:\Users\hamed\OneDrive\Documents\HTK_Project\touch-rf-car\touch-RF-car\TOUCH.h"
 282  0191  0700     R  	mov a,_Count_T3[0]
 282  0192  0C32        	xor a,50
 282  0193  0500     R  	or a,_Count_T3[1]
 282  0194  390A        	snz z
 282  0195  2800     R  	jmp _L29
 284  0196              #line 284 "C:\Users\hamed\OneDrive\Documents\HTK_Project\touch-rf-car\touch-RF-car\TOUCH.h"
 284  0196  3000     R  	set _lock
 286  0197              #line 286 "C:\Users\hamed\OneDrive\Documents\HTK_Project\touch-rf-car\touch-RF-car\TOUCH.h"
 286  0197  3514        	clr [20].2
 287  0198              #line 287 "C:\Users\hamed\OneDrive\Documents\HTK_Project\touch-rf-car\touch-RF-car\TOUCH.h"
 287  0198  3014        	set [20].0
 288  0199              #line 288 "C:\Users\hamed\OneDrive\Documents\HTK_Project\touch-rf-car\touch-RF-car\TOUCH.h"
 288  0199  0F64        	mov a,100
 288  019A  0080     R  	mov _delay_ms_2[0],a
 288  019B  1F00     R  	clr _delay_ms_2[1]
 288  019C  1F00     R  	clr _delay_ms_2[2]
 288  019D  1F00     R  	clr _delay_ms_2[3]
 288  019E  2000     R  	call _delay_ms
 289  019F              #line 289 "C:\Users\hamed\OneDrive\Documents\HTK_Project\touch-rf-car\touch-RF-car\TOUCH.h"
 289  019F  3414        	clr [20].0
 291  01A0              #line 291 "C:\Users\hamed\OneDrive\Documents\HTK_Project\touch-rf-car\touch-RF-car\TOUCH.h"
 291  01A0  3114        	set [20].2
 292  01A1              #line 292 "C:\Users\hamed\OneDrive\Documents\HTK_Project\touch-rf-car\touch-RF-car\TOUCH.h"
 292  01A1  0F32        	mov a,50
 292  01A2  0080     R  	mov _delay_ms_2[0],a
 292  01A3  1F00     R  	clr _delay_ms_2[1]
 292  01A4  1F00     R  	clr _delay_ms_2[2]
 292  01A5  1F00     R  	clr _delay_ms_2[3]
"File: TOUCH.h       Assembler  Version HGASM0202      Page 15

 292  01A6  2000     R  	call _delay_ms
 294  01A7              #line 294 "C:\Users\hamed\OneDrive\Documents\HTK_Project\touch-rf-car\touch-RF-car\TOUCH.h"
 294  01A7  3514        	clr [20].2
 295  01A8              #line 295 "C:\Users\hamed\OneDrive\Documents\HTK_Project\touch-rf-car\touch-RF-car\TOUCH.h"
 295  01A8  0F96        	mov a,-106
 295  01A9  0080     R  	mov _delay_ms_2[0],a
 295  01AA  1F00     R  	clr _delay_ms_2[1]
 295  01AB  1F00     R  	clr _delay_ms_2[2]
 295  01AC  1F00     R  	clr _delay_ms_2[3]
 295  01AD  2000     R  	call _delay_ms
 296  01AE              #line 296 "C:\Users\hamed\OneDrive\Documents\HTK_Project\touch-rf-car\touch-RF-car\TOUCH.h"
 296  01AE  3114        	set [20].2
 298  01AF              #line 298 "C:\Users\hamed\OneDrive\Documents\HTK_Project\touch-rf-car\touch-RF-car\TOUCH.h"
 298  01AF  0FC8        	mov a,-56
 298  01B0  0080     R  	mov _delay_ms_2[0],a
 298  01B1  1F00     R  	clr _delay_ms_2[1]
 298  01B2  1F00     R  	clr _delay_ms_2[2]
 298  01B3  1F00     R  	clr _delay_ms_2[3]
 298  01B4  2000     R  	call _delay_ms
 300  01B5              #line 300 "C:\Users\hamed\OneDrive\Documents\HTK_Project\touch-rf-car\touch-RF-car\TOUCH.h"
 300  01B5  1480     R  	inc _Count_T3[0]
 300  01B6  3D0A        	sz z
 300  01B7  1480     R  	inc _Count_T3[1]
 302  01B8              #line 302 "C:\Users\hamed\OneDrive\Documents\HTK_Project\touch-rf-car\touch-RF-car\TOUCH.h"
 302  01B8  1F00     R  	clr _CalibrCount3[0]
 303  01B9              #line 303 "C:\Users\hamed\OneDrive\Documents\HTK_Project\touch-rf-car\touch-RF-car\TOUCH.h"
 303  01B9  1F00     R  	clr _CalibrSample3[0]
 304  01BA              #line 304 "C:\Users\hamed\OneDrive\Documents\HTK_Project\touch-rf-car\touch-RF-car\TOUCH.h"
 304  01BA  1F00     R  	clr _Count_C3_Backup[0]
 304  01BB  1F00     R  	clr _Count_C3_Backup[1]
 304  01BC  1F00     R  	clr _Count_C3_Backup[2]
 304  01BD  1F00     R  	clr _Count_C3_Backup[3]
 304  01BE              _L29:
 344  01BE              #line 344 "C:\Users\hamed\OneDrive\Documents\HTK_Project\touch-rf-car\touch-RF-car\TOUCH.h"
 344  01BE  0FD8        	mov a,216
 344  01BF  0300     R  	add a,_Count_C4[0]
 344  01C0  0080     E  	mov rd,a
 344  01C1  0FFF        	mov a,255
 344  01C2  1300     R  	adc a,_Count_C4[1]
 344  01C3  0080     E  	mov re,a
 344  01C4  0FFF        	mov a,255
 344  01C5  1300     R  	adc a,_Count_C4[2]
 344  01C6  0080     E  	mov rf,a
 344  01C7  0FFF        	mov a,255
 344  01C8  1300     R  	adc a,_Count_C4[3]
 344  01C9  0080     E  	mov rg,a
 344  01CA  0700     R  	mov a,_Count_S4[0]
 344  01CB  0200     E  	sub a,rd
 344  01CC  0700     R  	mov a,_Count_S4[1]
 344  01CD  1200     E  	sbc a,re
 344  01CE  1F05        	clr acc
 344  01CF  1200     E  	sbc a,rf
 344  01D0  1F05        	clr acc
 344  01D1  1200     E  	sbc a,rg
 344  01D2  3C0A        	sz c
 344  01D3  2800     R  	jmp _L30
 346  01D4              #line 346 "C:\Users\hamed\OneDrive\Documents\HTK_Project\touch-rf-car\touch-RF-car\TOUCH.h"
 346  01D4  1480     R  	inc _Count_T4[0]
 346  01D5  3D0A        	sz z
 346  01D6  1480     R  	inc _Count_T4[1]
"File: TOUCH.h       Assembler  Version HGASM0202      Page 16

 346  01D7  0F88        	mov a,136
 346  01D8  0200     R  	sub a,_Count_T4[0]
 346  01D9  0F13        	mov a,19
 346  01DA  1200     R  	sbc a,_Count_T4[1]
 346  01DB  3C0A        	sz c
 346  01DC  2800     R  	jmp _L32
 346  01DD  0F88        	mov a,-120
 346  01DE  0080     R  	mov _Count_T4[0],a
 346  01DF  0F13        	mov a,19
 346  01E0  0080     R  	mov _Count_T4[1],a
 346  01E1  2800     R  	jmp _L32
 346  01E2              _L30:
 348  01E2              #line 348 "C:\Users\hamed\OneDrive\Documents\HTK_Project\touch-rf-car\touch-RF-car\TOUCH.h"
 348  01E2  0FF6        	mov a,246
 348  01E3  0300     R  	add a,_Count_C4[0]
 348  01E4  0080     E  	mov rd,a
 348  01E5  0FFF        	mov a,255
 348  01E6  1300     R  	adc a,_Count_C4[1]
 348  01E7  0080     E  	mov re,a
 348  01E8  0FFF        	mov a,255
 348  01E9  1300     R  	adc a,_Count_C4[2]
 348  01EA  0080     E  	mov rf,a
 348  01EB  0FFF        	mov a,255
 348  01EC  1300     R  	adc a,_Count_C4[3]
 348  01ED  0080     E  	mov rg,a
 348  01EE  1080     E  	sz rg
 348  01EF  2800     R  	jmp _L32
 348  01F0  1080     E  	sz rf
 348  01F1  2800     R  	jmp _L32
 348  01F2  0700     E  	mov a,rd
 348  01F3  0200     R  	sub a,_Count_S4[0]
 348  01F4  0700     E  	mov a,re
 348  01F5  1200     R  	sbc a,_Count_S4[1]
 348  01F6  3C0A        	sz c
 348  01F7  2800     R  	jmp _L32
 350  01F8              #line 350 "C:\Users\hamed\OneDrive\Documents\HTK_Project\touch-rf-car\touch-RF-car\TOUCH.h"
 350  01F8  1F00     R  	clr _Count_T4[0]
 350  01F9  1F00     R  	clr _Count_T4[1]
 351  01FA              #line 351 "C:\Users\hamed\OneDrive\Documents\HTK_Project\touch-rf-car\touch-RF-car\TOUCH.h"
 351  01FA  3400     R  	clr _lock
 351  01FB              _L32:
 353  01FB              #line 353 "C:\Users\hamed\OneDrive\Documents\HTK_Project\touch-rf-car\touch-RF-car\TOUCH.h"
 353  01FB  0700     R  	mov a,_Count_T4[0]
 353  01FC  0C32        	xor a,50
 353  01FD  0500     R  	or a,_Count_T4[1]
 353  01FE  390A        	snz z
 353  01FF  2800     R  	jmp _L12
 355  0200              #line 355 "C:\Users\hamed\OneDrive\Documents\HTK_Project\touch-rf-car\touch-RF-car\TOUCH.h"
 355  0200  3000     R  	set _lock
 357  0201              #line 357 "C:\Users\hamed\OneDrive\Documents\HTK_Project\touch-rf-car\touch-RF-car\TOUCH.h"
 357  0201  3514        	clr [20].2
 358  0202              #line 358 "C:\Users\hamed\OneDrive\Documents\HTK_Project\touch-rf-car\touch-RF-car\TOUCH.h"
 358  0202  3014        	set [20].0
 359  0203              #line 359 "C:\Users\hamed\OneDrive\Documents\HTK_Project\touch-rf-car\touch-RF-car\TOUCH.h"
 359  0203  0F64        	mov a,100
 359  0204  0080     R  	mov _delay_ms_2[0],a
 359  0205  1F00     R  	clr _delay_ms_2[1]
 359  0206  1F00     R  	clr _delay_ms_2[2]
 359  0207  1F00     R  	clr _delay_ms_2[3]
 359  0208  2000     R  	call _delay_ms
"File: TOUCH.h       Assembler  Version HGASM0202      Page 17

 360  0209              #line 360 "C:\Users\hamed\OneDrive\Documents\HTK_Project\touch-rf-car\touch-RF-car\TOUCH.h"
 360  0209  3414        	clr [20].0
 362  020A              #line 362 "C:\Users\hamed\OneDrive\Documents\HTK_Project\touch-rf-car\touch-RF-car\TOUCH.h"
 362  020A  3114        	set [20].2
 363  020B              #line 363 "C:\Users\hamed\OneDrive\Documents\HTK_Project\touch-rf-car\touch-RF-car\TOUCH.h"
 363  020B  0F32        	mov a,50
 363  020C  0080     R  	mov _delay_ms_2[0],a
 363  020D  1F00     R  	clr _delay_ms_2[1]
 363  020E  1F00     R  	clr _delay_ms_2[2]
 363  020F  1F00     R  	clr _delay_ms_2[3]
 363  0210  2000     R  	call _delay_ms
 365  0211              #line 365 "C:\Users\hamed\OneDrive\Documents\HTK_Project\touch-rf-car\touch-RF-car\TOUCH.h"
 365  0211  3514        	clr [20].2
 366  0212              #line 366 "C:\Users\hamed\OneDrive\Documents\HTK_Project\touch-rf-car\touch-RF-car\TOUCH.h"
 366  0212  0FC8        	mov a,-56
 366  0213  0080     R  	mov _delay_ms_2[0],a
 366  0214  1F00     R  	clr _delay_ms_2[1]
 366  0215  1F00     R  	clr _delay_ms_2[2]
 366  0216  1F00     R  	clr _delay_ms_2[3]
 366  0217  2000     R  	call _delay_ms
 367  0218              #line 367 "C:\Users\hamed\OneDrive\Documents\HTK_Project\touch-rf-car\touch-RF-car\TOUCH.h"
 367  0218  3114        	set [20].2
 369  0219              #line 369 "C:\Users\hamed\OneDrive\Documents\HTK_Project\touch-rf-car\touch-RF-car\TOUCH.h"
 369  0219  0FC8        	mov a,-56
 369  021A  0080     R  	mov _delay_ms_2[0],a
 369  021B  1F00     R  	clr _delay_ms_2[1]
 369  021C  1F00     R  	clr _delay_ms_2[2]
 369  021D  1F00     R  	clr _delay_ms_2[3]
 369  021E  2000     R  	call _delay_ms
 371  021F              #line 371 "C:\Users\hamed\OneDrive\Documents\HTK_Project\touch-rf-car\touch-RF-car\TOUCH.h"
 371  021F  1480     R  	inc _Count_T4[0]
 371  0220  3D0A        	sz z
 371  0221  1480     R  	inc _Count_T4[1]
 373  0222              #line 373 "C:\Users\hamed\OneDrive\Documents\HTK_Project\touch-rf-car\touch-RF-car\TOUCH.h"
 373  0222  1F00     R  	clr _CalibrCount4[0]
 374  0223              #line 374 "C:\Users\hamed\OneDrive\Documents\HTK_Project\touch-rf-car\touch-RF-car\TOUCH.h"
 374  0223  1F00     R  	clr _CalibrSample4[0]
 375  0224              #line 375 "C:\Users\hamed\OneDrive\Documents\HTK_Project\touch-rf-car\touch-RF-car\TOUCH.h"
 375  0224  1F00     R  	clr _Count_C4_Backup[0]
 375  0225  1F00     R  	clr _Count_C4_Backup[1]
 375  0226  1F00     R  	clr _Count_C4_Backup[2]
 375  0227  1F00     R  	clr _Count_C4_Backup[3]
 375  0228              _L12:
 375  0228  0003        	ret
 375  0229              _Key_Touch endp
 375  0229              #line 375 "C:\Users\hamed\OneDrive\Documents\HTK_Project\touch-rf-car\touch-RF-car\TOUCH.h"
 375  0229              #pragma debug scope 1 1
 375  0229              ___tkm016dh equ [73]
 375  0229              ___tkm016dl equ [72]
 375  0229              public _CalibrTuoch
 375  0229              #pragma debug scope 7 1
 416  0229              #line 416 "C:\Users\hamed\OneDrive\Documents\HTK_Project\touch-rf-car\touch-RF-car\TOUCH.h"
 416  0000              _CalibrTuoch .section 'code'
 416  0000              _CalibrTuoch proc
 416  0000  0008[           local _CalibrTuoch_2 db 8 dup(?)	; 0,8
            00
            ]
 418  0008              #line 418 "C:\Users\hamed\OneDrive\Documents\HTK_Project\touch-rf-car\touch-RF-car\TOUCH.h"
 418  0000  36C4        	clr [68].5
 419  0001              #line 419 "C:\Users\hamed\OneDrive\Documents\HTK_Project\touch-rf-car\touch-RF-car\TOUCH.h"
"File: TOUCH.h       Assembler  Version HGASM0202      Page 18

 419  0001  37CC        	clr [76].7
 419  0002  374C        	clr [76].6
 419  0003  0FF4        	mov a,-12
 419  0004  0080     R  	mov _delay_10us_2[0],a
 419  0005  0F01        	mov a,1
 419  0006  0080     R  	mov _delay_10us_2[1],a
 419  0007  1F00     R  	clr _delay_10us_2[2]
 419  0008  1F00     R  	clr _delay_10us_2[3]
 419  0009  2000     R  	call _delay_10us
 420  000A              #line 420 "C:\Users\hamed\OneDrive\Documents\HTK_Project\touch-rf-car\touch-RF-car\TOUCH.h"
 420  000A              ;# 420 "C:\Users\hamed\OneDrive\Documents\HTK_Project\touch-rf-car\touch-RF-car\TOUCH.h" 1
 420  000A  0001        	clr wdt
 421  000B              #line 421 "C:\Users\hamed\OneDrive\Documents\HTK_Project\touch-rf-car\touch-RF-car\TOUCH.h"
 421  000B  1F00     R  	clr _i[0]
 421  000C              _L36:
 421  000C              #line 421 "C:\Users\hamed\OneDrive\Documents\HTK_Project\touch-rf-car\touch-RF-car\TOUCH.h"
 421  000C  0F13        	mov a,19
 421  000D  0200     R  	sub a,_i[0]
 421  000E  380A        	snz c
 421  000F  2800     R  	jmp _L52
 423  0010              #line 423 "C:\Users\hamed\OneDrive\Documents\HTK_Project\touch-rf-car\touch-RF-car\TOUCH.h"
 423  0010  32CD        	set [77].5
 424  0011              #line 424 "C:\Users\hamed\OneDrive\Documents\HTK_Project\touch-rf-car\touch-RF-car\TOUCH.h"
 424  0011  324D        	set [77].4
 425  0012              #line 425 "C:\Users\hamed\OneDrive\Documents\HTK_Project\touch-rf-car\touch-RF-car\TOUCH.h"
 425  0012  32C4        	set [68].5
 427  0013              #line 427 "C:\Users\hamed\OneDrive\Documents\HTK_Project\touch-rf-car\touch-RF-car\TOUCH.h"
 427  0013              ;# 427 "C:\Users\hamed\OneDrive\Documents\HTK_Project\touch-rf-car\touch-RF-car\TOUCH.h" 1
 427  0013  0001        	clr wdt
 427  0014              _L38:
 428  0014              #line 428 "C:\Users\hamed\OneDrive\Documents\HTK_Project\touch-rf-car\touch-RF-car\TOUCH.h"
 428  0014  3B44        	snz [68].6
 428  0015  2800     R  	jmp _L38
 429  0016              #line 429 "C:\Users\hamed\OneDrive\Documents\HTK_Project\touch-rf-car\touch-RF-car\TOUCH.h"
 429  0016  0749        	mov a,[73]
 429  0017  0080     R  	mov _CalibrTuoch_2[1],a
 429  0018  1F00     R  	clr _CalibrTuoch_2[0]
 429  0019  0700     R  	mov a,_CalibrTuoch_2[1]
 429  001A  0080     R  	mov _Count_S1[1],a
 429  001B  0748        	mov a,[72]
 429  001C  0500     R  	or a,_CalibrTuoch_2[0]
 429  001D  0080     R  	mov _Count_S1[0],a
 430  001E              #line 430 "C:\Users\hamed\OneDrive\Documents\HTK_Project\touch-rf-car\touch-RF-car\TOUCH.h"
 430  001E  0700     R  	mov a,_Count_S1[0]
 430  001F  0380     R  	addm a,_Count_C1[0]
 430  0020  0700     R  	mov a,_Count_S1[1]
 430  0021  1380     R  	adcm a,_Count_C1[1]
 430  0022  1F05        	clr acc
 430  0023  1380     R  	adcm a,_Count_C1[2]
 430  0024  1380     R  	adcm a,_Count_C1[3]
 431  0025              #line 431 "C:\Users\hamed\OneDrive\Documents\HTK_Project\touch-rf-car\touch-RF-car\TOUCH.h"
 431  0025  3744        	clr [68].6
 432  0026              #line 432 "C:\Users\hamed\OneDrive\Documents\HTK_Project\touch-rf-car\touch-RF-car\TOUCH.h"
 432  0026  36C4        	clr [68].5
 433  0027              #line 433 "C:\Users\hamed\OneDrive\Documents\HTK_Project\touch-rf-car\touch-RF-car\TOUCH.h"
 433  0027              ;# 433 "C:\Users\hamed\OneDrive\Documents\HTK_Project\touch-rf-car\touch-RF-car\TOUCH.h" 1
 433  0027  0001        	clr wdt
 434  0028              #line 434 "C:\Users\hamed\OneDrive\Documents\HTK_Project\touch-rf-car\touch-RF-car\TOUCH.h"
 434  0028  0F05        	mov a,5
 434  0029  0080     R  	mov _delay_ms_2[0],a
"File: TOUCH.h       Assembler  Version HGASM0202      Page 19

 434  002A  1F00     R  	clr _delay_ms_2[1]
 434  002B  1F00     R  	clr _delay_ms_2[2]
 434  002C  1F00     R  	clr _delay_ms_2[3]
 434  002D  2000     R  	call _delay_ms
 421  002E              #line 421 "C:\Users\hamed\OneDrive\Documents\HTK_Project\touch-rf-car\touch-RF-car\TOUCH.h"
 421  002E  1480     R  	inc _i[0]
 421  002F  2800     R  	jmp _L36
 421  0030              _L52:
 436  0030              #line 436 "C:\Users\hamed\OneDrive\Documents\HTK_Project\touch-rf-car\touch-RF-car\TOUCH.h"
 436  0030  1F00     E  	clr _builtin_holtek_udivmodsi4_2[12]
 436  0031  0700     R  	mov a,_Count_C1[0]  
 436  0032  0080     E  	mov _builtin_holtek_udivmodsi4_2[0],a  
 436  0033  0700     R  	mov a,_Count_C1[1]  
 436  0034  0080     E  	mov _builtin_holtek_udivmodsi4_2[1],a
 436  0035  0700     R  	mov a,_Count_C1[2]  
 436  0036  0080     E  	mov _builtin_holtek_udivmodsi4_2[2],a  
 436  0037  0700     R  	mov a,_Count_C1[3]  
 436  0038  0080     E  	mov _builtin_holtek_udivmodsi4_2[3],a
 436  0039  0F14        	mov a,20  
 436  003A  0080     E  	mov _builtin_holtek_udivmodsi4_2[4],a  
 436  003B  0F00        	mov a,0  
 436  003C  0080     E  	mov _builtin_holtek_udivmodsi4_2[5],a
 436  003D  1F00     E  	clr _builtin_holtek_udivmodsi4_2[6]
 436  003E  1F00     E  	clr _builtin_holtek_udivmodsi4_2[7]
 436  003F  2000     E  	call _builtin_holtek_udivmodsi4
 436  0040  0700     E  	mov a,_builtin_holtek_udivmodsi4_2[0]  
 436  0041  0080     R  	mov _Count_C1[0],a  
 436  0042  0700     E  	mov a,_builtin_holtek_udivmodsi4_2[1]  
 436  0043  0080     R  	mov _Count_C1[1],a
 436  0044  0700     E  	mov a,_builtin_holtek_udivmodsi4_2[2]  
 436  0045  0080     R  	mov _Count_C1[2],a  
 436  0046  0700     E  	mov a,_builtin_holtek_udivmodsi4_2[3]  
 436  0047  0080     R  	mov _Count_C1[3],a
 439  0048              #line 439 "C:\Users\hamed\OneDrive\Documents\HTK_Project\touch-rf-car\touch-RF-car\TOUCH.h"
 439  0048  36C4        	clr [68].5
 440  0049              #line 440 "C:\Users\hamed\OneDrive\Documents\HTK_Project\touch-rf-car\touch-RF-car\TOUCH.h"
 440  0049  37CC        	clr [76].7
 440  004A  334C        	set [76].6
 440  004B  0FF4        	mov a,-12
 440  004C  0080     R  	mov _delay_10us_2[0],a
 440  004D  0F01        	mov a,1
 440  004E  0080     R  	mov _delay_10us_2[1],a
 440  004F  1F00     R  	clr _delay_10us_2[2]
 440  0050  1F00     R  	clr _delay_10us_2[3]
 440  0051  2000     R  	call _delay_10us
 441  0052              #line 441 "C:\Users\hamed\OneDrive\Documents\HTK_Project\touch-rf-car\touch-RF-car\TOUCH.h"
 441  0052              ;# 441 "C:\Users\hamed\OneDrive\Documents\HTK_Project\touch-rf-car\touch-RF-car\TOUCH.h" 1
 441  0052  0001        	clr wdt
 442  0053              #line 442 "C:\Users\hamed\OneDrive\Documents\HTK_Project\touch-rf-car\touch-RF-car\TOUCH.h"
 442  0053  1F00     R  	clr _i[0]
 442  0054              _L40:
 442  0054  0F13        	mov a,19
 442  0055  0200     R  	sub a,_i[0]
 442  0056  380A        	snz c
 442  0057  2800     R  	jmp _L53
 444  0058              #line 444 "C:\Users\hamed\OneDrive\Documents\HTK_Project\touch-rf-car\touch-RF-car\TOUCH.h"
 444  0058  32CD        	set [77].5
 445  0059              #line 445 "C:\Users\hamed\OneDrive\Documents\HTK_Project\touch-rf-car\touch-RF-car\TOUCH.h"
 445  0059  324D        	set [77].4
 446  005A              #line 446 "C:\Users\hamed\OneDrive\Documents\HTK_Project\touch-rf-car\touch-RF-car\TOUCH.h"
"File: TOUCH.h       Assembler  Version HGASM0202      Page 20

 446  005A  32C4        	set [68].5
 448  005B              #line 448 "C:\Users\hamed\OneDrive\Documents\HTK_Project\touch-rf-car\touch-RF-car\TOUCH.h"
 448  005B              ;# 448 "C:\Users\hamed\OneDrive\Documents\HTK_Project\touch-rf-car\touch-RF-car\TOUCH.h" 1
 448  005B  0001        	clr wdt
 448  005C              _L42:
 449  005C              #line 449 "C:\Users\hamed\OneDrive\Documents\HTK_Project\touch-rf-car\touch-RF-car\TOUCH.h"
 449  005C  3B44        	snz [68].6
 449  005D  2800     R  	jmp _L42
 450  005E              #line 450 "C:\Users\hamed\OneDrive\Documents\HTK_Project\touch-rf-car\touch-RF-car\TOUCH.h"
 450  005E  0749        	mov a,[73]
 450  005F  0080     R  	mov _CalibrTuoch_2[3],a
 450  0060  1F00     R  	clr _CalibrTuoch_2[2]
 450  0061  0700     R  	mov a,_CalibrTuoch_2[3]
 450  0062  0080     R  	mov _Count_S2[1],a
 450  0063  0748        	mov a,[72]
 450  0064  0500     R  	or a,_CalibrTuoch_2[2]
 450  0065  0080     R  	mov _Count_S2[0],a
 451  0066              #line 451 "C:\Users\hamed\OneDrive\Documents\HTK_Project\touch-rf-car\touch-RF-car\TOUCH.h"
 451  0066  0700     R  	mov a,_Count_S2[0]
 451  0067  0380     R  	addm a,_Count_C2[0]
 451  0068  0700     R  	mov a,_Count_S2[1]
 451  0069  1380     R  	adcm a,_Count_C2[1]
 451  006A  1F05        	clr acc
 451  006B  1380     R  	adcm a,_Count_C2[2]
 451  006C  1380     R  	adcm a,_Count_C2[3]
 452  006D              #line 452 "C:\Users\hamed\OneDrive\Documents\HTK_Project\touch-rf-car\touch-RF-car\TOUCH.h"
 452  006D  3744        	clr [68].6
 453  006E              #line 453 "C:\Users\hamed\OneDrive\Documents\HTK_Project\touch-rf-car\touch-RF-car\TOUCH.h"
 453  006E  36C4        	clr [68].5
 454  006F              #line 454 "C:\Users\hamed\OneDrive\Documents\HTK_Project\touch-rf-car\touch-RF-car\TOUCH.h"
 454  006F              ;# 454 "C:\Users\hamed\OneDrive\Documents\HTK_Project\touch-rf-car\touch-RF-car\TOUCH.h" 1
 454  006F  0001        	clr wdt
 455  0070              #line 455 "C:\Users\hamed\OneDrive\Documents\HTK_Project\touch-rf-car\touch-RF-car\TOUCH.h"
 455  0070  0F05        	mov a,5
 455  0071  0080     R  	mov _delay_ms_2[0],a
 455  0072  1F00     R  	clr _delay_ms_2[1]
 455  0073  1F00     R  	clr _delay_ms_2[2]
 455  0074  1F00     R  	clr _delay_ms_2[3]
 455  0075  2000     R  	call _delay_ms
 442  0076              #line 442 "C:\Users\hamed\OneDrive\Documents\HTK_Project\touch-rf-car\touch-RF-car\TOUCH.h"
 442  0076  1480     R  	inc _i[0]
 442  0077  2800     R  	jmp _L40
 442  0078              _L53:
 457  0078              #line 457 "C:\Users\hamed\OneDrive\Documents\HTK_Project\touch-rf-car\touch-RF-car\TOUCH.h"
 457  0078  1F00     E  	clr _builtin_holtek_udivmodsi4_2[12]
 457  0079  0700     R  	mov a,_Count_C2[0]  
 457  007A  0080     E  	mov _builtin_holtek_udivmodsi4_2[0],a  
 457  007B  0700     R  	mov a,_Count_C2[1]  
 457  007C  0080     E  	mov _builtin_holtek_udivmodsi4_2[1],a
 457  007D  0700     R  	mov a,_Count_C2[2]  
 457  007E  0080     E  	mov _builtin_holtek_udivmodsi4_2[2],a  
 457  007F  0700     R  	mov a,_Count_C2[3]  
 457  0080  0080     E  	mov _builtin_holtek_udivmodsi4_2[3],a
 457  0081  0F14        	mov a,20  
 457  0082  0080     E  	mov _builtin_holtek_udivmodsi4_2[4],a  
 457  0083  0F00        	mov a,0  
 457  0084  0080     E  	mov _builtin_holtek_udivmodsi4_2[5],a
 457  0085  1F00     E  	clr _builtin_holtek_udivmodsi4_2[6]
 457  0086  1F00     E  	clr _builtin_holtek_udivmodsi4_2[7]
 457  0087  2000     E  	call _builtin_holtek_udivmodsi4
"File: TOUCH.h       Assembler  Version HGASM0202      Page 21

 457  0088  0700     E  	mov a,_builtin_holtek_udivmodsi4_2[0]  
 457  0089  0080     R  	mov _Count_C2[0],a  
 457  008A  0700     E  	mov a,_builtin_holtek_udivmodsi4_2[1]  
 457  008B  0080     R  	mov _Count_C2[1],a
 457  008C  0700     E  	mov a,_builtin_holtek_udivmodsi4_2[2]  
 457  008D  0080     R  	mov _Count_C2[2],a  
 457  008E  0700     E  	mov a,_builtin_holtek_udivmodsi4_2[3]  
 457  008F  0080     R  	mov _Count_C2[3],a
 460  0090              #line 460 "C:\Users\hamed\OneDrive\Documents\HTK_Project\touch-rf-car\touch-RF-car\TOUCH.h"
 460  0090  36C4        	clr [68].5
 461  0091              #line 461 "C:\Users\hamed\OneDrive\Documents\HTK_Project\touch-rf-car\touch-RF-car\TOUCH.h"
 461  0091  33CC        	set [76].7
 461  0092  374C        	clr [76].6
 461  0093  0FF4        	mov a,-12
 461  0094  0080     R  	mov _delay_10us_2[0],a
 461  0095  0F01        	mov a,1
 461  0096  0080     R  	mov _delay_10us_2[1],a
 461  0097  1F00     R  	clr _delay_10us_2[2]
 461  0098  1F00     R  	clr _delay_10us_2[3]
 461  0099  2000     R  	call _delay_10us
 462  009A              #line 462 "C:\Users\hamed\OneDrive\Documents\HTK_Project\touch-rf-car\touch-RF-car\TOUCH.h"
 462  009A              ;# 462 "C:\Users\hamed\OneDrive\Documents\HTK_Project\touch-rf-car\touch-RF-car\TOUCH.h" 1
 462  009A  0001        	clr wdt
 463  009B              #line 463 "C:\Users\hamed\OneDrive\Documents\HTK_Project\touch-rf-car\touch-RF-car\TOUCH.h"
 463  009B  1F00     R  	clr _i[0]
 463  009C              _L44:
 463  009C  0F13        	mov a,19
 463  009D  0200     R  	sub a,_i[0]
 463  009E  380A        	snz c
 463  009F  2800     R  	jmp _L54
 465  00A0              #line 465 "C:\Users\hamed\OneDrive\Documents\HTK_Project\touch-rf-car\touch-RF-car\TOUCH.h"
 465  00A0  32CD        	set [77].5
 466  00A1              #line 466 "C:\Users\hamed\OneDrive\Documents\HTK_Project\touch-rf-car\touch-RF-car\TOUCH.h"
 466  00A1  324D        	set [77].4
 467  00A2              #line 467 "C:\Users\hamed\OneDrive\Documents\HTK_Project\touch-rf-car\touch-RF-car\TOUCH.h"
 467  00A2  32C4        	set [68].5
 469  00A3              #line 469 "C:\Users\hamed\OneDrive\Documents\HTK_Project\touch-rf-car\touch-RF-car\TOUCH.h"
 469  00A3              ;# 469 "C:\Users\hamed\OneDrive\Documents\HTK_Project\touch-rf-car\touch-RF-car\TOUCH.h" 1
 469  00A3  0001        	clr wdt
 469  00A4              _L46:
 470  00A4              #line 470 "C:\Users\hamed\OneDrive\Documents\HTK_Project\touch-rf-car\touch-RF-car\TOUCH.h"
 470  00A4  3B44        	snz [68].6
 470  00A5  2800     R  	jmp _L46
 471  00A6              #line 471 "C:\Users\hamed\OneDrive\Documents\HTK_Project\touch-rf-car\touch-RF-car\TOUCH.h"
 471  00A6  0749        	mov a,[73]
 471  00A7  0080     R  	mov _CalibrTuoch_2[5],a
 471  00A8  1F00     R  	clr _CalibrTuoch_2[4]
 471  00A9  0700     R  	mov a,_CalibrTuoch_2[5]
 471  00AA  0080     R  	mov _Count_S3[1],a
 471  00AB  0748        	mov a,[72]
 471  00AC  0500     R  	or a,_CalibrTuoch_2[4]
 471  00AD  0080     R  	mov _Count_S3[0],a
 472  00AE              #line 472 "C:\Users\hamed\OneDrive\Documents\HTK_Project\touch-rf-car\touch-RF-car\TOUCH.h"
 472  00AE  0700     R  	mov a,_Count_S3[0]
 472  00AF  0380     R  	addm a,_Count_C3[0]
 472  00B0  0700     R  	mov a,_Count_S3[1]
 472  00B1  1380     R  	adcm a,_Count_C3[1]
 472  00B2  1F05        	clr acc
 472  00B3  1380     R  	adcm a,_Count_C3[2]
 472  00B4  1380     R  	adcm a,_Count_C3[3]
"File: TOUCH.h       Assembler  Version HGASM0202      Page 22

 473  00B5              #line 473 "C:\Users\hamed\OneDrive\Documents\HTK_Project\touch-rf-car\touch-RF-car\TOUCH.h"
 473  00B5  3744        	clr [68].6
 474  00B6              #line 474 "C:\Users\hamed\OneDrive\Documents\HTK_Project\touch-rf-car\touch-RF-car\TOUCH.h"
 474  00B6  36C4        	clr [68].5
 475  00B7              #line 475 "C:\Users\hamed\OneDrive\Documents\HTK_Project\touch-rf-car\touch-RF-car\TOUCH.h"
 475  00B7              ;# 475 "C:\Users\hamed\OneDrive\Documents\HTK_Project\touch-rf-car\touch-RF-car\TOUCH.h" 1
 475  00B7  0001        	clr wdt
 476  00B8              #line 476 "C:\Users\hamed\OneDrive\Documents\HTK_Project\touch-rf-car\touch-RF-car\TOUCH.h"
 476  00B8  0F05        	mov a,5
 476  00B9  0080     R  	mov _delay_ms_2[0],a
 476  00BA  1F00     R  	clr _delay_ms_2[1]
 476  00BB  1F00     R  	clr _delay_ms_2[2]
 476  00BC  1F00     R  	clr _delay_ms_2[3]
 476  00BD  2000     R  	call _delay_ms
 463  00BE              #line 463 "C:\Users\hamed\OneDrive\Documents\HTK_Project\touch-rf-car\touch-RF-car\TOUCH.h"
 463  00BE  1480     R  	inc _i[0]
 463  00BF  2800     R  	jmp _L44
 463  00C0              _L54:
 478  00C0              #line 478 "C:\Users\hamed\OneDrive\Documents\HTK_Project\touch-rf-car\touch-RF-car\TOUCH.h"
 478  00C0  1F00     E  	clr _builtin_holtek_udivmodsi4_2[12]
 478  00C1  0700     R  	mov a,_Count_C3[0]  
 478  00C2  0080     E  	mov _builtin_holtek_udivmodsi4_2[0],a  
 478  00C3  0700     R  	mov a,_Count_C3[1]  
 478  00C4  0080     E  	mov _builtin_holtek_udivmodsi4_2[1],a
 478  00C5  0700     R  	mov a,_Count_C3[2]  
 478  00C6  0080     E  	mov _builtin_holtek_udivmodsi4_2[2],a  
 478  00C7  0700     R  	mov a,_Count_C3[3]  
 478  00C8  0080     E  	mov _builtin_holtek_udivmodsi4_2[3],a
 478  00C9  0F14        	mov a,20  
 478  00CA  0080     E  	mov _builtin_holtek_udivmodsi4_2[4],a  
 478  00CB  0F00        	mov a,0  
 478  00CC  0080     E  	mov _builtin_holtek_udivmodsi4_2[5],a
 478  00CD  1F00     E  	clr _builtin_holtek_udivmodsi4_2[6]
 478  00CE  1F00     E  	clr _builtin_holtek_udivmodsi4_2[7]
 478  00CF  2000     E  	call _builtin_holtek_udivmodsi4
 478  00D0  0700     E  	mov a,_builtin_holtek_udivmodsi4_2[0]  
 478  00D1  0080     R  	mov _Count_C3[0],a  
 478  00D2  0700     E  	mov a,_builtin_holtek_udivmodsi4_2[1]  
 478  00D3  0080     R  	mov _Count_C3[1],a
 478  00D4  0700     E  	mov a,_builtin_holtek_udivmodsi4_2[2]  
 478  00D5  0080     R  	mov _Count_C3[2],a  
 478  00D6  0700     E  	mov a,_builtin_holtek_udivmodsi4_2[3]  
 478  00D7  0080     R  	mov _Count_C3[3],a
 481  00D8              #line 481 "C:\Users\hamed\OneDrive\Documents\HTK_Project\touch-rf-car\touch-RF-car\TOUCH.h"
 481  00D8  36C4        	clr [68].5
 482  00D9              #line 482 "C:\Users\hamed\OneDrive\Documents\HTK_Project\touch-rf-car\touch-RF-car\TOUCH.h"
 482  00D9  33CC        	set [76].7
 482  00DA  334C        	set [76].6
 482  00DB  0FF4        	mov a,-12
 482  00DC  0080     R  	mov _delay_10us_2[0],a
 482  00DD  0F01        	mov a,1
 482  00DE  0080     R  	mov _delay_10us_2[1],a
 482  00DF  1F00     R  	clr _delay_10us_2[2]
 482  00E0  1F00     R  	clr _delay_10us_2[3]
 482  00E1  2000     R  	call _delay_10us
 483  00E2              #line 483 "C:\Users\hamed\OneDrive\Documents\HTK_Project\touch-rf-car\touch-RF-car\TOUCH.h"
 483  00E2              ;# 483 "C:\Users\hamed\OneDrive\Documents\HTK_Project\touch-rf-car\touch-RF-car\TOUCH.h" 1
 483  00E2  0001        	clr wdt
 484  00E3              #line 484 "C:\Users\hamed\OneDrive\Documents\HTK_Project\touch-rf-car\touch-RF-car\TOUCH.h"
 484  00E3  1F00     R  	clr _i[0]
"File: TOUCH.h       Assembler  Version HGASM0202      Page 23

 484  00E4              _L48:
 484  00E4  0F13        	mov a,19
 484  00E5  0200     R  	sub a,_i[0]
 484  00E6  380A        	snz c
 484  00E7  2800     R  	jmp _L55
 486  00E8              #line 486 "C:\Users\hamed\OneDrive\Documents\HTK_Project\touch-rf-car\touch-RF-car\TOUCH.h"
 486  00E8  32CD        	set [77].5
 487  00E9              #line 487 "C:\Users\hamed\OneDrive\Documents\HTK_Project\touch-rf-car\touch-RF-car\TOUCH.h"
 487  00E9  324D        	set [77].4
 488  00EA              #line 488 "C:\Users\hamed\OneDrive\Documents\HTK_Project\touch-rf-car\touch-RF-car\TOUCH.h"
 488  00EA  32C4        	set [68].5
 490  00EB              #line 490 "C:\Users\hamed\OneDrive\Documents\HTK_Project\touch-rf-car\touch-RF-car\TOUCH.h"
 490  00EB              ;# 490 "C:\Users\hamed\OneDrive\Documents\HTK_Project\touch-rf-car\touch-RF-car\TOUCH.h" 1
 490  00EB  0001        	clr wdt
 490  00EC              _L50:
 491  00EC              #line 491 "C:\Users\hamed\OneDrive\Documents\HTK_Project\touch-rf-car\touch-RF-car\TOUCH.h"
 491  00EC  3B44        	snz [68].6
 491  00ED  2800     R  	jmp _L50
 492  00EE              #line 492 "C:\Users\hamed\OneDrive\Documents\HTK_Project\touch-rf-car\touch-RF-car\TOUCH.h"
 492  00EE  0749        	mov a,[73]
 492  00EF  0080     R  	mov _CalibrTuoch_2[7],a
 492  00F0  1F00     R  	clr _CalibrTuoch_2[6]
 492  00F1  0700     R  	mov a,_CalibrTuoch_2[7]
 492  00F2  0080     R  	mov _Count_S4[1],a
 492  00F3  0748        	mov a,[72]
 492  00F4  0500     R  	or a,_CalibrTuoch_2[6]
 492  00F5  0080     R  	mov _Count_S4[0],a
 493  00F6              #line 493 "C:\Users\hamed\OneDrive\Documents\HTK_Project\touch-rf-car\touch-RF-car\TOUCH.h"
 493  00F6  0700     R  	mov a,_Count_S4[0]
 493  00F7  0380     R  	addm a,_Count_C4[0]
 493  00F8  0700     R  	mov a,_Count_S4[1]
 493  00F9  1380     R  	adcm a,_Count_C4[1]
 493  00FA  1F05        	clr acc
 493  00FB  1380     R  	adcm a,_Count_C4[2]
 493  00FC  1380     R  	adcm a,_Count_C4[3]
 494  00FD              #line 494 "C:\Users\hamed\OneDrive\Documents\HTK_Project\touch-rf-car\touch-RF-car\TOUCH.h"
 494  00FD  3744        	clr [68].6
 495  00FE              #line 495 "C:\Users\hamed\OneDrive\Documents\HTK_Project\touch-rf-car\touch-RF-car\TOUCH.h"
 495  00FE  36C4        	clr [68].5
 496  00FF              #line 496 "C:\Users\hamed\OneDrive\Documents\HTK_Project\touch-rf-car\touch-RF-car\TOUCH.h"
 496  00FF              ;# 496 "C:\Users\hamed\OneDrive\Documents\HTK_Project\touch-rf-car\touch-RF-car\TOUCH.h" 1
 496  00FF  0001        	clr wdt
 497  0100              #line 497 "C:\Users\hamed\OneDrive\Documents\HTK_Project\touch-rf-car\touch-RF-car\TOUCH.h"
 497  0100  0F05        	mov a,5
 497  0101  0080     R  	mov _delay_ms_2[0],a
 497  0102  1F00     R  	clr _delay_ms_2[1]
 497  0103  1F00     R  	clr _delay_ms_2[2]
 497  0104  1F00     R  	clr _delay_ms_2[3]
 497  0105  2000     R  	call _delay_ms
 484  0106              #line 484 "C:\Users\hamed\OneDrive\Documents\HTK_Project\touch-rf-car\touch-RF-car\TOUCH.h"
 484  0106  1480     R  	inc _i[0]
 484  0107  2800     R  	jmp _L48
 484  0108              _L55:
 499  0108              #line 499 "C:\Users\hamed\OneDrive\Documents\HTK_Project\touch-rf-car\touch-RF-car\TOUCH.h"
 499  0108  1F00     E  	clr _builtin_holtek_udivmodsi4_2[12]
 499  0109  0700     R  	mov a,_Count_C4[0]  
 499  010A  0080     E  	mov _builtin_holtek_udivmodsi4_2[0],a  
 499  010B  0700     R  	mov a,_Count_C4[1]  
 499  010C  0080     E  	mov _builtin_holtek_udivmodsi4_2[1],a
 499  010D  0700     R  	mov a,_Count_C4[2]  
"File: TOUCH.h       Assembler  Version HGASM0202      Page 24

 499  010E  0080     E  	mov _builtin_holtek_udivmodsi4_2[2],a  
 499  010F  0700     R  	mov a,_Count_C4[3]  
 499  0110  0080     E  	mov _builtin_holtek_udivmodsi4_2[3],a
 499  0111  0F14        	mov a,20  
 499  0112  0080     E  	mov _builtin_holtek_udivmodsi4_2[4],a  
 499  0113  0F00        	mov a,0  
 499  0114  0080     E  	mov _builtin_holtek_udivmodsi4_2[5],a
 499  0115  1F00     E  	clr _builtin_holtek_udivmodsi4_2[6]
 499  0116  1F00     E  	clr _builtin_holtek_udivmodsi4_2[7]
 499  0117  2000     E  	call _builtin_holtek_udivmodsi4
 499  0118  0700     E  	mov a,_builtin_holtek_udivmodsi4_2[0]  
 499  0119  0080     R  	mov _Count_C4[0],a  
 499  011A  0700     E  	mov a,_builtin_holtek_udivmodsi4_2[1]  
 499  011B  0080     R  	mov _Count_C4[1],a
 499  011C  0700     E  	mov a,_builtin_holtek_udivmodsi4_2[2]  
 499  011D  0080     R  	mov _Count_C4[2],a  
 499  011E  0700     E  	mov a,_builtin_holtek_udivmodsi4_2[3]  
 499  011F  0080     R  	mov _Count_C4[3],a
 502  0120              #line 502 "C:\Users\hamed\OneDrive\Documents\HTK_Project\touch-rf-car\touch-RF-car\TOUCH.h"
 502  0120              ;# 502 "C:\Users\hamed\OneDrive\Documents\HTK_Project\touch-rf-car\touch-RF-car\TOUCH.h" 1
 502  0120  0001        	clr wdt
 502  0121  0003        	ret
 502  0122              _CalibrTuoch endp
 502  0122              #line 502 "C:\Users\hamed\OneDrive\Documents\HTK_Project\touch-rf-car\touch-RF-car\TOUCH.h"
 502  0122              #pragma debug scope 1 1
 502  0122              public _Key_Select
 502  0122              #pragma debug scope 8 1
 507  0122              #line 507 "C:\Users\hamed\OneDrive\Documents\HTK_Project\touch-rf-car\touch-RF-car\TOUCH.h"
 507  0000              _Key_Select .section 'code'
 507  0000              _Key_Select proc
 507  0000  00              local _Key_Select_2 db 1 dup(?)	; 0,1
 507  0000  0080     E  	mov ra,a
 507  0001  0080     R  	mov _Key_Select_2[0],a
 507  0002              #pragma debug variable 7 8 _Key_Select_2+0 "sel"
 509  0002              #line 509 "C:\Users\hamed\OneDrive\Documents\HTK_Project\touch-rf-car\touch-RF-car\TOUCH.h"
 509  0002  1080     E  	sz ra
 509  0003  2800     R  	jmp _L57
 510  0004              #line 510 "C:\Users\hamed\OneDrive\Documents\HTK_Project\touch-rf-car\touch-RF-car\TOUCH.h"
 510  0004  32CD        	set [77].5
 510  0005  324D        	set [77].4
 510  0006  32C4        	set [68].5
 510  0007  37CC        	clr [76].7
 510  0008  374C        	clr [76].6
 510  0009              _L58:
 512  0009              #line 512 "C:\Users\hamed\OneDrive\Documents\HTK_Project\touch-rf-car\touch-RF-car\TOUCH.h"
 512  0009  3F44        	sz [68].6
 512  000A  2800     R  	jmp _L85
 512  000B              ;# 512 "C:\Users\hamed\OneDrive\Documents\HTK_Project\touch-rf-car\touch-RF-car\TOUCH.h" 1
 512  000B  0000        	nop
 512  000C  2800     R  	jmp _L58
 512  000D              _L85:
 513  000D              #line 513 "C:\Users\hamed\OneDrive\Documents\HTK_Project\touch-rf-car\touch-RF-car\TOUCH.h"
 513  000D  0749        	mov a,[73]
 513  000E  0080     E  	mov rc,a
 513  000F  1F00     E  	clr rb
 513  0010  0700     E  	mov a,rc
 513  0011  0080     R  	mov _Count_S1[1],a
 513  0012  0748        	mov a,[72]
 513  0013  0500     E  	or a,rb
 513  0014  0080     R  	mov _Count_S1[0],a
"File: TOUCH.h       Assembler  Version HGASM0202      Page 25

 514  0015              #line 514 "C:\Users\hamed\OneDrive\Documents\HTK_Project\touch-rf-car\touch-RF-car\TOUCH.h"
 514  0015  3C00     R  	sz _lock
 514  0016  2800     R  	jmp _L60
 514  0017  1480     R  	inc _CalibrCount1[0]
 514  0018              _L60:
 515  0018              #line 515 "C:\Users\hamed\OneDrive\Documents\HTK_Project\touch-rf-car\touch-RF-car\TOUCH.h"
 515  0018  0F0A        	mov a,10
 515  0019  0200     R  	sub a,_CalibrCount1[0]
 515  001A  3C0A        	sz c
 515  001B  2800     R  	jmp _L83
 517  001C              #line 517 "C:\Users\hamed\OneDrive\Documents\HTK_Project\touch-rf-car\touch-RF-car\TOUCH.h"
 517  001C  1F00     R  	clr _CalibrCount1[0]
 518  001D              #line 518 "C:\Users\hamed\OneDrive\Documents\HTK_Project\touch-rf-car\touch-RF-car\TOUCH.h"
 518  001D  0700     R  	mov a,_Count_S1[0]
 518  001E  0380     R  	addm a,_Count_C1_Backup[0]
 518  001F  0700     R  	mov a,_Count_S1[1]
 518  0020  1380     R  	adcm a,_Count_C1_Backup[1]
 518  0021  1F05        	clr acc
 518  0022  1380     R  	adcm a,_Count_C1_Backup[2]
 518  0023  1380     R  	adcm a,_Count_C1_Backup[3]
 519  0024              #line 519 "C:\Users\hamed\OneDrive\Documents\HTK_Project\touch-rf-car\touch-RF-car\TOUCH.h"
 519  0024  1480     R  	inc _CalibrSample1[0]
 520  0025              #line 520 "C:\Users\hamed\OneDrive\Documents\HTK_Project\touch-rf-car\touch-RF-car\TOUCH.h"
 520  0025  0F13        	mov a,19
 520  0026  0200     R  	sub a,_CalibrSample1[0]
 520  0027  3C0A        	sz c
 520  0028  2800     R  	jmp _L83
 522  0029              #line 522 "C:\Users\hamed\OneDrive\Documents\HTK_Project\touch-rf-car\touch-RF-car\TOUCH.h"
 522  0029  1F00     R  	clr _CalibrSample1[0]
 523  002A              #line 523 "C:\Users\hamed\OneDrive\Documents\HTK_Project\touch-rf-car\touch-RF-car\TOUCH.h"
 523  002A  1F00     E  	clr _builtin_holtek_udivmodsi4_2[12]
 523  002B  0700     R  	mov a,_Count_C1_Backup[0]  
 523  002C  0080     E  	mov _builtin_holtek_udivmodsi4_2[0],a  
 523  002D  0700     R  	mov a,_Count_C1_Backup[1]  
 523  002E  0080     E  	mov _builtin_holtek_udivmodsi4_2[1],a
 523  002F  0700     R  	mov a,_Count_C1_Backup[2]  
 523  0030  0080     E  	mov _builtin_holtek_udivmodsi4_2[2],a  
 523  0031  0700     R  	mov a,_Count_C1_Backup[3]  
 523  0032  0080     E  	mov _builtin_holtek_udivmodsi4_2[3],a
 523  0033  0F14        	mov a,20  
 523  0034  0080     E  	mov _builtin_holtek_udivmodsi4_2[4],a  
 523  0035  0F00        	mov a,0  
 523  0036  0080     E  	mov _builtin_holtek_udivmodsi4_2[5],a
 523  0037  1F00     E  	clr _builtin_holtek_udivmodsi4_2[6]
 523  0038  1F00     E  	clr _builtin_holtek_udivmodsi4_2[7]
 523  0039  2000     E  	call _builtin_holtek_udivmodsi4
 523  003A  0700     E  	mov a,_builtin_holtek_udivmodsi4_2[0]  
 523  003B  0080     R  	mov _Count_C1[0],a  
 523  003C  0700     E  	mov a,_builtin_holtek_udivmodsi4_2[1]  
 523  003D  0080     R  	mov _Count_C1[1],a
 523  003E  0700     E  	mov a,_builtin_holtek_udivmodsi4_2[2]  
 523  003F  0080     R  	mov _Count_C1[2],a  
 523  0040  0700     E  	mov a,_builtin_holtek_udivmodsi4_2[3]  
 523  0041  0080     R  	mov _Count_C1[3],a
 524  0042              #line 524 "C:\Users\hamed\OneDrive\Documents\HTK_Project\touch-rf-car\touch-RF-car\TOUCH.h"
 524  0042  1F00     R  	clr _Count_C1_Backup[0]
 524  0043  1F00     R  	clr _Count_C1_Backup[1]
 524  0044  1F00     R  	clr _Count_C1_Backup[2]
 524  0045  1F00     R  	clr _Count_C1_Backup[3]
 524  0046  2800     R  	jmp _L83
"File: TOUCH.h       Assembler  Version HGASM0202      Page 26

 524  0047              _L57:
 532  0047              #line 532 "C:\Users\hamed\OneDrive\Documents\HTK_Project\touch-rf-car\touch-RF-car\TOUCH.h"
 532  0047  1700     R  	sdza _Key_Select_2[0]
 532  0048  2800     R  	jmp _L65
 533  0049              #line 533 "C:\Users\hamed\OneDrive\Documents\HTK_Project\touch-rf-car\touch-RF-car\TOUCH.h"
 533  0049  32CD        	set [77].5
 533  004A  324D        	set [77].4
 533  004B  32C4        	set [68].5
 533  004C  37CC        	clr [76].7
 533  004D  334C        	set [76].6
 533  004E              _L66:
 535  004E              #line 535 "C:\Users\hamed\OneDrive\Documents\HTK_Project\touch-rf-car\touch-RF-car\TOUCH.h"
 535  004E  3F44        	sz [68].6
 535  004F  2800     R  	jmp _L86
 535  0050              ;# 535 "C:\Users\hamed\OneDrive\Documents\HTK_Project\touch-rf-car\touch-RF-car\TOUCH.h" 1
 535  0050  0000        	nop
 535  0051  2800     R  	jmp _L66
 535  0052              _L86:
 536  0052              #line 536 "C:\Users\hamed\OneDrive\Documents\HTK_Project\touch-rf-car\touch-RF-car\TOUCH.h"
 536  0052  0749        	mov a,[73]
 536  0053  0080     E  	mov rc,a
 536  0054  1F00     E  	clr rb
 536  0055  0700     E  	mov a,rc
 536  0056  0080     R  	mov _Count_S2[1],a
 536  0057  0748        	mov a,[72]
 536  0058  0500     E  	or a,rb
 536  0059  0080     R  	mov _Count_S2[0],a
 537  005A              #line 537 "C:\Users\hamed\OneDrive\Documents\HTK_Project\touch-rf-car\touch-RF-car\TOUCH.h"
 537  005A  3C00     R  	sz _lock
 537  005B  2800     R  	jmp _L68
 537  005C  1480     R  	inc _CalibrCount2[0]
 537  005D              _L68:
 538  005D              #line 538 "C:\Users\hamed\OneDrive\Documents\HTK_Project\touch-rf-car\touch-RF-car\TOUCH.h"
 538  005D  0F0A        	mov a,10
 538  005E  0200     R  	sub a,_CalibrCount2[0]
 538  005F  3C0A        	sz c
 538  0060  2800     R  	jmp _L83
 540  0061              #line 540 "C:\Users\hamed\OneDrive\Documents\HTK_Project\touch-rf-car\touch-RF-car\TOUCH.h"
 540  0061  1F00     R  	clr _CalibrCount2[0]
 541  0062              #line 541 "C:\Users\hamed\OneDrive\Documents\HTK_Project\touch-rf-car\touch-RF-car\TOUCH.h"
 541  0062  0700     R  	mov a,_Count_S2[0]
 541  0063  0380     R  	addm a,_Count_C2_Backup[0]
 541  0064  0700     R  	mov a,_Count_S2[1]
 541  0065  1380     R  	adcm a,_Count_C2_Backup[1]
 541  0066  1F05        	clr acc
 541  0067  1380     R  	adcm a,_Count_C2_Backup[2]
 541  0068  1380     R  	adcm a,_Count_C2_Backup[3]
 542  0069              #line 542 "C:\Users\hamed\OneDrive\Documents\HTK_Project\touch-rf-car\touch-RF-car\TOUCH.h"
 542  0069  1480     R  	inc _CalibrSample2[0]
 543  006A              #line 543 "C:\Users\hamed\OneDrive\Documents\HTK_Project\touch-rf-car\touch-RF-car\TOUCH.h"
 543  006A  0F13        	mov a,19
 543  006B  0200     R  	sub a,_CalibrSample2[0]
 543  006C  3C0A        	sz c
 543  006D  2800     R  	jmp _L83
 545  006E              #line 545 "C:\Users\hamed\OneDrive\Documents\HTK_Project\touch-rf-car\touch-RF-car\TOUCH.h"
 545  006E  1F00     R  	clr _CalibrSample2[0]
 546  006F              #line 546 "C:\Users\hamed\OneDrive\Documents\HTK_Project\touch-rf-car\touch-RF-car\TOUCH.h"
 546  006F  1F00     E  	clr _builtin_holtek_udivmodsi4_2[12]
 546  0070  0700     R  	mov a,_Count_C2_Backup[0]  
 546  0071  0080     E  	mov _builtin_holtek_udivmodsi4_2[0],a  
"File: TOUCH.h       Assembler  Version HGASM0202      Page 27

 546  0072  0700     R  	mov a,_Count_C2_Backup[1]  
 546  0073  0080     E  	mov _builtin_holtek_udivmodsi4_2[1],a
 546  0074  0700     R  	mov a,_Count_C2_Backup[2]  
 546  0075  0080     E  	mov _builtin_holtek_udivmodsi4_2[2],a  
 546  0076  0700     R  	mov a,_Count_C2_Backup[3]  
 546  0077  0080     E  	mov _builtin_holtek_udivmodsi4_2[3],a
 546  0078  0F14        	mov a,20  
 546  0079  0080     E  	mov _builtin_holtek_udivmodsi4_2[4],a  
 546  007A  0F00        	mov a,0  
 546  007B  0080     E  	mov _builtin_holtek_udivmodsi4_2[5],a
 546  007C  1F00     E  	clr _builtin_holtek_udivmodsi4_2[6]
 546  007D  1F00     E  	clr _builtin_holtek_udivmodsi4_2[7]
 546  007E  2000     E  	call _builtin_holtek_udivmodsi4
 546  007F  0700     E  	mov a,_builtin_holtek_udivmodsi4_2[0]  
 546  0080  0080     R  	mov _Count_C2[0],a  
 546  0081  0700     E  	mov a,_builtin_holtek_udivmodsi4_2[1]  
 546  0082  0080     R  	mov _Count_C2[1],a
 546  0083  0700     E  	mov a,_builtin_holtek_udivmodsi4_2[2]  
 546  0084  0080     R  	mov _Count_C2[2],a  
 546  0085  0700     E  	mov a,_builtin_holtek_udivmodsi4_2[3]  
 546  0086  0080     R  	mov _Count_C2[3],a
 547  0087              #line 547 "C:\Users\hamed\OneDrive\Documents\HTK_Project\touch-rf-car\touch-RF-car\TOUCH.h"
 547  0087  1F00     R  	clr _Count_C2_Backup[0]
 547  0088  1F00     R  	clr _Count_C2_Backup[1]
 547  0089  1F00     R  	clr _Count_C2_Backup[2]
 547  008A  1F00     R  	clr _Count_C2_Backup[3]
 547  008B  2800     R  	jmp _L83
 547  008C              _L65:
 555  008C              #line 555 "C:\Users\hamed\OneDrive\Documents\HTK_Project\touch-rf-car\touch-RF-car\TOUCH.h"
 555  008C  0700     R  	mov a,_Key_Select_2[0]
 555  008D  0A02        	sub a,2
 555  008E  390A        	snz z
 555  008F  2800     R  	jmp _L72
 556  0090              #line 556 "C:\Users\hamed\OneDrive\Documents\HTK_Project\touch-rf-car\touch-RF-car\TOUCH.h"
 556  0090  32CD        	set [77].5
 556  0091  324D        	set [77].4
 556  0092  32C4        	set [68].5
 556  0093  33CC        	set [76].7
 556  0094  374C        	clr [76].6
 556  0095              _L73:
 558  0095              #line 558 "C:\Users\hamed\OneDrive\Documents\HTK_Project\touch-rf-car\touch-RF-car\TOUCH.h"
 558  0095  3F44        	sz [68].6
 558  0096  2800     R  	jmp _L87
 558  0097              ;# 558 "C:\Users\hamed\OneDrive\Documents\HTK_Project\touch-rf-car\touch-RF-car\TOUCH.h" 1
 558  0097  0000        	nop
 558  0098  2800     R  	jmp _L73
 558  0099              _L87:
 559  0099              #line 559 "C:\Users\hamed\OneDrive\Documents\HTK_Project\touch-rf-car\touch-RF-car\TOUCH.h"
 559  0099  0749        	mov a,[73]
 559  009A  0080     E  	mov rc,a
 559  009B  1F00     E  	clr rb
 559  009C  0700     E  	mov a,rc
 559  009D  0080     R  	mov _Count_S3[1],a
 559  009E  0748        	mov a,[72]
 559  009F  0500     E  	or a,rb
 559  00A0  0080     R  	mov _Count_S3[0],a
 560  00A1              #line 560 "C:\Users\hamed\OneDrive\Documents\HTK_Project\touch-rf-car\touch-RF-car\TOUCH.h"
 560  00A1  3C00     R  	sz _lock
 560  00A2  2800     R  	jmp _L75
 560  00A3  1480     R  	inc _CalibrCount3[0]
"File: TOUCH.h       Assembler  Version HGASM0202      Page 28

 560  00A4              _L75:
 561  00A4              #line 561 "C:\Users\hamed\OneDrive\Documents\HTK_Project\touch-rf-car\touch-RF-car\TOUCH.h"
 561  00A4  0F0A        	mov a,10
 561  00A5  0200     R  	sub a,_CalibrCount3[0]
 561  00A6  3C0A        	sz c
 561  00A7  2800     R  	jmp _L83
 563  00A8              #line 563 "C:\Users\hamed\OneDrive\Documents\HTK_Project\touch-rf-car\touch-RF-car\TOUCH.h"
 563  00A8  1F00     R  	clr _CalibrCount3[0]
 564  00A9              #line 564 "C:\Users\hamed\OneDrive\Documents\HTK_Project\touch-rf-car\touch-RF-car\TOUCH.h"
 564  00A9  0700     R  	mov a,_Count_S3[0]
 564  00AA  0380     R  	addm a,_Count_C3_Backup[0]
 564  00AB  0700     R  	mov a,_Count_S3[1]
 564  00AC  1380     R  	adcm a,_Count_C3_Backup[1]
 564  00AD  1F05        	clr acc
 564  00AE  1380     R  	adcm a,_Count_C3_Backup[2]
 564  00AF  1380     R  	adcm a,_Count_C3_Backup[3]
 565  00B0              #line 565 "C:\Users\hamed\OneDrive\Documents\HTK_Project\touch-rf-car\touch-RF-car\TOUCH.h"
 565  00B0  1480     R  	inc _CalibrSample3[0]
 566  00B1              #line 566 "C:\Users\hamed\OneDrive\Documents\HTK_Project\touch-rf-car\touch-RF-car\TOUCH.h"
 566  00B1  0F13        	mov a,19
 566  00B2  0200     R  	sub a,_CalibrSample3[0]
 566  00B3  3C0A        	sz c
 566  00B4  2800     R  	jmp _L83
 568  00B5              #line 568 "C:\Users\hamed\OneDrive\Documents\HTK_Project\touch-rf-car\touch-RF-car\TOUCH.h"
 568  00B5  1F00     R  	clr _CalibrSample3[0]
 569  00B6              #line 569 "C:\Users\hamed\OneDrive\Documents\HTK_Project\touch-rf-car\touch-RF-car\TOUCH.h"
 569  00B6  1F00     E  	clr _builtin_holtek_udivmodsi4_2[12]
 569  00B7  0700     R  	mov a,_Count_C3_Backup[0]  
 569  00B8  0080     E  	mov _builtin_holtek_udivmodsi4_2[0],a  
 569  00B9  0700     R  	mov a,_Count_C3_Backup[1]  
 569  00BA  0080     E  	mov _builtin_holtek_udivmodsi4_2[1],a
 569  00BB  0700     R  	mov a,_Count_C3_Backup[2]  
 569  00BC  0080     E  	mov _builtin_holtek_udivmodsi4_2[2],a  
 569  00BD  0700     R  	mov a,_Count_C3_Backup[3]  
 569  00BE  0080     E  	mov _builtin_holtek_udivmodsi4_2[3],a
 569  00BF  0F14        	mov a,20  
 569  00C0  0080     E  	mov _builtin_holtek_udivmodsi4_2[4],a  
 569  00C1  0F00        	mov a,0  
 569  00C2  0080     E  	mov _builtin_holtek_udivmodsi4_2[5],a
 569  00C3  1F00     E  	clr _builtin_holtek_udivmodsi4_2[6]
 569  00C4  1F00     E  	clr _builtin_holtek_udivmodsi4_2[7]
 569  00C5  2000     E  	call _builtin_holtek_udivmodsi4
 569  00C6  0700     E  	mov a,_builtin_holtek_udivmodsi4_2[0]  
 569  00C7  0080     R  	mov _Count_C3[0],a  
 569  00C8  0700     E  	mov a,_builtin_holtek_udivmodsi4_2[1]  
 569  00C9  0080     R  	mov _Count_C3[1],a
 569  00CA  0700     E  	mov a,_builtin_holtek_udivmodsi4_2[2]  
 569  00CB  0080     R  	mov _Count_C3[2],a  
 569  00CC  0700     E  	mov a,_builtin_holtek_udivmodsi4_2[3]  
 569  00CD  0080     R  	mov _Count_C3[3],a
 570  00CE              #line 570 "C:\Users\hamed\OneDrive\Documents\HTK_Project\touch-rf-car\touch-RF-car\TOUCH.h"
 570  00CE  1F00     R  	clr _Count_C3_Backup[0]
 570  00CF  1F00     R  	clr _Count_C3_Backup[1]
 570  00D0  1F00     R  	clr _Count_C3_Backup[2]
 570  00D1  1F00     R  	clr _Count_C3_Backup[3]
 570  00D2  2800     R  	jmp _L83
 570  00D3              _L72:
 578  00D3              #line 578 "C:\Users\hamed\OneDrive\Documents\HTK_Project\touch-rf-car\touch-RF-car\TOUCH.h"
 578  00D3  0700     R  	mov a,_Key_Select_2[0]
 578  00D4  0A03        	sub a,3
"File: TOUCH.h       Assembler  Version HGASM0202      Page 29

 578  00D5  390A        	snz z
 578  00D6  2800     R  	jmp _L56
 579  00D7              #line 579 "C:\Users\hamed\OneDrive\Documents\HTK_Project\touch-rf-car\touch-RF-car\TOUCH.h"
 579  00D7  32CD        	set [77].5
 579  00D8  324D        	set [77].4
 579  00D9  32C4        	set [68].5
 579  00DA  33CC        	set [76].7
 579  00DB  334C        	set [76].6
 579  00DC              _L79:
 581  00DC              #line 581 "C:\Users\hamed\OneDrive\Documents\HTK_Project\touch-rf-car\touch-RF-car\TOUCH.h"
 581  00DC  3F44        	sz [68].6
 581  00DD  2800     R  	jmp _L88
 581  00DE              ;# 581 "C:\Users\hamed\OneDrive\Documents\HTK_Project\touch-rf-car\touch-RF-car\TOUCH.h" 1
 581  00DE  0000        	nop
 581  00DF  2800     R  	jmp _L79
 581  00E0              _L88:
 582  00E0              #line 582 "C:\Users\hamed\OneDrive\Documents\HTK_Project\touch-rf-car\touch-RF-car\TOUCH.h"
 582  00E0  0749        	mov a,[73]
 582  00E1  0080     E  	mov rc,a
 582  00E2  1F00     E  	clr rb
 582  00E3  0700     E  	mov a,rc
 582  00E4  0080     R  	mov _Count_S4[1],a
 582  00E5  0748        	mov a,[72]
 582  00E6  0500     E  	or a,rb
 582  00E7  0080     R  	mov _Count_S4[0],a
 583  00E8              #line 583 "C:\Users\hamed\OneDrive\Documents\HTK_Project\touch-rf-car\touch-RF-car\TOUCH.h"
 583  00E8  3C00     R  	sz _lock
 583  00E9  2800     R  	jmp _L81
 583  00EA  1480     R  	inc _CalibrCount4[0]
 583  00EB              _L81:
 584  00EB              #line 584 "C:\Users\hamed\OneDrive\Documents\HTK_Project\touch-rf-car\touch-RF-car\TOUCH.h"
 584  00EB  0F0A        	mov a,10
 584  00EC  0200     R  	sub a,_CalibrCount4[0]
 584  00ED  3C0A        	sz c
 584  00EE  2800     R  	jmp _L83
 586  00EF              #line 586 "C:\Users\hamed\OneDrive\Documents\HTK_Project\touch-rf-car\touch-RF-car\TOUCH.h"
 586  00EF  1F00     R  	clr _CalibrCount4[0]
 587  00F0              #line 587 "C:\Users\hamed\OneDrive\Documents\HTK_Project\touch-rf-car\touch-RF-car\TOUCH.h"
 587  00F0  0700     R  	mov a,_Count_S4[0]
 587  00F1  0380     R  	addm a,_Count_C4_Backup[0]
 587  00F2  0700     R  	mov a,_Count_S4[1]
 587  00F3  1380     R  	adcm a,_Count_C4_Backup[1]
 587  00F4  1F05        	clr acc
 587  00F5  1380     R  	adcm a,_Count_C4_Backup[2]
 587  00F6  1380     R  	adcm a,_Count_C4_Backup[3]
 588  00F7              #line 588 "C:\Users\hamed\OneDrive\Documents\HTK_Project\touch-rf-car\touch-RF-car\TOUCH.h"
 588  00F7  1480     R  	inc _CalibrSample4[0]
 589  00F8              #line 589 "C:\Users\hamed\OneDrive\Documents\HTK_Project\touch-rf-car\touch-RF-car\TOUCH.h"
 589  00F8  0F13        	mov a,19
 589  00F9  0200     R  	sub a,_CalibrSample4[0]
 589  00FA  3C0A        	sz c
 589  00FB  2800     R  	jmp _L83
 591  00FC              #line 591 "C:\Users\hamed\OneDrive\Documents\HTK_Project\touch-rf-car\touch-RF-car\TOUCH.h"
 591  00FC  1F00     R  	clr _CalibrSample4[0]
 592  00FD              #line 592 "C:\Users\hamed\OneDrive\Documents\HTK_Project\touch-rf-car\touch-RF-car\TOUCH.h"
 592  00FD  1F00     E  	clr _builtin_holtek_udivmodsi4_2[12]
 592  00FE  0700     R  	mov a,_Count_C4_Backup[0]  
 592  00FF  0080     E  	mov _builtin_holtek_udivmodsi4_2[0],a  
 592  0100  0700     R  	mov a,_Count_C4_Backup[1]  
 592  0101  0080     E  	mov _builtin_holtek_udivmodsi4_2[1],a
"File: TOUCH.h       Assembler  Version HGASM0202      Page 30

 592  0102  0700     R  	mov a,_Count_C4_Backup[2]  
 592  0103  0080     E  	mov _builtin_holtek_udivmodsi4_2[2],a  
 592  0104  0700     R  	mov a,_Count_C4_Backup[3]  
 592  0105  0080     E  	mov _builtin_holtek_udivmodsi4_2[3],a
 592  0106  0F14        	mov a,20  
 592  0107  0080     E  	mov _builtin_holtek_udivmodsi4_2[4],a  
 592  0108  0F00        	mov a,0  
 592  0109  0080     E  	mov _builtin_holtek_udivmodsi4_2[5],a
 592  010A  1F00     E  	clr _builtin_holtek_udivmodsi4_2[6]
 592  010B  1F00     E  	clr _builtin_holtek_udivmodsi4_2[7]
 592  010C  2000     E  	call _builtin_holtek_udivmodsi4
 592  010D  0700     E  	mov a,_builtin_holtek_udivmodsi4_2[0]  
 592  010E  0080     R  	mov _Count_C4[0],a  
 592  010F  0700     E  	mov a,_builtin_holtek_udivmodsi4_2[1]  
 592  0110  0080     R  	mov _Count_C4[1],a
 592  0111  0700     E  	mov a,_builtin_holtek_udivmodsi4_2[2]  
 592  0112  0080     R  	mov _Count_C4[2],a  
 592  0113  0700     E  	mov a,_builtin_holtek_udivmodsi4_2[3]  
 592  0114  0080     R  	mov _Count_C4[3],a
 593  0115              #line 593 "C:\Users\hamed\OneDrive\Documents\HTK_Project\touch-rf-car\touch-RF-car\TOUCH.h"
 593  0115  1F00     R  	clr _Count_C4_Backup[0]
 593  0116  1F00     R  	clr _Count_C4_Backup[1]
 593  0117  1F00     R  	clr _Count_C4_Backup[2]
 593  0118  1F00     R  	clr _Count_C4_Backup[3]
 593  0119              _L83:
 597  0119              #line 597 "C:\Users\hamed\OneDrive\Documents\HTK_Project\touch-rf-car\touch-RF-car\TOUCH.h"
 597  0119  3744        	clr [68].6
 598  011A              #line 598 "C:\Users\hamed\OneDrive\Documents\HTK_Project\touch-rf-car\touch-RF-car\TOUCH.h"
 598  011A  36C4        	clr [68].5
 598  011B              _L56:
 598  011B  0003        	ret
 598  011C              _Key_Select endp
 598  011C              #line 598 "C:\Users\hamed\OneDrive\Documents\HTK_Project\touch-rf-car\touch-RF-car\TOUCH.h"
 598  011C              #pragma debug scope 1 1
 598  011C              public _TOUCH_ISR
 598  011C              #pragma debug scope 9 1
 605  011C              #line 605 "C:\Users\hamed\OneDrive\Documents\HTK_Project\touch-rf-car\touch-RF-car\TOUCH.h"
 605  0000              @TOUCH_ISR_code .section at 40 'code'
 605  0000              _TOUCH_ISR:
 605  0000  0004        	reti
 605  0001              #line 605 "C:\Users\hamed\OneDrive\Documents\HTK_Project\touch-rf-car\touch-RF-car\TOUCH.h"
 605  0001              #pragma debug scope 1 1
 605  0001              public _timer
 605  0001              #pragma debug scope 10 1
 611  0001              #line 611 "C:\Users\hamed\OneDrive\Documents\HTK_Project\touch-rf-car\touch-RF-car\TOUCH.h"
 611  0000              @timer_code .section at 12 'code'
 611  0000              _timer:
 611  0000  0004        	reti
 611  0001              #line 611 "C:\Users\hamed\OneDrive\Documents\HTK_Project\touch-rf-car\touch-RF-car\TOUCH.h"
 611  0001              #pragma debug scope 1 1
 611  0001              ___tmrc equ [29]
 611  0001              ___smod equ [11]
 611  0001              ___pac equ [21]
 611  0001              public _main
 611  0001              #pragma debug scope 11 1

  30  0001              #line 30 "C:\Users\hamed\OneDrive\Documents\HTK_Project\touch-rf-car\touch-RF-car\touch-RF-car.c"
  30  0001              IFDEF WITH_DEFAULT_STARTUP
  30  0001              extern _main_initial0:near
  30  0001              extern _main_startup:near
"File: touch-RF-car.c  Assembler  Version HGASM0202      Page 31

  30  0001              ENDIF
  30  0001              
  30  0001              ROMBANK 0 @start
  30  0000              @start .section com_l 'code'
  30  0000              _main_startup1:
  30  0000              @start .section com_e 'code'
  30  0000  2800     R  	jmp _main
  30  0001              
  30  0000              _main .section 'code'
  30  0000              _main proc
  33  0000              #line 33 "C:\Users\hamed\OneDrive\Documents\HTK_Project\touch-rf-car\touch-RF-car\touch-RF-car.c"
  33  0000  369D        	clr [29].5
  34  0001              #line 34 "C:\Users\hamed\OneDrive\Documents\HTK_Project\touch-rf-car\touch-RF-car\touch-RF-car.c"
  34  0001  321D        	set [29].4
  36  0002              #line 36 "C:\Users\hamed\OneDrive\Documents\HTK_Project\touch-rf-car\touch-RF-car\touch-RF-car.c"
  36  0002  301D        	set [29].0
  37  0003              #line 37 "C:\Users\hamed\OneDrive\Documents\HTK_Project\touch-rf-car\touch-RF-car\touch-RF-car.c"
  37  0003  349D        	clr [29].1
  38  0004              #line 38 "C:\Users\hamed\OneDrive\Documents\HTK_Project\touch-rf-car\touch-RF-car\touch-RF-car.c"
  38  0004  351D        	clr [29].2
  41  0005              #line 41 "C:\Users\hamed\OneDrive\Documents\HTK_Project\touch-rf-car\touch-RF-car\touch-RF-car.c"
  41  0005  300E        	set [14].0
  42  0006              #line 42 "C:\Users\hamed\OneDrive\Documents\HTK_Project\touch-rf-car\touch-RF-car\touch-RF-car.c"
  42  0006  300B        	set [11].0
  44  0007              #line 44 "C:\Users\hamed\OneDrive\Documents\HTK_Project\touch-rf-car\touch-RF-car\touch-RF-car.c"
  44  0007  330E        	set [14].6
  45  0008              #line 45 "C:\Users\hamed\OneDrive\Documents\HTK_Project\touch-rf-car\touch-RF-car\touch-RF-car.c"
  45  0008  318E        	set [14].3
  49  0009              #line 49 "C:\Users\hamed\OneDrive\Documents\HTK_Project\touch-rf-car\touch-RF-car\touch-RF-car.c"
  49  0009  3515        	clr [21].2
  49  000A  3415        	clr [21].0
  51  000B              #line 51 "C:\Users\hamed\OneDrive\Documents\HTK_Project\touch-rf-car\touch-RF-car\touch-RF-car.c"
  51  000B  3414        	clr [20].0
  52  000C              #line 52 "C:\Users\hamed\OneDrive\Documents\HTK_Project\touch-rf-car\touch-RF-car\touch-RF-car.c"
  52  000C  3114        	set [20].2
  54  000D              #line 54 "C:\Users\hamed\OneDrive\Documents\HTK_Project\touch-rf-car\touch-RF-car\touch-RF-car.c"
  54  000D  0F01        	mov a,1
  54  000E  0080     R  	mov _delay_ms_2[0],a
  54  000F  1F00     R  	clr _delay_ms_2[1]
  54  0010  1F00     R  	clr _delay_ms_2[2]
  54  0011  1F00     R  	clr _delay_ms_2[3]
  54  0012  2000     R  	call _delay_ms
  55  0013              #line 55 "C:\Users\hamed\OneDrive\Documents\HTK_Project\touch-rf-car\touch-RF-car\touch-RF-car.c"
  55  0013  2000     R  	call _TuochKeyInit
  56  0014              #line 56 "C:\Users\hamed\OneDrive\Documents\HTK_Project\touch-rf-car\touch-RF-car\touch-RF-car.c"
  56  0014  0F01        	mov a,1
  56  0015  0080     R  	mov _delay_ms_2[0],a
  56  0016  1F00     R  	clr _delay_ms_2[1]
  56  0017  1F00     R  	clr _delay_ms_2[2]
  56  0018  1F00     R  	clr _delay_ms_2[3]
  56  0019  2000     R  	call _delay_ms
  57  001A              #line 57 "C:\Users\hamed\OneDrive\Documents\HTK_Project\touch-rf-car\touch-RF-car\touch-RF-car.c"
  57  001A  2000     R  	call _CalibrTuoch
  59  001B              #line 59 "C:\Users\hamed\OneDrive\Documents\HTK_Project\touch-rf-car\touch-RF-car\touch-RF-car.c"
  59  001B  3414        	clr [20].0
  59  001C              _L93:
  63  001C              #line 63 "C:\Users\hamed\OneDrive\Documents\HTK_Project\touch-rf-car\touch-RF-car\touch-RF-car.c"
  63  001C              ;# 63 "C:\Users\hamed\OneDrive\Documents\HTK_Project\touch-rf-car\touch-RF-car\touch-RF-car.c" 1
  63  001C  0001        	clr wdt
  65  001D              #line 65 "C:\Users\hamed\OneDrive\Documents\HTK_Project\touch-rf-car\touch-RF-car\touch-RF-car.c"
"File: touch-RF-car.c  Assembler  Version HGASM0202      Page 32

  65  001D  0700     R  	mov a,_i[0]
  65  001E  0080     E  	mov ra,a
  65  001F  0700     E  	mov a,ra
  65  0020  2000     R  	call _Key_Select
  66  0021              #line 66 "C:\Users\hamed\OneDrive\Documents\HTK_Project\touch-rf-car\touch-RF-car\touch-RF-car.c"
  66  0021  1480     R  	inc _i[0]
  66  0022  0F03        	mov a,3
  66  0023  0200     R  	sub a,_i[0]
  66  0024  3C0A        	sz c
  66  0025  2800     R  	jmp _L92
  66  0026  1F00     R  	clr _i[0]
  66  0027              _L92:
  67  0027              #line 67 "C:\Users\hamed\OneDrive\Documents\HTK_Project\touch-rf-car\touch-RF-car\touch-RF-car.c"
  67  0027  2000     R  	call _Key_Touch
  68  0028              #line 68 "C:\Users\hamed\OneDrive\Documents\HTK_Project\touch-rf-car\touch-RF-car\touch-RF-car.c"
  68  0028  2800     R  	jmp _L93
  68  0029  2800     R  	jmp $
  68  002A              _main endp
  68  002A              
  68  002A              @dummy endp
  68  002A              
  68  002A              #line 68 "C:\Users\hamed\OneDrive\Documents\HTK_Project\touch-rf-car\touch-RF-car\touch-RF-car.c"
  68  002A              #pragma debug scope 1 1
  68  002A              public _lock
  68  0000              @HCCINIT	.section 'data'

  23  0000              #line 23 "C:\Users\hamed\OneDrive\Documents\HTK_Project\touch-rf-car\touch-RF-car\TOUCH.h"
  23  0000              @BITDATASEC .section 'data'
  23  0000  00          _lock	dbit 0
  23  0001              #pragma debug variable 2 1 _lock "lock"
  23  0001              public _q4
  23  0001              #line 23 "C:\Users\hamed\OneDrive\Documents\HTK_Project\touch-rf-car\touch-RF-car\TOUCH.h"
  23  0001              @BITDATASEC .section 'data'
  23  0000              _q4	dbit 0
  23  0001              #pragma debug variable 2 1 _q4 "q4"
  23  0001              public _q3
  23  0001              #line 23 "C:\Users\hamed\OneDrive\Documents\HTK_Project\touch-rf-car\touch-RF-car\TOUCH.h"
  23  0001              @BITDATASEC .section 'data'
  23  0000              _q3	dbit 0
  23  0001              #pragma debug variable 2 1 _q3 "q3"
  23  0001              public _q2
  23  0001              #line 23 "C:\Users\hamed\OneDrive\Documents\HTK_Project\touch-rf-car\touch-RF-car\TOUCH.h"
  23  0001              @BITDATASEC .section 'data'
  23  0000              _q2	dbit 0
  23  0001              #pragma debug variable 2 1 _q2 "q2"
  23  0001              public _q1
  23  0001              #line 23 "C:\Users\hamed\OneDrive\Documents\HTK_Project\touch-rf-car\touch-RF-car\TOUCH.h"
  23  0001              @BITDATASEC .section 'data'
  23  0000              _q1	dbit 0
  23  0001              #pragma debug variable 2 1 _q1 "q1"
  23  0001              public _CalibrSample4
  20  0001              #line 20 "C:\Users\hamed\OneDrive\Documents\HTK_Project\touch-rf-car\touch-RF-car\TOUCH.h"
  20  0000              @HCCINIT .section 'data'
  20  0000              _CalibrSample4 label byte
  20  0000              #pragma debug variable 8 1 _CalibrSample4 "CalibrSample4"
  20  0000              	db 0
  20  0000              @ROMDATA_BASE .section inpage 'code'
  20  0000              	db 0
  20  0001              @HCCINIT .section 'data'
  20  0001              public _CalibrCount4
"File: TOUCH.h       Assembler  Version HGASM0202      Page 33

  20  0001              #line 20 "C:\Users\hamed\OneDrive\Documents\HTK_Project\touch-rf-car\touch-RF-car\TOUCH.h"
  20  0001              @HCCINIT .section 'data'
  20  0001              _CalibrCount4 label byte
  20  0001              #pragma debug variable 8 1 _CalibrCount4 "CalibrCount4"
  20  0001              	db 0
  20  0001              @ROMDATA_BASE .section inpage 'code'
  20  0001              	db 0
  20  0002              @HCCINIT .section 'data'
  20  0002              public _Count_T4
  19  0002              #line 19 "C:\Users\hamed\OneDrive\Documents\HTK_Project\touch-rf-car\touch-RF-car\TOUCH.h"
  19  0002              @HCCINIT .section 'data'
  19  0002              _Count_T4 label byte
  19  0002              #pragma debug variable 12 1 _Count_T4 "Count_T4"
  19  0002              	db 0
  19  0001              @ROMDATA_BASE .section inpage 'code'
  19  0001              	db 0
  19  0003              @HCCINIT .section 'data'
  19  0003              	db 0
  19  0002              @ROMDATA_BASE .section inpage 'code'
  19  0002              	db 0
  19  0004              @HCCINIT .section 'data'
  19  0004              public _Count_S4
  18  0004              #line 18 "C:\Users\hamed\OneDrive\Documents\HTK_Project\touch-rf-car\touch-RF-car\TOUCH.h"
  18  0004              @HCCINIT .section 'data'
  18  0004              _Count_S4 label byte
  18  0004              #pragma debug variable 12 1 _Count_S4 "Count_S4"
  18  0004              	db 0
  18  0002              @ROMDATA_BASE .section inpage 'code'
  18  0002              	db 0
  18  0005              @HCCINIT .section 'data'
  18  0005              	db 0
  18  0003              @ROMDATA_BASE .section inpage 'code'
  18  0003              	db 0
  18  0006              @HCCINIT .section 'data'
  18  0006              public _Count_C4_Backup
  17  0006              #line 17 "C:\Users\hamed\OneDrive\Documents\HTK_Project\touch-rf-car\touch-RF-car\TOUCH.h"
  17  0006              @HCCINIT .section 'data'
  17  0006              _Count_C4_Backup label byte
  17  0006              #pragma debug variable 14 1 _Count_C4_Backup "Count_C4_Backup"
  17  0006              	db 0
  17  0003              @ROMDATA_BASE .section inpage 'code'
  17  0003              	db 0
  17  0007              @HCCINIT .section 'data'
  17  0007              	db 0
  17  0004              @ROMDATA_BASE .section inpage 'code'
  17  0004              	db 0
  17  0008              @HCCINIT .section 'data'
  17  0008              	db 0
  17  0004              @ROMDATA_BASE .section inpage 'code'
  17  0004              	db 0
  17  0009              @HCCINIT .section 'data'
  17  0009              	db 0
  17  0005              @ROMDATA_BASE .section inpage 'code'
  17  0005              	db 0
  17  000A              @HCCINIT .section 'data'
  17  000A              public _Count_C4
  17  000A              #line 17 "C:\Users\hamed\OneDrive\Documents\HTK_Project\touch-rf-car\touch-RF-car\TOUCH.h"
  17  000A              @HCCINIT .section 'data'
  17  000A              _Count_C4 label byte
  17  000A              #pragma debug variable 14 1 _Count_C4 "Count_C4"
"File: TOUCH.h       Assembler  Version HGASM0202      Page 34

  17  000A              	db 0
  17  0005              @ROMDATA_BASE .section inpage 'code'
  17  0005              	db 0
  17  000B              @HCCINIT .section 'data'
  17  000B              	db 0
  17  0006              @ROMDATA_BASE .section inpage 'code'
  17  0006              	db 0
  17  000C              @HCCINIT .section 'data'
  17  000C              	db 0
  17  0006              @ROMDATA_BASE .section inpage 'code'
  17  0006              	db 0
  17  000D              @HCCINIT .section 'data'
  17  000D              	db 0
  17  0007              @ROMDATA_BASE .section inpage 'code'
  17  0007              	db 0
  17  000E              @HCCINIT .section 'data'
  17  000E              public _CalibrSample3
  14  000E              #line 14 "C:\Users\hamed\OneDrive\Documents\HTK_Project\touch-rf-car\touch-RF-car\TOUCH.h"
  14  000E              @HCCINIT .section 'data'
  14  000E              _CalibrSample3 label byte
  14  000E              #pragma debug variable 8 1 _CalibrSample3 "CalibrSample3"
  14  000E              	db 0
  14  0007              @ROMDATA_BASE .section inpage 'code'
  14  0007              	db 0
  14  000F              @HCCINIT .section 'data'
  14  000F              public _CalibrCount3
  14  000F              #line 14 "C:\Users\hamed\OneDrive\Documents\HTK_Project\touch-rf-car\touch-RF-car\TOUCH.h"
  14  000F              @HCCINIT .section 'data'
  14  000F              _CalibrCount3 label byte
  14  000F              #pragma debug variable 8 1 _CalibrCount3 "CalibrCount3"
  14  000F              	db 0
  14  0008              @ROMDATA_BASE .section inpage 'code'
  14  0008              	db 0
  14  0010              @HCCINIT .section 'data'
  14  0010              public _Count_T3
  13  0010              #line 13 "C:\Users\hamed\OneDrive\Documents\HTK_Project\touch-rf-car\touch-RF-car\TOUCH.h"
  13  0010              @HCCINIT .section 'data'
  13  0010              _Count_T3 label byte
  13  0010              #pragma debug variable 12 1 _Count_T3 "Count_T3"
  13  0010              	db 0
  13  0008              @ROMDATA_BASE .section inpage 'code'
  13  0008              	db 0
  13  0011              @HCCINIT .section 'data'
  13  0011              	db 0
  13  0009              @ROMDATA_BASE .section inpage 'code'
  13  0009              	db 0
  13  0012              @HCCINIT .section 'data'
  13  0012              public _Count_S3
  12  0012              #line 12 "C:\Users\hamed\OneDrive\Documents\HTK_Project\touch-rf-car\touch-RF-car\TOUCH.h"
  12  0012              @HCCINIT .section 'data'
  12  0012              _Count_S3 label byte
  12  0012              #pragma debug variable 12 1 _Count_S3 "Count_S3"
  12  0012              	db 0
  12  0009              @ROMDATA_BASE .section inpage 'code'
  12  0009              	db 0
  12  0013              @HCCINIT .section 'data'
  12  0013              	db 0
  12  000A              @ROMDATA_BASE .section inpage 'code'
  12  000A              	db 0
  12  0014              @HCCINIT .section 'data'
"File: TOUCH.h       Assembler  Version HGASM0202      Page 35

  12  0014              public _Count_C3_Backup
  11  0014              #line 11 "C:\Users\hamed\OneDrive\Documents\HTK_Project\touch-rf-car\touch-RF-car\TOUCH.h"
  11  0014              @HCCINIT .section 'data'
  11  0014              _Count_C3_Backup label byte
  11  0014              #pragma debug variable 14 1 _Count_C3_Backup "Count_C3_Backup"
  11  0014              	db 0
  11  000A              @ROMDATA_BASE .section inpage 'code'
  11  000A              	db 0
  11  0015              @HCCINIT .section 'data'
  11  0015              	db 0
  11  000B              @ROMDATA_BASE .section inpage 'code'
  11  000B              	db 0
  11  0016              @HCCINIT .section 'data'
  11  0016              	db 0
  11  000B              @ROMDATA_BASE .section inpage 'code'
  11  000B              	db 0
  11  0017              @HCCINIT .section 'data'
  11  0017              	db 0
  11  000C              @ROMDATA_BASE .section inpage 'code'
  11  000C              	db 0
  11  0018              @HCCINIT .section 'data'
  11  0018              public _Count_C3
  11  0018              #line 11 "C:\Users\hamed\OneDrive\Documents\HTK_Project\touch-rf-car\touch-RF-car\TOUCH.h"
  11  0018              @HCCINIT .section 'data'
  11  0018              _Count_C3 label byte
  11  0018              #pragma debug variable 14 1 _Count_C3 "Count_C3"
  11  0018              	db 0
  11  000C              @ROMDATA_BASE .section inpage 'code'
  11  000C              	db 0
  11  0019              @HCCINIT .section 'data'
  11  0019              	db 0
  11  000D              @ROMDATA_BASE .section inpage 'code'
  11  000D              	db 0
  11  001A              @HCCINIT .section 'data'
  11  001A              	db 0
  11  000D              @ROMDATA_BASE .section inpage 'code'
  11  000D              	db 0
  11  001B              @HCCINIT .section 'data'
  11  001B              	db 0
  11  000E              @ROMDATA_BASE .section inpage 'code'
  11  000E              	db 0
  11  001C              @HCCINIT .section 'data'
  11  001C              public _CalibrSample2
   9  001C              #line 9 "C:\Users\hamed\OneDrive\Documents\HTK_Project\touch-rf-car\touch-RF-car\TOUCH.h"
   9  001C              @HCCINIT .section 'data'
   9  001C              _CalibrSample2 label byte
   9  001C              #pragma debug variable 8 1 _CalibrSample2 "CalibrSample2"
   9  001C              	db 0
   9  000E              @ROMDATA_BASE .section inpage 'code'
   9  000E              	db 0
   9  001D              @HCCINIT .section 'data'
   9  001D              public _CalibrCount2
   9  001D              #line 9 "C:\Users\hamed\OneDrive\Documents\HTK_Project\touch-rf-car\touch-RF-car\TOUCH.h"
   9  001D              @HCCINIT .section 'data'
   9  001D              _CalibrCount2 label byte
   9  001D              #pragma debug variable 8 1 _CalibrCount2 "CalibrCount2"
   9  001D              	db 0
   9  000F              @ROMDATA_BASE .section inpage 'code'
   9  000F              	db 0
   9  001E              @HCCINIT .section 'data'
"File: TOUCH.h       Assembler  Version HGASM0202      Page 36

   9  001E              public _Count_T2
   8  001E              #line 8 "C:\Users\hamed\OneDrive\Documents\HTK_Project\touch-rf-car\touch-RF-car\TOUCH.h"
   8  001E              @HCCINIT .section 'data'
   8  001E              _Count_T2 label byte
   8  001E              #pragma debug variable 12 1 _Count_T2 "Count_T2"
   8  001E              	db 0
   8  000F              @ROMDATA_BASE .section inpage 'code'
   8  000F              	db 0
   8  001F              @HCCINIT .section 'data'
   8  001F              	db 0
   8  0010              @ROMDATA_BASE .section inpage 'code'
   8  0010              	db 0
   8  0020              @HCCINIT .section 'data'
   8  0020              public _Count_S2
   7  0020              #line 7 "C:\Users\hamed\OneDrive\Documents\HTK_Project\touch-rf-car\touch-RF-car\TOUCH.h"
   7  0020              @HCCINIT .section 'data'
   7  0020              _Count_S2 label byte
   7  0020              #pragma debug variable 12 1 _Count_S2 "Count_S2"
   7  0020              	db 0
   7  0010              @ROMDATA_BASE .section inpage 'code'
   7  0010              	db 0
   7  0021              @HCCINIT .section 'data'
   7  0021              	db 0
   7  0011              @ROMDATA_BASE .section inpage 'code'
   7  0011              	db 0
   7  0022              @HCCINIT .section 'data'
   7  0022              public _Count_C2_Backup
   6  0022              #line 6 "C:\Users\hamed\OneDrive\Documents\HTK_Project\touch-rf-car\touch-RF-car\TOUCH.h"
   6  0022              @HCCINIT .section 'data'
   6  0022              _Count_C2_Backup label byte
   6  0022              #pragma debug variable 14 1 _Count_C2_Backup "Count_C2_Backup"
   6  0022              	db 0
   6  0011              @ROMDATA_BASE .section inpage 'code'
   6  0011              	db 0
   6  0023              @HCCINIT .section 'data'
   6  0023              	db 0
   6  0012              @ROMDATA_BASE .section inpage 'code'
   6  0012              	db 0
   6  0024              @HCCINIT .section 'data'
   6  0024              	db 0
   6  0012              @ROMDATA_BASE .section inpage 'code'
   6  0012              	db 0
   6  0025              @HCCINIT .section 'data'
   6  0025              	db 0
   6  0013              @ROMDATA_BASE .section inpage 'code'
   6  0013              	db 0
   6  0026              @HCCINIT .section 'data'
   6  0026              public _Count_C2
   6  0026              #line 6 "C:\Users\hamed\OneDrive\Documents\HTK_Project\touch-rf-car\touch-RF-car\TOUCH.h"
   6  0026              @HCCINIT .section 'data'
   6  0026              _Count_C2 label byte
   6  0026              #pragma debug variable 14 1 _Count_C2 "Count_C2"
   6  0026              	db 0
   6  0013              @ROMDATA_BASE .section inpage 'code'
   6  0013              	db 0
   6  0027              @HCCINIT .section 'data'
   6  0027              	db 0
   6  0014              @ROMDATA_BASE .section inpage 'code'
   6  0014              	db 0
   6  0028              @HCCINIT .section 'data'
"File: TOUCH.h       Assembler  Version HGASM0202      Page 37

   6  0028              	db 0
   6  0014              @ROMDATA_BASE .section inpage 'code'
   6  0014              	db 0
   6  0029              @HCCINIT .section 'data'
   6  0029              	db 0
   6  0015              @ROMDATA_BASE .section inpage 'code'
   6  0015              	db 0
   6  002A              @HCCINIT .section 'data'
   6  002A              public _CalibrSample1
   4  002A              #line 4 "C:\Users\hamed\OneDrive\Documents\HTK_Project\touch-rf-car\touch-RF-car\TOUCH.h"
   4  002A              @HCCINIT .section 'data'
   4  002A              _CalibrSample1 label byte
   4  002A              #pragma debug variable 8 1 _CalibrSample1 "CalibrSample1"
   4  002A              	db 0
   4  0015              @ROMDATA_BASE .section inpage 'code'
   4  0015              	db 0
   4  002B              @HCCINIT .section 'data'
   4  002B              public _CalibrCount1
   4  002B              #line 4 "C:\Users\hamed\OneDrive\Documents\HTK_Project\touch-rf-car\touch-RF-car\TOUCH.h"
   4  002B              @HCCINIT .section 'data'
   4  002B              _CalibrCount1 label byte
   4  002B              #pragma debug variable 8 1 _CalibrCount1 "CalibrCount1"
   4  002B              	db 0
   4  0016              @ROMDATA_BASE .section inpage 'code'
   4  0016              	db 0
   4  002C              @HCCINIT .section 'data'
   4  002C              public _counter
   4  002C              #line 4 "C:\Users\hamed\OneDrive\Documents\HTK_Project\touch-rf-car\touch-RF-car\TOUCH.h"
   4  002C              @HCCINIT .section 'data'
   4  002C              _counter label byte
   4  002C              #pragma debug variable 8 1 _counter "counter"
   4  002C              	db 0
   4  0016              @ROMDATA_BASE .section inpage 'code'
   4  0016              	db 0
   4  002D              @HCCINIT .section 'data'
   4  002D              public _i
   4  002D              #line 4 "C:\Users\hamed\OneDrive\Documents\HTK_Project\touch-rf-car\touch-RF-car\TOUCH.h"
   4  002D              @HCCINIT .section 'data'
   4  002D              _i label byte
   4  002D              #pragma debug variable 8 1 _i "i"
   4  002D              	db 0
   4  0017              @ROMDATA_BASE .section inpage 'code'
   4  0017              	db 0
   4  002E              @HCCINIT .section 'data'
   4  002E              public _Count_T1
   3  002E              #line 3 "C:\Users\hamed\OneDrive\Documents\HTK_Project\touch-rf-car\touch-RF-car\TOUCH.h"
   3  002E              @HCCINIT .section 'data'
   3  002E              _Count_T1 label byte
   3  002E              #pragma debug variable 12 1 _Count_T1 "Count_T1"
   3  002E              	db 0
   3  0017              @ROMDATA_BASE .section inpage 'code'
   3  0017              	db 0
   3  002F              @HCCINIT .section 'data'
   3  002F              	db 0
   3  0018              @ROMDATA_BASE .section inpage 'code'
   3  0018              	db 0
   3  0030              @HCCINIT .section 'data'
   3  0030              public _Count_S1
   2  0030              #line 2 "C:\Users\hamed\OneDrive\Documents\HTK_Project\touch-rf-car\touch-RF-car\TOUCH.h"
   2  0030              @HCCINIT .section 'data'
"File: TOUCH.h       Assembler  Version HGASM0202      Page 38

   2  0030              _Count_S1 label byte
   2  0030              #pragma debug variable 12 1 _Count_S1 "Count_S1"
   2  0030              	db 0
   2  0018              @ROMDATA_BASE .section inpage 'code'
   2  0018              	db 0
   2  0031              @HCCINIT .section 'data'
   2  0031              	db 0
   2  0019              @ROMDATA_BASE .section inpage 'code'
   2  0019              	db 0
   2  0032              @HCCINIT .section 'data'
   2  0032              public _Count_C1_Backup
   1  0032              #line 1 "C:\Users\hamed\OneDrive\Documents\HTK_Project\touch-rf-car\touch-RF-car\TOUCH.h"
   1  0032              @HCCINIT .section 'data'
   1  0032              _Count_C1_Backup label byte
   1  0032              #pragma debug variable 14 1 _Count_C1_Backup "Count_C1_Backup"
   1  0032              	db 0
   1  0019              @ROMDATA_BASE .section inpage 'code'
   1  0019              	db 0
   1  0033              @HCCINIT .section 'data'
   1  0033              	db 0
   1  001A              @ROMDATA_BASE .section inpage 'code'
   1  001A              	db 0
   1  0034              @HCCINIT .section 'data'
   1  0034              	db 0
   1  001A              @ROMDATA_BASE .section inpage 'code'
   1  001A              	db 0
   1  0035              @HCCINIT .section 'data'
   1  0035              	db 0
   1  001B              @ROMDATA_BASE .section inpage 'code'
   1  001B              	db 0
   1  0036              @HCCINIT .section 'data'
   1  0036              public _Count_C1
   1  0036              #line 1 "C:\Users\hamed\OneDrive\Documents\HTK_Project\touch-rf-car\touch-RF-car\TOUCH.h"
   1  0036              @HCCINIT .section 'data'
   1  0036              _Count_C1 label byte
   1  0036              #pragma debug variable 14 1 _Count_C1 "Count_C1"
   1  0036              	db 0
   1  001B              @ROMDATA_BASE .section inpage 'code'
   1  001B              	db 0
   1  0037              @HCCINIT .section 'data'
   1  0037              	db 0
   1  001C              @ROMDATA_BASE .section inpage 'code'
   1  001C              	db 0
   1  0038              @HCCINIT .section 'data'
   1  0038              	db 0
   1  001C              @ROMDATA_BASE .section inpage 'code'
   1  001C              	db 0
   1  0039              @HCCINIT .section 'data'
   1  0039              	db 0
   1  001D              @ROMDATA_BASE .section inpage 'code'
   1  001D              	db 0
   1  003A              @HCCINIT .section 'data'
   1  003A              #pragma debug struct_end
   1  003A              #pragma debug struct_end
   1  003A              #pragma debug union_end
   1  003A              #pragma debug union_end
   1  003A              #pragma debug variable 43 1 ___smod "__smod" 1
   1  003A              #pragma debug struct_end
   1  003A              #pragma debug struct_end
   1  003A              #pragma debug union_end
"File: TOUCH.h       Assembler  Version HGASM0202      Page 39

   1  003A              #pragma debug union_end
   1  003A              #pragma debug variable 45 1 ___intc0 "__intc0" 1
   1  003A              #pragma debug struct_end
   1  003A              #pragma debug struct_end
   1  003A              #pragma debug union_end
   1  003A              #pragma debug union_end
   1  003A              #pragma debug variable 47 1 ___pa "__pa" 1
   1  003A              #pragma debug struct_end
   1  003A              #pragma debug struct_end
   1  003A              #pragma debug union_end
   1  003A              #pragma debug union_end
   1  003A              #pragma debug variable 49 1 ___pac "__pac" 1
   1  003A              #pragma debug struct_end
   1  003A              #pragma debug struct_end
   1  003A              #pragma debug union_end
   1  003A              #pragma debug union_end
   1  003A              #pragma debug variable 51 1 ___tmrc "__tmrc" 1
   1  003A              #pragma debug variable 8 1 ___tktmr "__tktmr" 1
   1  003A              #pragma debug struct_end
   1  003A              #pragma debug struct_end
   1  003A              #pragma debug union_end
   1  003A              #pragma debug union_end
   1  003A              #pragma debug variable 53 1 ___tkc0 "__tkc0" 1
   1  003A              #pragma debug struct_end
   1  003A              #pragma debug struct_end
   1  003A              #pragma debug union_end
   1  003A              #pragma debug union_end
   1  003A              #pragma debug variable 55 1 ___tkc1 "__tkc1" 1
   1  003A              #pragma debug variable 8 1 ___tkm016dl "__tkm016dl" 1
   1  003A              #pragma debug variable 8 1 ___tkm016dh "__tkm016dh" 1
   1  003A              #pragma debug variable 8 1 ___tkm0rol "__tkm0rol" 1
   1  003A              #pragma debug variable 8 1 ___tkm0roh "__tkm0roh" 1
   1  003A              #pragma debug struct_end
   1  003A              #pragma debug struct_end
   1  003A              #pragma debug union_end
   1  003A              #pragma debug union_end
   1  003A              #pragma debug variable 57 1 ___tkm0c0 "__tkm0c0" 1
   1  003A              #pragma debug struct_end
   1  003A              #pragma debug struct_end
   1  003A              #pragma debug union_end
   1  003A              #pragma debug union_end
   1  003A              #pragma debug variable 59 1 ___tkm0c1 "__tkm0c1" 1

  30  003A              #line 30 "C:\Users\hamed\OneDrive\Documents\HTK_Project\touch-rf-car\touch-RF-car\touch-RF-car.c"
  30  0000              @code .section at 0 'code'
  30  0000  2800     R  	jmp _main_startup1
  30  0001              
  30  0001              extern _builtin_holtek_mulsi3_2:byte
  30  0001              extern _builtin_holtek_mulsi3:near
  30  0001              extern _builtin_holtek_udivmodsi4_2:byte
  30  0001              extern _builtin_holtek_udivmodsi4:near
  30  0001              
  30  0001              ; 
  30  0001              ; Generated by holtek-gcc v3.19, Mon Jul 21 19:32:41 2025
  30  0001              ; Rebuild 718
  30  0001              ; end of file


        0 Errors, 0