"File: touch-24.c    Assembler  Version HGASM0202      Page 1


   1  0000              ; Generated by holtek-gcc v3.19, Sat Aug 22 12:39:29 2026
   2  0000              ; 
   3  0000              ; Configuration:
   4  0000              ;       without long instruction
   5  0000              ;       Single ROM, Multi-RAM
   6  0000              ;       bits_per_rom_unit:16
   7  0000              ;       with mp1
   8  0000              ;       with tbhp, address(0x9)
   9  0000              ;          Use tabrd-const
  10  0000              ;       
  11  0000              ;       
  12  0000              ;       
  13  0000              ; use 'tabrdc' instead of 'tabrd'
  14  0000              ;       
  15  0000              
  16  0000              #pragma translator "holtek-gcc 4.6.4" "3.19" "build 20130711"
  17  0000              ; Rebuild 718
  18  0000              
  19  0000              ir equ [2]
  20  0000              mp equ [3]
  21  0000              sbp equ [1]
  22  0000              acc equ [5]
  23  0000              bp equ [4]
  24  0000              tblp equ [7]
  25  0000              tbhp equ [9]
  26  0000              status equ [10]
  27  0000              c equ [10].0
  28  0000              ac equ [10].1
  29  0000              z equ [10].2
  30  0000              ov equ [10].3
  31  0000              intc equ [11]
  32  0000              
  33  0000              extern ra:byte
  34  0000              extern rb:byte
  35  0000              extern rc:byte
  36  0000              extern rd:byte
  37  0000              extern re:byte
  38  0000              extern rf:byte
  39  0000              extern rg:byte
  40  0000              extern rh:byte
  41  0000              extern _Crom2Prom:near
  42  0000              extern _Crom2PromNext:near
  43  0000              
  44  0000              RAMBANK 0 @HCCINIT, @HCCINIT0
  45  0000              
  46  0000              RAMBANK 0 @BITDATASEC, @BITDATASEC1
  47  0000              @HCCINIT	.section 'data'
  48  0000              @HCCINIT0	.section 'data'
  49  0000              @BITDATASEC	 .section 'data'
  50  0000              @BITDATASEC1	 .section 'data'
  51  0000              
  52  0000              #pragma debug scope 1 1
  53  0000              	extern __DELAY3:near
  54  0000              	extern __DELAYX3:near
  55  0000              	extern __DELAYX6:near
  56  0000              	extern __DELAYY5:near
  57  0000              	extern __DELAYY3:near
  58  0000              	extern _builtin_holtek_delay_2:byte
  59  0000              public _delay_10us
"File: touch-24.ASM  Assembler  Version HGASM0202      Page 2

  60  0000              #pragma debug scope 2 1

  11  0000              #line 11 "D:\hamed\project\htk-project\touch-24-rf\DELAY.h"
  11  0000              _delay_10us .section 'code'
  11  0000              _delay_10us proc
  11  0000              public _delay_10us_2
  11  0000  0004[           local _delay_10us_2 db 4 dup(?)	; 4,0
            00
            ]
  11  0004              #pragma debug variable 14 2 _delay_10us_2+0 "count_u"
  15  0004              #line 15 "D:\hamed\project\htk-project\touch-24-rf\DELAY.h"
  15  0000  1F00     E  	clr rd
  15  0001  1F00     E  	clr re
  15  0002  1F00     E  	clr rf
  15  0003  1F00     E  	clr rg
  15  0004  2800     R  	jmp _L2
  15  0005              _L3:
  17  0005              #line 17 "D:\hamed\project\htk-project\touch-24-rf\DELAY.h"
  17  0005              ;# 17 "D:\hamed\project\htk-project\touch-24-rf\DELAY.h" 1
  17  0005  0001        	clr wdt
  18  0006              #line 18 "D:\hamed\project\htk-project\touch-24-rf\DELAY.h"
  18  0006              ;# 18 "D:\hamed\project\htk-project\touch-24-rf\DELAY.h" 1
  18  0006  0000        	nop
  19  0007              #line 19 "D:\hamed\project\htk-project\touch-24-rf\DELAY.h"
  19  0007              ;# 19 "D:\hamed\project\htk-project\touch-24-rf\DELAY.h" 1
  19  0007  0000        	nop
  20  0008              #line 20 "D:\hamed\project\htk-project\touch-24-rf\DELAY.h"
  20  0008              ;# 20 "D:\hamed\project\htk-project\touch-24-rf\DELAY.h" 1
  20  0008  0000        	nop
  21  0009              #line 21 "D:\hamed\project\htk-project\touch-24-rf\DELAY.h"
  21  0009              ;# 21 "D:\hamed\project\htk-project\touch-24-rf\DELAY.h" 1
  21  0009  0000        	nop
  15  000A              #line 15 "D:\hamed\project\htk-project\touch-24-rf\DELAY.h"
  15  000A  0F01        	mov a,1
  15  000B  0380     E  	addm a,rd
  15  000C  0F00        	mov a,0
  15  000D  1380     E  	adcm a,re
  15  000E  1380     E  	adcm a,rf
  15  000F  1380     E  	adcm a,rg
  15  0010              _L2:
  15  0010  0700     E  	mov a,rd
  15  0011  0400     R  	xor a,_delay_10us_2[0]
  15  0012  0700     E  	mov a,re
  15  0013  3D0A        	sz z
  15  0014  0400     R  	xor a,_delay_10us_2[1]
  15  0015  0700     E  	mov a,rf
  15  0016  3D0A        	sz z
  15  0017  0400     R  	xor a,_delay_10us_2[2]
  15  0018  0700     E  	mov a,rg
  15  0019  3D0A        	sz z
  15  001A  0400     R  	xor a,_delay_10us_2[3]
  15  001B  390A        	snz z
  15  001C  2800     R  	jmp _L3
  15  001D  0003        	ret
  15  001E              _delay_10us endp
  15  001E              #line 15 "D:\hamed\project\htk-project\touch-24-rf\DELAY.h"
  15  001E              #pragma debug scope 1 1
  15  001E              public _delay_us
  15  001E              #pragma debug scope 3 1
  28  001E              #line 28 "D:\hamed\project\htk-project\touch-24-rf\DELAY.h"
"File: DELAY.h       Assembler  Version HGASM0202      Page 3

  28  0000              _delay_us .section 'code'
  28  0000              _delay_us proc
  28  0000              public _delay_us_2
  28  0000  0004[           local _delay_us_2 db 4 dup(?)	; 4,0
            00
            ]
  28  0004              #pragma debug variable 14 3 _delay_us_2+0 "count_u"
  32  0004              #line 32 "D:\hamed\project\htk-project\touch-24-rf\DELAY.h"
  32  0000  1F00     E  	clr rd
  32  0001  1F00     E  	clr re
  32  0002  1F00     E  	clr rf
  32  0003  1F00     E  	clr rg
  32  0004  2800     R  	jmp _L6
  32  0005              _L7:
  34  0005              #line 34 "D:\hamed\project\htk-project\touch-24-rf\DELAY.h"
  34  0005              ;# 34 "D:\hamed\project\htk-project\touch-24-rf\DELAY.h" 1
  34  0005  0001        	clr wdt
  35  0006              #line 35 "D:\hamed\project\htk-project\touch-24-rf\DELAY.h"
  35  0006              ;# 35 "D:\hamed\project\htk-project\touch-24-rf\DELAY.h" 1
  35  0006  0000        	nop
  32  0007              #line 32 "D:\hamed\project\htk-project\touch-24-rf\DELAY.h"
  32  0007  0F01        	mov a,1
  32  0008  0380     E  	addm a,rd
  32  0009  0F00        	mov a,0
  32  000A  1380     E  	adcm a,re
  32  000B  1380     E  	adcm a,rf
  32  000C  1380     E  	adcm a,rg
  32  000D              _L6:
  32  000D  0700     E  	mov a,rd
  32  000E  0400     R  	xor a,_delay_us_2[0]
  32  000F  0700     E  	mov a,re
  32  0010  3D0A        	sz z
  32  0011  0400     R  	xor a,_delay_us_2[1]
  32  0012  0700     E  	mov a,rf
  32  0013  3D0A        	sz z
  32  0014  0400     R  	xor a,_delay_us_2[2]
  32  0015  0700     E  	mov a,rg
  32  0016  3D0A        	sz z
  32  0017  0400     R  	xor a,_delay_us_2[3]
  32  0018  390A        	snz z
  32  0019  2800     R  	jmp _L7
  32  001A  0003        	ret
  32  001B              _delay_us endp
  32  001B              #line 32 "D:\hamed\project\htk-project\touch-24-rf\DELAY.h"
  32  001B              #pragma debug scope 1 1
  32  001B              public _delay_ms
  32  001B              #pragma debug scope 4 1
  42  001B              #line 42 "D:\hamed\project\htk-project\touch-24-rf\DELAY.h"
  42  0000              _delay_ms .section 'code'
  42  0000              _delay_ms proc
  42  0000              public _delay_ms_2
  42  0000  0008[           local _delay_ms_2 db 8 dup(?)	; 4,4
            00
            ]
  42  0008              #pragma debug variable 14 4 _delay_ms_2+0 "count_m"
  44  0008              #line 44 "D:\hamed\project\htk-project\touch-24-rf\DELAY.h"
  44  0000  0700     R  	mov a,_delay_ms_2[0]
  44  0001  0080     E  	mov _builtin_holtek_mulsi3_2[0],a
  44  0002  0700     R  	mov a,_delay_ms_2[1]
  44  0003  0080     E  	mov _builtin_holtek_mulsi3_2[1],a
"File: DELAY.h       Assembler  Version HGASM0202      Page 4

  44  0004  0700     R  	mov a,_delay_ms_2[2]
  44  0005  0080     E  	mov _builtin_holtek_mulsi3_2[2],a
  44  0006  0700     R  	mov a,_delay_ms_2[3]
  44  0007  0080     E  	mov _builtin_holtek_mulsi3_2[3],a
  44  0008  0F64        	mov a,100
  44  0009  0080     E  	mov _builtin_holtek_mulsi3_2[4],a
  44  000A  0F00        	mov a,0
  44  000B  0080     E  	mov _builtin_holtek_mulsi3_2[5],a
  44  000C  0F00        	mov a,0
  44  000D  0080     E  	mov _builtin_holtek_mulsi3_2[6],a
  44  000E  0F00        	mov a,0
  44  000F  0080     E  	mov _builtin_holtek_mulsi3_2[7],a
  44  0010  2000     E  	call _builtin_holtek_mulsi3
  44  0011  0700     E  	mov a,_builtin_holtek_mulsi3_2[8]
  44  0012  0080     R  	mov _delay_ms_2[4],a
  44  0013  0700     E  	mov a,_builtin_holtek_mulsi3_2[9]
  44  0014  0080     R  	mov _delay_ms_2[5],a
  44  0015  0700     E  	mov a,_builtin_holtek_mulsi3_2[10]
  44  0016  0080     R  	mov _delay_ms_2[6],a
  44  0017  0700     E  	mov a,_builtin_holtek_mulsi3_2[11]
  44  0018  0080     R  	mov _delay_ms_2[7],a
  45  0019              #line 45 "D:\hamed\project\htk-project\touch-24-rf\DELAY.h"
  45  0019  1F00     E  	clr rd
  45  001A  1F00     E  	clr re
  45  001B  1F00     E  	clr rf
  45  001C  1F00     E  	clr rg
  45  001D  2800     R  	jmp _L9
  45  001E              _L10:
  47  001E              #line 47 "D:\hamed\project\htk-project\touch-24-rf\DELAY.h"
  47  001E              ;# 47 "D:\hamed\project\htk-project\touch-24-rf\DELAY.h" 1
  47  001E  0001        	clr wdt
  48  001F              #line 48 "D:\hamed\project\htk-project\touch-24-rf\DELAY.h"
  48  001F              ;# 48 "D:\hamed\project\htk-project\touch-24-rf\DELAY.h" 1
  48  001F  0000        	nop
  49  0020              #line 49 "D:\hamed\project\htk-project\touch-24-rf\DELAY.h"
  49  0020              ;# 49 "D:\hamed\project\htk-project\touch-24-rf\DELAY.h" 1
  49  0020  0000        	nop
  50  0021              #line 50 "D:\hamed\project\htk-project\touch-24-rf\DELAY.h"
  50  0021              ;# 50 "D:\hamed\project\htk-project\touch-24-rf\DELAY.h" 1
  50  0021  0000        	nop
  51  0022              #line 51 "D:\hamed\project\htk-project\touch-24-rf\DELAY.h"
  51  0022              ;# 51 "D:\hamed\project\htk-project\touch-24-rf\DELAY.h" 1
  51  0022  0000        	nop
  45  0023              #line 45 "D:\hamed\project\htk-project\touch-24-rf\DELAY.h"
  45  0023  0F01        	mov a,1
  45  0024  0380     E  	addm a,rd
  45  0025  0F00        	mov a,0
  45  0026  1380     E  	adcm a,re
  45  0027  1380     E  	adcm a,rf
  45  0028  1380     E  	adcm a,rg
  45  0029              _L9:
  45  0029  0700     E  	mov a,rd
  45  002A  0400     R  	xor a,_delay_ms_2[4]
  45  002B  0700     E  	mov a,re
  45  002C  3D0A        	sz z
  45  002D  0400     R  	xor a,_delay_ms_2[5]
  45  002E  0700     E  	mov a,rf
  45  002F  3D0A        	sz z
  45  0030  0400     R  	xor a,_delay_ms_2[6]
  45  0031  0700     E  	mov a,rg
"File: DELAY.h       Assembler  Version HGASM0202      Page 5

  45  0032  3D0A        	sz z
  45  0033  0400     R  	xor a,_delay_ms_2[7]
  45  0034  390A        	snz z
  45  0035  2800     R  	jmp _L10
  45  0036  0003        	ret
  45  0037              _delay_ms endp
  45  0037              #line 45 "D:\hamed\project\htk-project\touch-24-rf\DELAY.h"
  45  0037              #pragma debug scope 1 1
  45  0037              ___pac equ [21]
  45  0037              ___pa equ [20]
  45  0037              public _Piezo_Beep
  45  0037              #pragma debug scope 5 1

 147  0037              #line 147 "D:\hamed\project\htk-project\touch-24-rf\TOUCH.h"
 147  0000              _Piezo_Beep .section 'code'
 147  0000              _Piezo_Beep proc
 147  0000              public _Piezo_Beep_2
 147  0000  0006[           local _Piezo_Beep_2 db 6 dup(?)	; 2,4
            00
            ]
 147  0006              #pragma debug variable 12 5 _Piezo_Beep_2+0 "duration_ms"
 147  0006              #pragma debug variable 12 5 _Piezo_Beep_2+2 "i"
 151  0006              #line 151 "D:\hamed\project\htk-project\touch-24-rf\TOUCH.h"
 151  0000  3595        	clr [21].3
 152  0001              #line 152 "D:\hamed\project\htk-project\touch-24-rf\TOUCH.h"
 152  0001  3594        	clr [20].3
 154  0002              #line 154 "D:\hamed\project\htk-project\touch-24-rf\TOUCH.h"
 154  0002  340A        	clr c
 154  0003  1A00     R  	rlca _Piezo_Beep_2[0]
 154  0004  0080     E  	mov rb,a
 154  0005  1A00     R  	rlca _Piezo_Beep_2[1]
 154  0006  0080     E  	mov rc,a
 154  0007  0700     R  	mov a,_Piezo_Beep_2[0]
 154  0008  0380     E  	addm a,rb
 154  0009  0700     R  	mov a,_Piezo_Beep_2[1]
 154  000A  1380     E  	adcm a,rc
 154  000B  340A        	clr c
 154  000C  1A00     E  	rlca rb
 154  000D  0080     R  	mov _Piezo_Beep_2[4],a
 154  000E  1A00     E  	rlca rc
 154  000F  0080     R  	mov _Piezo_Beep_2[5],a
 154  0010  1F00     R  	clr _Piezo_Beep_2[2]
 154  0011  1F00     R  	clr _Piezo_Beep_2[3]
 154  0012              _L12:
 154  0012              #line 154 "D:\hamed\project\htk-project\touch-24-rf\TOUCH.h"
 154  0012  0700     R  	mov a,_Piezo_Beep_2[2]
 154  0013  0400     R  	xor a,_Piezo_Beep_2[4]
 154  0014  0700     R  	mov a,_Piezo_Beep_2[3]
 154  0015  3D0A        	sz z
 154  0016  0400     R  	xor a,_Piezo_Beep_2[5]
 154  0017  3D0A        	sz z
 154  0018  2800     R  	jmp _L14
 156  0019              #line 156 "D:\hamed\project\htk-project\touch-24-rf\TOUCH.h"
 156  0019  3194        	set [20].3
 157  001A              #line 157 "D:\hamed\project\htk-project\touch-24-rf\TOUCH.h"
 157  001A  0F09        	mov a,9
 157  001B  0080     R  	mov _delay_us_2[0],a
 157  001C  1F00     R  	clr _delay_us_2[1]
 157  001D  1F00     R  	clr _delay_us_2[2]
 157  001E  1F00     R  	clr _delay_us_2[3]
"File: TOUCH.h       Assembler  Version HGASM0202      Page 6

 157  001F  2000     R  	call _delay_us
 159  0020              #line 159 "D:\hamed\project\htk-project\touch-24-rf\TOUCH.h"
 159  0020  3594        	clr [20].3
 160  0021              #line 160 "D:\hamed\project\htk-project\touch-24-rf\TOUCH.h"
 160  0021  0F08        	mov a,8
 160  0022  0080     R  	mov _delay_us_2[0],a
 160  0023  1F00     R  	clr _delay_us_2[1]
 160  0024  1F00     R  	clr _delay_us_2[2]
 160  0025  1F00     R  	clr _delay_us_2[3]
 160  0026  2000     R  	call _delay_us
 154  0027              #line 154 "D:\hamed\project\htk-project\touch-24-rf\TOUCH.h"
 154  0027  1480     R  	inc _Piezo_Beep_2[2]
 154  0028  3D0A        	sz z
 154  0029  1480     R  	inc _Piezo_Beep_2[3]
 154  002A  2800     R  	jmp _L12
 154  002B              _L14:
 163  002B              #line 163 "D:\hamed\project\htk-project\touch-24-rf\TOUCH.h"
 163  002B  3594        	clr [20].3
 163  002C  0003        	ret
 163  002D              _Piezo_Beep endp
 163  002D              #line 163 "D:\hamed\project\htk-project\touch-24-rf\TOUCH.h"
 163  002D              #pragma debug scope 1 1
 163  002D              ___eea equ [65]
 163  002D              ___mp1 equ [3]
 163  002D              ___bp equ [4]
 163  002D              ___iar1 equ [2]
 163  002D              ___eed equ [66]
 163  002D              public _eeprom_read
 163  002D              #pragma debug scope 6 1
 168  002D              #line 168 "D:\hamed\project\htk-project\touch-24-rf\TOUCH.h"
 168  0000              _eeprom_read .section 'code'
 168  0000              _eeprom_read proc
 168  0000  00              local _eeprom_read_2 db 1 dup(?)	; 0,1
 168  0000  0080     E  	mov ra,a
 168  0001  0080     R  	mov _eeprom_read_2[0],a
 168  0002              #pragma debug variable 8 6 _eeprom_read_2+0 "addr"
 170  0002              #line 170 "D:\hamed\project\htk-project\touch-24-rf\TOUCH.h"
 170  0002  0700     E  	mov a,ra
 170  0003  00C1        	mov [65],a
 171  0004              #line 171 "D:\hamed\project\htk-project\touch-24-rf\TOUCH.h"
 171  0004  0F40        	mov a,64
 171  0005  0083        	mov [3],a
 172  0006              #line 172 "D:\hamed\project\htk-project\touch-24-rf\TOUCH.h"
 172  0006  0F01        	mov a,1
 172  0007  0084        	mov [4],a
 173  0008              #line 173 "D:\hamed\project\htk-project\touch-24-rf\TOUCH.h"
 173  0008  3082        	set [2].1
 174  0009              #line 174 "D:\hamed\project\htk-project\touch-24-rf\TOUCH.h"
 174  0009  3002        	set [2].0
 174  000A              _L17:
 175  000A              #line 175 "D:\hamed\project\htk-project\touch-24-rf\TOUCH.h"
 175  000A  3C02        	sz [2].0
 175  000B  2800     R  	jmp _L17
 176  000C              #line 176 "D:\hamed\project\htk-project\touch-24-rf\TOUCH.h"
 176  000C  0742        	mov a,[66]
 176  000D  0080     E  	mov ra,a
 178  000E              #line 178 "D:\hamed\project\htk-project\touch-24-rf\TOUCH.h"
 178  000E  3482        	clr [2].1
 181  000F              #line 181 "D:\hamed\project\htk-project\touch-24-rf\TOUCH.h"
 181  000F  0700     E  	mov a,ra
"File: TOUCH.h       Assembler  Version HGASM0202      Page 7

 181  0010  0003        	ret
 181  0011              _eeprom_read endp
 181  0011              #line 181 "D:\hamed\project\htk-project\touch-24-rf\TOUCH.h"
 181  0011              #pragma debug scope 1 1
 181  0011              ___intc0 equ [14]
 181  0011              public _eeprom_write
 181  0011              #pragma debug scope 7 1
 184  0011              #line 184 "D:\hamed\project\htk-project\touch-24-rf\TOUCH.h"
 184  0000              _eeprom_write .section 'code'
 184  0000              _eeprom_write proc
 184  0000              public _eeprom_write_2
 184  0000  0002[           local _eeprom_write_2 db 2 dup(?)	; 1,1
            00
            ]
 184  0000  0080     R  	mov _eeprom_write_2[1],a
 184  0001              #pragma debug variable 8 7 _eeprom_write_2+1 "data"
 184  0001              #pragma debug variable 8 7 _eeprom_write_2+0 "addr"
 185  0001              #line 185 "D:\hamed\project\htk-project\touch-24-rf\TOUCH.h"
 185  0001  340E        	clr [14].0
 186  0002              #line 186 "D:\hamed\project\htk-project\touch-24-rf\TOUCH.h"
 186  0002  0700     R  	mov a,_eeprom_write_2[0]
 186  0003  00C1        	mov [65],a
 187  0004              #line 187 "D:\hamed\project\htk-project\touch-24-rf\TOUCH.h"
 187  0004  0700     R  	mov a,_eeprom_write_2[1]
 187  0005  00C2        	mov [66],a
 188  0006              #line 188 "D:\hamed\project\htk-project\touch-24-rf\TOUCH.h"
 188  0006  0F40        	mov a,64
 188  0007  0083        	mov [3],a
 189  0008              #line 189 "D:\hamed\project\htk-project\touch-24-rf\TOUCH.h"
 189  0008  0F01        	mov a,1
 189  0009  0084        	mov [4],a
 190  000A              #line 190 "D:\hamed\project\htk-project\touch-24-rf\TOUCH.h"
 190  000A  3182        	set [2].3
 191  000B              #line 191 "D:\hamed\project\htk-project\touch-24-rf\TOUCH.h"
 191  000B  3102        	set [2].2
 193  000C              #line 193 "D:\hamed\project\htk-project\touch-24-rf\TOUCH.h"
 193  000C              ;# 193 "D:\hamed\project\htk-project\touch-24-rf\TOUCH.h" 1
 193  000C  0000        	nop
 193  000D              _L20:
 194  000D              #line 194 "D:\hamed\project\htk-project\touch-24-rf\TOUCH.h"
 194  000D  3D02        	sz [2].2
 194  000E  2800     R  	jmp _L20
 196  000F              #line 196 "D:\hamed\project\htk-project\touch-24-rf\TOUCH.h"
 196  000F  3582        	clr [2].3
 198  0010              #line 198 "D:\hamed\project\htk-project\touch-24-rf\TOUCH.h"
 198  0010  300E        	set [14].0
 198  0011  0003        	ret
 198  0012              _eeprom_write endp
 198  0012              #line 198 "D:\hamed\project\htk-project\touch-24-rf\TOUCH.h"
 198  0012              #pragma debug scope 1 1
 198  0012              public _find_remote_index
 198  0012              #pragma debug scope 8 1
 203  0012              #line 203 "D:\hamed\project\htk-project\touch-24-rf\TOUCH.h"
 203  0000              _find_remote_index .section 'code'
 203  0000              _find_remote_index proc
 203  0000  00              local _find_remote_index_2 db 1 dup(?)	; 0,1
 206  0001              #line 206 "D:\hamed\project\htk-project\touch-24-rf\TOUCH.h"
 206  0000  1F00     R  	clr _i[0]
 206  0001              _L22:
 206  0001              #line 206 "D:\hamed\project\htk-project\touch-24-rf\TOUCH.h"
"File: TOUCH.h       Assembler  Version HGASM0202      Page 8

 206  0001  0F27        	mov a,39
 206  0002  0200     R  	sub a,_i[0]
 206  0003  380A        	snz c
 206  0004  2800     R  	jmp _L27
 208  0005              #line 208 "D:\hamed\project\htk-project\touch-24-rf\TOUCH.h"
 208  0005  0700     R  	mov a,_i[0]
 208  0006  0080     E  	mov ra,a
 208  0007  0700     E  	mov a,ra
 208  0008  0300     E  	add a,ra
 208  0009  0080     E  	mov rb,a
 208  000A  0700     E  	mov a,rb
 208  000B  0300     E  	add a,ra
 208  000C  0080     R  	mov _find_remote_index_2[0],a
 208  000D  1400     R  	inca _find_remote_index_2[0]
 208  000E  0080     E  	mov ra,a
 210  000F              #line 210 "D:\hamed\project\htk-project\touch-24-rf\TOUCH.h"
 210  000F  0700     E  	mov a,ra
 210  0010  2000     R  	call _eeprom_read
 210  0011  0080     E  	mov ra,a
 210  0012  0700     E  	mov a,ra
 210  0013  0200     R  	sub a,_DataM[0]
 210  0014  390A        	snz z
 210  0015  2800     R  	jmp _L26
 211  0016              #line 211 "D:\hamed\project\htk-project\touch-24-rf\TOUCH.h"
 211  0016  0700     R  	mov a,_find_remote_index_2[0]
 211  0017  0B02        	add a,2
 211  0018  0080     E  	mov ra,a
 211  0019  0700     E  	mov a,ra
 211  001A  2000     R  	call _eeprom_read
 211  001B  0080     E  	mov ra,a
 210  001C              #line 210 "D:\hamed\project\htk-project\touch-24-rf\TOUCH.h"
 210  001C  0700     E  	mov a,ra
 210  001D  0200     R  	sub a,_DataM[1]
 210  001E  390A        	snz z
 210  001F  2800     R  	jmp _L26
 212  0020              #line 212 "D:\hamed\project\htk-project\touch-24-rf\TOUCH.h"
 212  0020  0700     R  	mov a,_find_remote_index_2[0]
 212  0021  0B03        	add a,3
 212  0022  0080     E  	mov ra,a
 212  0023  0700     E  	mov a,ra
 212  0024  2000     R  	call _eeprom_read
 212  0025  0080     E  	mov ra,a
 211  0026              #line 211 "D:\hamed\project\htk-project\touch-24-rf\TOUCH.h"
 211  0026  0700     E  	mov a,ra
 211  0027  0200     R  	sub a,_DataM[2]
 211  0028  390A        	snz z
 211  0029  2800     R  	jmp _L26
 214  002A              #line 214 "D:\hamed\project\htk-project\touch-24-rf\TOUCH.h"
 214  002A  0700     R  	mov a,_i[0]
 214  002B  0080     E  	mov ra,a
 214  002C  2800     R  	jmp _L24
 214  002D              _L26:
 206  002D              #line 206 "D:\hamed\project\htk-project\touch-24-rf\TOUCH.h"
 206  002D  1480     R  	inc _i[0]
 206  002E  2800     R  	jmp _L22
 206  002F              _L27:
 218  002F              #line 218 "D:\hamed\project\htk-project\touch-24-rf\TOUCH.h"
 218  002F  1F80     E  	set ra
 218  0030              _L24:
 219  0030              #line 219 "D:\hamed\project\htk-project\touch-24-rf\TOUCH.h"
"File: TOUCH.h       Assembler  Version HGASM0202      Page 9

 219  0030  0700     E  	mov a,ra
 219  0031  0003        	ret
 219  0032              _find_remote_index endp
 219  0032              #line 219 "D:\hamed\project\htk-project\touch-24-rf\TOUCH.h"
 219  0032              #pragma debug scope 1 1
 219  0032              public _find_empty_slot
 219  0032              #pragma debug scope 9 1
 222  0032              #line 222 "D:\hamed\project\htk-project\touch-24-rf\TOUCH.h"
 222  0000              _find_empty_slot .section 'code'
 222  0000              _find_empty_slot proc
 222  0000  00              local _find_empty_slot_2 db 1 dup(?)	; 0,1
 225  0001              #line 225 "D:\hamed\project\htk-project\touch-24-rf\TOUCH.h"
 225  0000  1F00     R  	clr _i[0]
 225  0001              _L29:
 225  0001              #line 225 "D:\hamed\project\htk-project\touch-24-rf\TOUCH.h"
 225  0001  0F27        	mov a,39
 225  0002  0200     R  	sub a,_i[0]
 225  0003  380A        	snz c
 225  0004  2800     R  	jmp _L34
 227  0005              #line 227 "D:\hamed\project\htk-project\touch-24-rf\TOUCH.h"
 227  0005  0700     R  	mov a,_i[0]
 227  0006  0080     E  	mov ra,a
 227  0007  0700     E  	mov a,ra
 227  0008  0300     E  	add a,ra
 227  0009  0080     E  	mov rb,a
 227  000A  0700     E  	mov a,rb
 227  000B  0300     E  	add a,ra
 227  000C  0080     R  	mov _find_empty_slot_2[0],a
 227  000D  1400     R  	inca _find_empty_slot_2[0]
 227  000E  0080     E  	mov ra,a
 229  000F              #line 229 "D:\hamed\project\htk-project\touch-24-rf\TOUCH.h"
 229  000F  0700     E  	mov a,ra
 229  0010  2000     R  	call _eeprom_read
 229  0011  0080     E  	mov ra,a
 229  0012  1600     E  	siza ra
 229  0013  2800     R  	jmp _L33
 230  0014              #line 230 "D:\hamed\project\htk-project\touch-24-rf\TOUCH.h"
 230  0014  0700     R  	mov a,_find_empty_slot_2[0]
 230  0015  0B02        	add a,2
 230  0016  0080     E  	mov ra,a
 230  0017  0700     E  	mov a,ra
 230  0018  2000     R  	call _eeprom_read
 230  0019  0080     E  	mov ra,a
 229  001A              #line 229 "D:\hamed\project\htk-project\touch-24-rf\TOUCH.h"
 229  001A  1600     E  	siza ra
 229  001B  2800     R  	jmp _L33
 231  001C              #line 231 "D:\hamed\project\htk-project\touch-24-rf\TOUCH.h"
 231  001C  0700     R  	mov a,_find_empty_slot_2[0]
 231  001D  0B03        	add a,3
 231  001E  0080     E  	mov ra,a
 231  001F  0700     E  	mov a,ra
 231  0020  2000     R  	call _eeprom_read
 231  0021  0080     E  	mov ra,a
 230  0022              #line 230 "D:\hamed\project\htk-project\touch-24-rf\TOUCH.h"
 230  0022  1600     E  	siza ra
 230  0023  2800     R  	jmp _L33
 233  0024              #line 233 "D:\hamed\project\htk-project\touch-24-rf\TOUCH.h"
 233  0024  0700     R  	mov a,_i[0]
 233  0025  0080     E  	mov ra,a
 233  0026  2800     R  	jmp _L31
"File: TOUCH.h       Assembler  Version HGASM0202      Page 10

 233  0027              _L33:
 225  0027              #line 225 "D:\hamed\project\htk-project\touch-24-rf\TOUCH.h"
 225  0027  1480     R  	inc _i[0]
 225  0028  2800     R  	jmp _L29
 225  0029              _L34:
 237  0029              #line 237 "D:\hamed\project\htk-project\touch-24-rf\TOUCH.h"
 237  0029  1F80     E  	set ra
 237  002A              _L31:
 238  002A              #line 238 "D:\hamed\project\htk-project\touch-24-rf\TOUCH.h"
 238  002A  0700     E  	mov a,ra
 238  002B  0003        	ret
 238  002C              _find_empty_slot endp
 238  002C              #line 238 "D:\hamed\project\htk-project\touch-24-rf\TOUCH.h"
 238  002C              #pragma debug scope 1 1
 238  002C              public _remove_remote
 238  002C              #pragma debug scope 10 1
 242  002C              #line 242 "D:\hamed\project\htk-project\touch-24-rf\TOUCH.h"
 242  0000              _remove_remote .section 'code'
 242  0000              _remove_remote proc
 242  0000  00              local _remove_remote_2 db 1 dup(?)	; 0,1
 246  0001              #line 246 "D:\hamed\project\htk-project\touch-24-rf\TOUCH.h"
 246  0000  2000     R  	call _find_remote_index
 246  0001  0080     E  	mov ra,a
 248  0002              #line 248 "D:\hamed\project\htk-project\touch-24-rf\TOUCH.h"
 248  0002  3C00     E  	sz ra.7
 248  0003  2800     R  	jmp _L35
 250  0004              #line 250 "D:\hamed\project\htk-project\touch-24-rf\TOUCH.h"
 250  0004  0700     E  	mov a,ra
 250  0005  0300     E  	add a,ra
 250  0006  0080     E  	mov rb,a
 250  0007  0700     E  	mov a,rb
 250  0008  0300     E  	add a,ra
 250  0009  0080     R  	mov _remove_remote_2[0],a
 252  000A              #line 252 "D:\hamed\project\htk-project\touch-24-rf\TOUCH.h"
 252  000A  1400     R  	inca _remove_remote_2[0]
 252  000B  0080     R  	mov _eeprom_write_2[0],a
 252  000C  0FFF        	mov a,255
 252  000D  2000     R  	call _eeprom_write
 253  000E              #line 253 "D:\hamed\project\htk-project\touch-24-rf\TOUCH.h"
 253  000E  0700     R  	mov a,_remove_remote_2[0]
 253  000F  0B02        	add a,2
 253  0010  0080     R  	mov _eeprom_write_2[0],a
 253  0011  0FFF        	mov a,255
 253  0012  2000     R  	call _eeprom_write
 254  0013              #line 254 "D:\hamed\project\htk-project\touch-24-rf\TOUCH.h"
 254  0013  0700     R  	mov a,_remove_remote_2[0]
 254  0014  0B03        	add a,3
 254  0015  0080     R  	mov _eeprom_write_2[0],a
 254  0016  0FFF        	mov a,255
 254  0017  2000     R  	call _eeprom_write
 256  0018              #line 256 "D:\hamed\project\htk-project\touch-24-rf\TOUCH.h"
 256  0018  3294        	set [20].5
 257  0019              #line 257 "D:\hamed\project\htk-project\touch-24-rf\TOUCH.h"
 257  0019  0FC8        	mov a,-56
 257  001A  0080     R  	mov _delay_ms_2[0],a
 257  001B  1F00     R  	clr _delay_ms_2[1]
 257  001C  1F00     R  	clr _delay_ms_2[2]
 257  001D  1F00     R  	clr _delay_ms_2[3]
 257  001E  2000     R  	call _delay_ms
 258  001F              #line 258 "D:\hamed\project\htk-project\touch-24-rf\TOUCH.h"
"File: TOUCH.h       Assembler  Version HGASM0202      Page 11

 258  001F  3694        	clr [20].5
 258  0020              _L35:
 258  0020  0003        	ret
 258  0021              _remove_remote endp
 258  0021              #line 258 "D:\hamed\project\htk-project\touch-24-rf\TOUCH.h"
 258  0021              #pragma debug scope 1 1
 258  0021              public _format_memory
 258  0021              #pragma debug scope 11 1
 263  0021              #line 263 "D:\hamed\project\htk-project\touch-24-rf\TOUCH.h"
 263  0000              _format_memory .section 'code'
 263  0000              _format_memory proc
 265  0000              #line 265 "D:\hamed\project\htk-project\touch-24-rf\TOUCH.h"
 265  0000  1F00     R  	clr _remote_count[0]
 266  0001              #line 266 "D:\hamed\project\htk-project\touch-24-rf\TOUCH.h"
 266  0001  1F00     R  	clr _eeprom_write_2[0]
 266  0002  0F00        	mov a,0
 266  0003  2000     R  	call _eeprom_write
 266  0004  0003        	ret
 266  0005              _format_memory endp
 266  0005              #line 266 "D:\hamed\project\htk-project\touch-24-rf\TOUCH.h"
 266  0005              #pragma debug scope 1 1
 266  0005              ___tmrc equ [29]
 266  0005              public _check_remote
 266  0005              #pragma debug scope 12 1
 274  0005              #line 274 "D:\hamed\project\htk-project\touch-24-rf\TOUCH.h"
 274  0000              _check_remote .section 'code'
 274  0000              _check_remote proc
 274  0000  00              local _check_remote_2 db 1 dup(?)	; 0,1
 277  0001              #line 277 "D:\hamed\project\htk-project\touch-24-rf\TOUCH.h"
 277  0000  1F00     R  	clr _i[0]
 277  0001              _L39:
 277  0001              #line 277 "D:\hamed\project\htk-project\touch-24-rf\TOUCH.h"
 277  0001  0F27        	mov a,39
 277  0002  0200     R  	sub a,_i[0]
 277  0003  380A        	snz c
 277  0004  2800     R  	jmp _L44
 278  0005              #line 278 "D:\hamed\project\htk-project\touch-24-rf\TOUCH.h"
 278  0005  0700     R  	mov a,_i[0]
 278  0006  0080     E  	mov ra,a
 278  0007  0700     E  	mov a,ra
 278  0008  0300     E  	add a,ra
 278  0009  0080     E  	mov rb,a
 278  000A  0700     E  	mov a,rb
 278  000B  0300     E  	add a,ra
 278  000C  0080     R  	mov _check_remote_2[0],a
 278  000D  1400     R  	inca _check_remote_2[0]
 278  000E  0080     E  	mov ra,a
 281  000F              #line 281 "D:\hamed\project\htk-project\touch-24-rf\TOUCH.h"
 281  000F  0700     E  	mov a,ra
 281  0010  2000     R  	call _eeprom_read
 281  0011  0080     E  	mov ra,a
 281  0012  0700     E  	mov a,ra
 281  0013  0200     R  	sub a,_DataM[0]
 281  0014  390A        	snz z
 281  0015  2800     R  	jmp _L43
 282  0016              #line 282 "D:\hamed\project\htk-project\touch-24-rf\TOUCH.h"
 282  0016  0700     R  	mov a,_check_remote_2[0]
 282  0017  0B02        	add a,2
 282  0018  0080     E  	mov ra,a
 282  0019  0700     E  	mov a,ra
"File: TOUCH.h       Assembler  Version HGASM0202      Page 12

 282  001A  2000     R  	call _eeprom_read
 282  001B  0080     E  	mov ra,a
 282  001C  0700     E  	mov a,ra
 282  001D  0200     R  	sub a,_DataM[1]
 282  001E  390A        	snz z
 282  001F  2800     R  	jmp _L43
 283  0020              #line 283 "D:\hamed\project\htk-project\touch-24-rf\TOUCH.h"
 283  0020  0700     R  	mov a,_check_remote_2[0]
 283  0021  0B03        	add a,3
 283  0022  0080     E  	mov ra,a
 283  0023  0700     E  	mov a,ra
 283  0024  2000     R  	call _eeprom_read
 283  0025  0080     E  	mov ra,a
 283  0026  0700     E  	mov a,ra
 283  0027  0200     R  	sub a,_DataM[2]
 283  0028  390A        	snz z
 283  0029  2800     R  	jmp _L43
 285  002A              #line 285 "D:\hamed\project\htk-project\touch-24-rf\TOUCH.h"
 285  002A  3494        	clr [20].1
 286  002B              #line 286 "D:\hamed\project\htk-project\touch-24-rf\TOUCH.h"
 286  002B  361D        	clr [29].4
 288  002C              #line 288 "D:\hamed\project\htk-project\touch-24-rf\TOUCH.h"
 288  002C  3294        	set [20].5
 289  002D              #line 289 "D:\hamed\project\htk-project\touch-24-rf\TOUCH.h"
 289  002D  0F64        	mov a,100
 289  002E  0080     R  	mov _delay_ms_2[0],a
 289  002F  1F00     R  	clr _delay_ms_2[1]
 289  0030  1F00     R  	clr _delay_ms_2[2]
 289  0031  1F00     R  	clr _delay_ms_2[3]
 289  0032  2000     R  	call _delay_ms
 290  0033              #line 290 "D:\hamed\project\htk-project\touch-24-rf\TOUCH.h"
 290  0033  3694        	clr [20].5
 292  0034              #line 292 "D:\hamed\project\htk-project\touch-24-rf\TOUCH.h"
 292  0034  0FBC        	mov a,-68
 292  0035  0080     R  	mov _delay_ms_2[0],a
 292  0036  0F02        	mov a,2
 292  0037  0080     R  	mov _delay_ms_2[1],a
 292  0038  1F00     R  	clr _delay_ms_2[2]
 292  0039  1F00     R  	clr _delay_ms_2[3]
 292  003A  2000     R  	call _delay_ms
 293  003B              #line 293 "D:\hamed\project\htk-project\touch-24-rf\TOUCH.h"
 293  003B  3094        	set [20].1
 294  003C              #line 294 "D:\hamed\project\htk-project\touch-24-rf\TOUCH.h"
 294  003C  321D        	set [29].4
 297  003D              #line 297 "D:\hamed\project\htk-project\touch-24-rf\TOUCH.h"
 297  003D  2800     R  	jmp _L38
 297  003E              _L43:
 277  003E              #line 277 "D:\hamed\project\htk-project\touch-24-rf\TOUCH.h"
 277  003E  1480     R  	inc _i[0]
 277  003F  2800     R  	jmp _L39
 277  0040              _L44:
 303  0040              #line 303 "D:\hamed\project\htk-project\touch-24-rf\TOUCH.h"
 303  0040  3400     R  	clr _Lock
 303  0041              _L38:
 303  0041  0003        	ret
 303  0042              _check_remote endp
 303  0042              #line 303 "D:\hamed\project\htk-project\touch-24-rf\TOUCH.h"
 303  0042              #pragma debug scope 1 1
 303  0042              public _learn_remote
 303  0042              #pragma debug scope 13 1
"File: TOUCH.h       Assembler  Version HGASM0202      Page 13

 308  0042              #line 308 "D:\hamed\project\htk-project\touch-24-rf\TOUCH.h"
 308  0000              _learn_remote .section 'code'
 308  0000              _learn_remote proc
 308  0000  00              local _learn_remote_2 db 1 dup(?)	; 0,1
 312  0001              #line 312 "D:\hamed\project\htk-project\touch-24-rf\TOUCH.h"
 312  0000  2000     R  	call _find_remote_index
 312  0001  0080     E  	mov ra,a
 314  0002              #line 314 "D:\hamed\project\htk-project\touch-24-rf\TOUCH.h"
 314  0002  3C00     E  	sz ra.7
 314  0003  2800     R  	jmp _L46
 316  0004              #line 316 "D:\hamed\project\htk-project\touch-24-rf\TOUCH.h"
 316  0004  3294        	set [20].5
 316  0005  0F28        	mov a,40
 316  0006  0080     R  	mov _delay_ms_2[0],a
 316  0007  1F00     R  	clr _delay_ms_2[1]
 316  0008  1F00     R  	clr _delay_ms_2[2]
 316  0009  1F00     R  	clr _delay_ms_2[3]
 316  000A  2000     R  	call _delay_ms
 316  000B  3694        	clr [20].5
 317  000C              #line 317 "D:\hamed\project\htk-project\touch-24-rf\TOUCH.h"
 317  000C  0F28        	mov a,40
 317  000D  0080     R  	mov _delay_ms_2[0],a
 317  000E  1F00     R  	clr _delay_ms_2[1]
 317  000F  1F00     R  	clr _delay_ms_2[2]
 317  0010  1F00     R  	clr _delay_ms_2[3]
 317  0011  2000     R  	call _delay_ms
 317  0012  2800     R  	jmp _L48
 317  0013              _L46:
 324  0013              #line 324 "D:\hamed\project\htk-project\touch-24-rf\TOUCH.h"
 324  0013  2000     R  	call _find_empty_slot
 324  0014  0080     E  	mov ra,a
 326  0015              #line 326 "D:\hamed\project\htk-project\touch-24-rf\TOUCH.h"
 326  0015  3C00     E  	sz ra.7
 326  0016  2800     R  	jmp _L45
 328  0017              #line 328 "D:\hamed\project\htk-project\touch-24-rf\TOUCH.h"
 328  0017  0700     E  	mov a,ra
 328  0018  0300     E  	add a,ra
 328  0019  0080     E  	mov rb,a
 328  001A  0700     E  	mov a,rb
 328  001B  0300     E  	add a,ra
 328  001C  0080     R  	mov _learn_remote_2[0],a
 330  001D              #line 330 "D:\hamed\project\htk-project\touch-24-rf\TOUCH.h"
 330  001D  0700     R  	mov a,_DataM[0]
 330  001E  0080     E  	mov ra,a
 330  001F  1400     R  	inca _learn_remote_2[0]
 330  0020  0080     R  	mov _eeprom_write_2[0],a
 330  0021  0700     E  	mov a,ra
 330  0022  2000     R  	call _eeprom_write
 331  0023              #line 331 "D:\hamed\project\htk-project\touch-24-rf\TOUCH.h"
 331  0023  0700     R  	mov a,_DataM[1]
 331  0024  0080     E  	mov ra,a
 331  0025  0700     R  	mov a,_learn_remote_2[0]
 331  0026  0B02        	add a,2
 331  0027  0080     R  	mov _eeprom_write_2[0],a
 331  0028  0700     E  	mov a,ra
 331  0029  2000     R  	call _eeprom_write
 332  002A              #line 332 "D:\hamed\project\htk-project\touch-24-rf\TOUCH.h"
 332  002A  0700     R  	mov a,_DataM[2]
 332  002B  0080     E  	mov ra,a
 332  002C  0700     R  	mov a,_learn_remote_2[0]
"File: TOUCH.h       Assembler  Version HGASM0202      Page 14

 332  002D  0B03        	add a,3
 332  002E  0080     R  	mov _eeprom_write_2[0],a
 332  002F  0700     E  	mov a,ra
 332  0030  2000     R  	call _eeprom_write
 332  0031              _L48:
 334  0031              #line 334 "D:\hamed\project\htk-project\touch-24-rf\TOUCH.h"
 334  0031  3294        	set [20].5
 334  0032  0F28        	mov a,40
 334  0033  0080     R  	mov _delay_ms_2[0],a
 334  0034  1F00     R  	clr _delay_ms_2[1]
 334  0035  1F00     R  	clr _delay_ms_2[2]
 334  0036  1F00     R  	clr _delay_ms_2[3]
 334  0037  2000     R  	call _delay_ms
 334  0038  3694        	clr [20].5
 335  0039              #line 335 "D:\hamed\project\htk-project\touch-24-rf\TOUCH.h"
 335  0039  0F28        	mov a,40
 335  003A  0080     R  	mov _delay_ms_2[0],a
 335  003B  1F00     R  	clr _delay_ms_2[1]
 335  003C  1F00     R  	clr _delay_ms_2[2]
 335  003D  1F00     R  	clr _delay_ms_2[3]
 335  003E  2000     R  	call _delay_ms
 336  003F              #line 336 "D:\hamed\project\htk-project\touch-24-rf\TOUCH.h"
 336  003F  3294        	set [20].5
 336  0040  0F28        	mov a,40
 336  0041  0080     R  	mov _delay_ms_2[0],a
 336  0042  1F00     R  	clr _delay_ms_2[1]
 336  0043  1F00     R  	clr _delay_ms_2[2]
 336  0044  1F00     R  	clr _delay_ms_2[3]
 336  0045  2000     R  	call _delay_ms
 336  0046  3694        	clr [20].5
 336  0047              _L45:
 336  0047  0003        	ret
 336  0048              _learn_remote endp
 336  0048              #line 336 "D:\hamed\project\htk-project\touch-24-rf\TOUCH.h"
 336  0048              #pragma debug scope 1 1
 336  0048              ___tktmr equ [67]
 336  0048              ___tkc0 equ [68]
 336  0048              ___tkc1 equ [71]
 336  0048              ___tkm0c1 equ [77]
 336  0048              ___tkm0rol equ [74]
 336  0048              ___tkm0roh equ [75]
 336  0048              ___tkm0c0 equ [76]
 336  0048              public _TuochKeyInit
 336  0048              #pragma debug scope 14 1
 344  0048              #line 344 "D:\hamed\project\htk-project\touch-24-rf\TOUCH.h"
 344  0000              _TuochKeyInit .section 'code'
 344  0000              _TuochKeyInit proc
 346  0000              #line 346 "D:\hamed\project\htk-project\touch-24-rf\TOUCH.h"
 346  0000  350E        	clr [14].2
 347  0001              #line 347 "D:\hamed\project\htk-project\touch-24-rf\TOUCH.h"
 347  0001  368E        	clr [14].5
 348  0002              #line 348 "D:\hamed\project\htk-project\touch-24-rf\TOUCH.h"
 348  0002  1F43        	clr [67]
 349  0003              #line 349 "D:\hamed\project\htk-project\touch-24-rf\TOUCH.h"
 349  0003  34C4        	clr [68].1
 349  0004  3444        	clr [68].0
 350  0005              #line 350 "D:\hamed\project\htk-project\touch-24-rf\TOUCH.h"
 350  0005  30C7        	set [71].1
 350  0006  3047        	set [71].0
 353  0007              #line 353 "D:\hamed\project\htk-project\touch-24-rf\TOUCH.h"
"File: TOUCH.h       Assembler  Version HGASM0202      Page 15

 353  0007  31CD        	set [77].3
 353  0008  354D        	clr [77].2
 353  0009  34CD        	clr [77].1
 353  000A  344D        	clr [77].0
 354  000B              #line 354 "D:\hamed\project\htk-project\touch-24-rf\TOUCH.h"
 354  000B  0FC8        	mov a,200
 354  000C  00CA        	mov [74],a
 354  000D  1F4B        	clr [75]
 355  000E              #line 355 "D:\hamed\project\htk-project\touch-24-rf\TOUCH.h"
 355  000E  32CC        	set [76].5
 356  000F              #line 356 "D:\hamed\project\htk-project\touch-24-rf\TOUCH.h"
 356  000F  324C        	set [76].4
 357  0010              #line 357 "D:\hamed\project\htk-project\touch-24-rf\TOUCH.h"
 357  0010  35CC        	clr [76].3
 358  0011              #line 358 "D:\hamed\project\htk-project\touch-24-rf\TOUCH.h"
 358  0011  314C        	set [76].2
 358  0012  30CC        	set [76].1
 358  0013  304C        	set [76].0
 359  0014              #line 359 "D:\hamed\project\htk-project\touch-24-rf\TOUCH.h"
 359  0014  37CD        	clr [77].7
 360  0015              #line 360 "D:\hamed\project\htk-project\touch-24-rf\TOUCH.h"
 360  0015  32CD        	set [77].5
 361  0016              #line 361 "D:\hamed\project\htk-project\touch-24-rf\TOUCH.h"
 361  0016  324D        	set [77].4
 361  0017  0003        	ret
 361  0018              _TuochKeyInit endp
 361  0018              #line 361 "D:\hamed\project\htk-project\touch-24-rf\TOUCH.h"
 361  0018              #pragma debug scope 1 1
 361  0018              public _Key_Touch
 361  0018              #pragma debug scope 15 1
 365  0018              #line 365 "D:\hamed\project\htk-project\touch-24-rf\TOUCH.h"
 365  0000              _Key_Touch .section 'code'
 365  0000              _Key_Touch proc
 370  0000              #line 370 "D:\hamed\project\htk-project\touch-24-rf\TOUCH.h"
 370  0000  0FE7        	mov a,231
 370  0001  0200     R  	sub a,_fast_touch_timer[0]
 370  0002  0F03        	mov a,3
 370  0003  1200     R  	sbc a,_fast_touch_timer[1]
 370  0004  380A        	snz c
 370  0005  2800     R  	jmp _L51
 371  0006              #line 371 "D:\hamed\project\htk-project\touch-24-rf\TOUCH.h"
 371  0006  1480     R  	inc _fast_touch_timer[0]
 371  0007  3D0A        	sz z
 371  0008  1480     R  	inc _fast_touch_timer[1]
 371  0009              _L51:
 374  0009              #line 374 "D:\hamed\project\htk-project\touch-24-rf\TOUCH.h"
 374  0009  0F23        	mov a,35
 374  000A  0200     R  	sub a,_Count_C1[0]
 374  000B  0F00        	mov a,0
 374  000C  1200     R  	sbc a,_Count_C1[1]
 374  000D  0F00        	mov a,0
 374  000E  1200     R  	sbc a,_Count_C1[2]
 374  000F  0F00        	mov a,0
 374  0010  1200     R  	sbc a,_Count_C1[3]
 374  0011  3C0A        	sz c
 374  0012  2800     R  	jmp _L80
 375  0013              #line 375 "D:\hamed\project\htk-project\touch-24-rf\TOUCH.h"
 375  0013  0700     R  	mov a,_Count_C1[0]
 375  0014  0080     E  	mov rd,a
 375  0015  0700     R  	mov a,_Count_C1[1]
"File: TOUCH.h       Assembler  Version HGASM0202      Page 16

 375  0016  0080     E  	mov re,a
 375  0017  0700     R  	mov a,_Count_C1[2]
 375  0018  0080     E  	mov rf,a
 375  0019  0700     R  	mov a,_Count_C1[3]
 375  001A  0080     E  	mov rg,a
 375  001B  0FDD        	mov a,221
 375  001C  0300     E  	add a,rd
 375  001D  0080     E  	mov rb,a
 375  001E  0FFF        	mov a,255
 375  001F  1300     E  	adc a,re
 375  0020  0080     E  	mov rc,a
 375  0021  2800     R  	jmp _L52
 375  0022              _L80:
 377  0022              #line 377 "D:\hamed\project\htk-project\touch-24-rf\TOUCH.h"
 377  0022  1F00     E  	clr rb
 377  0023  1F00     E  	clr rc
 377  0024              _L52:
 379  0024              #line 379 "D:\hamed\project\htk-project\touch-24-rf\TOUCH.h"
 379  0024  0F1E        	mov a,30
 379  0025  0200     R  	sub a,_Count_C1[0]
 379  0026  0F00        	mov a,0
 379  0027  1200     R  	sbc a,_Count_C1[1]
 379  0028  0F00        	mov a,0
 379  0029  1200     R  	sbc a,_Count_C1[2]
 379  002A  0F00        	mov a,0
 379  002B  1200     R  	sbc a,_Count_C1[3]
 379  002C  3C0A        	sz c
 379  002D  2800     R  	jmp _L81
 380  002E              #line 380 "D:\hamed\project\htk-project\touch-24-rf\TOUCH.h"
 380  002E  0700     R  	mov a,_Count_C1[0]
 380  002F  0080     E  	mov rd,a
 380  0030  0700     R  	mov a,_Count_C1[1]
 380  0031  0080     E  	mov re,a
 380  0032  0700     R  	mov a,_Count_C1[2]
 380  0033  0080     E  	mov rf,a
 380  0034  0700     R  	mov a,_Count_C1[3]
 380  0035  0080     E  	mov rg,a
 380  0036  0FE2        	mov a,226
 380  0037  0380     E  	addm a,rd
 380  0038  0FFF        	mov a,255
 380  0039  1380     E  	adcm a,re
 380  003A  2800     R  	jmp _L53
 380  003B              _L81:
 382  003B              #line 382 "D:\hamed\project\htk-project\touch-24-rf\TOUCH.h"
 382  003B  1F00     E  	clr rd
 382  003C  1F00     E  	clr re
 382  003D              _L53:
 386  003D              #line 386 "D:\hamed\project\htk-project\touch-24-rf\TOUCH.h"
 386  003D  0700     E  	mov a,rb
 386  003E  0200     R  	sub a,_Count_S1[0]
 386  003F  0700     E  	mov a,rc
 386  0040  1200     R  	sbc a,_Count_S1[1]
 386  0041  380A        	snz c
 386  0042  2800     R  	jmp _L54
 388  0043              #line 388 "D:\hamed\project\htk-project\touch-24-rf\TOUCH.h"
 388  0043  1F00     R  	clr _TouchOffCnt[0]
 390  0044              #line 390 "D:\hamed\project\htk-project\touch-24-rf\TOUCH.h"
 390  0044  0F01        	mov a,1
 390  0045  0200     R  	sub a,_TouchOnCnt[0]
 390  0046  380A        	snz c
"File: TOUCH.h       Assembler  Version HGASM0202      Page 17

 390  0047  2800     R  	jmp _L55
 391  0048              #line 391 "D:\hamed\project\htk-project\touch-24-rf\TOUCH.h"
 391  0048  1480     R  	inc _TouchOnCnt[0]
 391  0049              _L55:
 393  0049              #line 393 "D:\hamed\project\htk-project\touch-24-rf\TOUCH.h"
 393  0049  0F01        	mov a,1
 393  004A  0200     R  	sub a,_TouchOnCnt[0]
 393  004B  3C0A        	sz c
 393  004C  2800     R  	jmp _L57
 394  004D              #line 394 "D:\hamed\project\htk-project\touch-24-rf\TOUCH.h"
 394  004D  3000     R  	set _TouchState
 394  004E  2800     R  	jmp _L57
 394  004F              _L54:
 398  004F              #line 398 "D:\hamed\project\htk-project\touch-24-rf\TOUCH.h"
 398  004F  0700     R  	mov a,_Count_S1[0]
 398  0050  0200     E  	sub a,rd
 398  0051  0700     R  	mov a,_Count_S1[1]
 398  0052  1200     E  	sbc a,re
 398  0053  380A        	snz c
 398  0054  2800     R  	jmp _L58
 400  0055              #line 400 "D:\hamed\project\htk-project\touch-24-rf\TOUCH.h"
 400  0055  1F00     R  	clr _TouchOnCnt[0]
 402  0056              #line 402 "D:\hamed\project\htk-project\touch-24-rf\TOUCH.h"
 402  0056  0F01        	mov a,1
 402  0057  0200     R  	sub a,_TouchOffCnt[0]
 402  0058  380A        	snz c
 402  0059  2800     R  	jmp _L59
 403  005A              #line 403 "D:\hamed\project\htk-project\touch-24-rf\TOUCH.h"
 403  005A  1480     R  	inc _TouchOffCnt[0]
 403  005B              _L59:
 405  005B              #line 405 "D:\hamed\project\htk-project\touch-24-rf\TOUCH.h"
 405  005B  0F01        	mov a,1
 405  005C  0200     R  	sub a,_TouchOffCnt[0]
 405  005D  3C0A        	sz c
 405  005E  2800     R  	jmp _L57
 407  005F              #line 407 "D:\hamed\project\htk-project\touch-24-rf\TOUCH.h"
 407  005F  3400     R  	clr _TouchState
 408  0060              #line 408 "D:\hamed\project\htk-project\touch-24-rf\TOUCH.h"
 408  0060  1F00     R  	clr _Count_T1[0]
 408  0061  1F00     R  	clr _Count_T1[1]
 409  0062              #line 409 "D:\hamed\project\htk-project\touch-24-rf\TOUCH.h"
 409  0062  3400     R  	clr _TouchReCalRequest
 410  0063              #line 410 "D:\hamed\project\htk-project\touch-24-rf\TOUCH.h"
 410  0063  3094        	set [20].1
 411  0064              #line 411 "D:\hamed\project\htk-project\touch-24-rf\TOUCH.h"
 411  0064  3400     R  	clr _bizer
 411  0065  2800     R  	jmp _L57
 411  0066              _L58:
 418  0066              #line 418 "D:\hamed\project\htk-project\touch-24-rf\TOUCH.h"
 418  0066  1F00     R  	clr _TouchOnCnt[0]
 419  0067              #line 419 "D:\hamed\project\htk-project\touch-24-rf\TOUCH.h"
 419  0067  1F00     R  	clr _TouchOffCnt[0]
 419  0068              _L57:
 427  0068              #line 427 "D:\hamed\project\htk-project\touch-24-rf\TOUCH.h"
 427  0068  3800     R  	snz _TouchState
 427  0069  2800     R  	jmp _L62
 429  006A              #line 429 "D:\hamed\project\htk-project\touch-24-rf\TOUCH.h"
 429  006A  0FB7        	mov a,183
 429  006B  0200     R  	sub a,_Count_T1[0]
 429  006C  0F0B        	mov a,11
"File: TOUCH.h       Assembler  Version HGASM0202      Page 18

 429  006D  1200     R  	sbc a,_Count_T1[1]
 429  006E  380A        	snz c
 429  006F  2800     R  	jmp _L63
 430  0070              #line 430 "D:\hamed\project\htk-project\touch-24-rf\TOUCH.h"
 430  0070  1480     R  	inc _Count_T1[0]
 430  0071  3D0A        	sz z
 430  0072  1480     R  	inc _Count_T1[1]
 430  0073              _L63:
 432  0073              #line 432 "D:\hamed\project\htk-project\touch-24-rf\TOUCH.h"
 432  0073  0FB7        	mov a,183
 432  0074  0200     R  	sub a,_Count_T1[0]
 432  0075  0F0B        	mov a,11
 432  0076  1200     R  	sbc a,_Count_T1[1]
 432  0077  3C0A        	sz c
 432  0078  2800     R  	jmp _L62
 434  0079              #line 434 "D:\hamed\project\htk-project\touch-24-rf\TOUCH.h"
 434  0079  3000     R  	set _TouchReCalRequest
 434  007A              _L62:
 439  007A              #line 439 "D:\hamed\project\htk-project\touch-24-rf\TOUCH.h"
 439  007A  0700     R  	mov a,_Count_T1[0]
 439  007B  0C46        	xor a,70
 439  007C  0500     R  	or a,_Count_T1[1]
 439  007D  390A        	snz z
 439  007E  2800     R  	jmp _L66
 441  007F              #line 441 "D:\hamed\project\htk-project\touch-24-rf\TOUCH.h"
 441  007F  3494        	clr [20].1
 444  0080              #line 444 "D:\hamed\project\htk-project\touch-24-rf\TOUCH.h"
 444  0080  3C00     R  	sz _bizer
 444  0081  2800     R  	jmp _L67
 445  0082              #line 445 "D:\hamed\project\htk-project\touch-24-rf\TOUCH.h"
 445  0082  3294        	set [20].5
 446  0083              #line 446 "D:\hamed\project\htk-project\touch-24-rf\TOUCH.h"
 446  0083  0F64        	mov a,100
 446  0084  0080     R  	mov _delay_ms_2[0],a
 446  0085  1F00     R  	clr _delay_ms_2[1]
 446  0086  1F00     R  	clr _delay_ms_2[2]
 446  0087  1F00     R  	clr _delay_ms_2[3]
 446  0088  2000     R  	call _delay_ms
 447  0089              #line 447 "D:\hamed\project\htk-project\touch-24-rf\TOUCH.h"
 447  0089  3694        	clr [20].5
 448  008A              #line 448 "D:\hamed\project\htk-project\touch-24-rf\TOUCH.h"
 448  008A  3000     R  	set _bizer
 448  008B              _L67:
 451  008B              #line 451 "D:\hamed\project\htk-project\touch-24-rf\TOUCH.h"
 451  008B  0F64        	mov a,100
 451  008C  0080     R  	mov _Piezo_Beep_2[0],a
 451  008D  1F00     R  	clr _Piezo_Beep_2[1]
 451  008E  2000     R  	call _Piezo_Beep
 454  008F              #line 454 "D:\hamed\project\htk-project\touch-24-rf\TOUCH.h"
 454  008F  1080     R  	sz _RF_Mode[0]
 454  0090  2800     R  	jmp _LI1
 454  0091  2800     R  	jmp _L66
 454  0092              _LI1:
 455  0092              #line 455 "D:\hamed\project\htk-project\touch-24-rf\TOUCH.h"
 455  0092  1480     R  	inc _fast_touch_count[0]
 457  0093              #line 457 "D:\hamed\project\htk-project\touch-24-rf\TOUCH.h"
 457  0093  0FF3        	mov a,243
 457  0094  0200     R  	sub a,_fast_touch_timer[0]
 457  0095  0F01        	mov a,1
 457  0096  1200     R  	sbc a,_fast_touch_timer[1]
"File: TOUCH.h       Assembler  Version HGASM0202      Page 19

 457  0097  380A        	snz c
 457  0098  2800     R  	jmp _L69
 459  0099              #line 459 "D:\hamed\project\htk-project\touch-24-rf\TOUCH.h"
 459  0099  0F03        	mov a,3
 459  009A  0200     R  	sub a,_fast_touch_count[0]
 459  009B  3C0A        	sz c
 459  009C  2800     R  	jmp _L70
 461  009D              #line 461 "D:\hamed\project\htk-project\touch-24-rf\TOUCH.h"
 461  009D  2000     R  	call _format_memory
 463  009E              #line 463 "D:\hamed\project\htk-project\touch-24-rf\TOUCH.h"
 463  009E  3294        	set [20].5
 464  009F              #line 464 "D:\hamed\project\htk-project\touch-24-rf\TOUCH.h"
 464  009F  0F58        	mov a,88
 464  00A0  0080     R  	mov _delay_ms_2[0],a
 464  00A1  0F02        	mov a,2
 464  00A2  0080     R  	mov _delay_ms_2[1],a
 464  00A3  1F00     R  	clr _delay_ms_2[2]
 464  00A4  1F00     R  	clr _delay_ms_2[3]
 464  00A5  2000     R  	call _delay_ms
 465  00A6              #line 465 "D:\hamed\project\htk-project\touch-24-rf\TOUCH.h"
 465  00A6  3694        	clr [20].5
 467  00A7              #line 467 "D:\hamed\project\htk-project\touch-24-rf\TOUCH.h"
 467  00A7  3400     R  	clr _LearnRF
 468  00A8              #line 468 "D:\hamed\project\htk-project\touch-24-rf\TOUCH.h"
 468  00A8  1F00     R  	clr _RF_Mode[0]
 469  00A9              #line 469 "D:\hamed\project\htk-project\touch-24-rf\TOUCH.h"
 469  00A9  1F00     R  	clr _fast_touch_count[0]
 469  00AA  2800     R  	jmp _L70
 469  00AB              _L69:
 474  00AB              #line 474 "D:\hamed\project\htk-project\touch-24-rf\TOUCH.h"
 474  00AB  0F01        	mov a,1
 474  00AC  0080     R  	mov _fast_touch_count[0],a
 474  00AD              _L70:
 477  00AD              #line 477 "D:\hamed\project\htk-project\touch-24-rf\TOUCH.h"
 477  00AD  1F00     R  	clr _fast_touch_timer[0]
 477  00AE  1F00     R  	clr _fast_touch_timer[1]
 477  00AF              _L66:
 485  00AF              #line 485 "D:\hamed\project\htk-project\touch-24-rf\TOUCH.h"
 485  00AF  0700     R  	mov a,_Count_T1[0]
 485  00B0  0CE8        	xor a,232
 485  00B1  0700     R  	mov a,_Count_T1[1]
 485  00B2  3D0A        	sz z
 485  00B3  0C03        	xor a,3
 485  00B4  390A        	snz z
 485  00B5  2800     R  	jmp _L71
 487  00B6              #line 487 "D:\hamed\project\htk-project\touch-24-rf\TOUCH.h"
 487  00B6  1480     R  	inc _Count_T1[0]
 487  00B7  3D0A        	sz z
 487  00B8  1480     R  	inc _Count_T1[1]
 489  00B9              #line 489 "D:\hamed\project\htk-project\touch-24-rf\TOUCH.h"
 489  00B9  1080     R  	sz _RF_Mode[0]
 489  00BA  2800     R  	jmp _LI2
 489  00BB  2800     R  	jmp _L74
 489  00BC              _LI2:
 507  00BC              #line 507 "D:\hamed\project\htk-project\touch-24-rf\TOUCH.h"
 507  00BC  1700     R  	sdza _RF_Mode[0]
 507  00BD  2800     R  	jmp _L74
 509  00BE              #line 509 "D:\hamed\project\htk-project\touch-24-rf\TOUCH.h"
 509  00BE  0F02        	mov a,2
 509  00BF  0080     R  	mov _RF_Mode[0],a
"File: TOUCH.h       Assembler  Version HGASM0202      Page 20

 511  00C0              #line 511 "D:\hamed\project\htk-project\touch-24-rf\TOUCH.h"
 511  00C0  3294        	set [20].5
 512  00C1              #line 512 "D:\hamed\project\htk-project\touch-24-rf\TOUCH.h"
 512  00C1  0F28        	mov a,40
 512  00C2  0080     R  	mov _delay_ms_2[0],a
 512  00C3  1F00     R  	clr _delay_ms_2[1]
 512  00C4  1F00     R  	clr _delay_ms_2[2]
 512  00C5  1F00     R  	clr _delay_ms_2[3]
 512  00C6  2000     R  	call _delay_ms
 513  00C7              #line 513 "D:\hamed\project\htk-project\touch-24-rf\TOUCH.h"
 513  00C7  3694        	clr [20].5
 514  00C8              #line 514 "D:\hamed\project\htk-project\touch-24-rf\TOUCH.h"
 514  00C8  0F28        	mov a,40
 514  00C9  0080     R  	mov _delay_ms_2[0],a
 514  00CA  1F00     R  	clr _delay_ms_2[1]
 514  00CB  1F00     R  	clr _delay_ms_2[2]
 514  00CC  1F00     R  	clr _delay_ms_2[3]
 514  00CD  2000     R  	call _delay_ms
 515  00CE              #line 515 "D:\hamed\project\htk-project\touch-24-rf\TOUCH.h"
 515  00CE  3294        	set [20].5
 516  00CF              #line 516 "D:\hamed\project\htk-project\touch-24-rf\TOUCH.h"
 516  00CF  0F28        	mov a,40
 516  00D0  0080     R  	mov _delay_ms_2[0],a
 516  00D1  1F00     R  	clr _delay_ms_2[1]
 516  00D2  1F00     R  	clr _delay_ms_2[2]
 516  00D3  1F00     R  	clr _delay_ms_2[3]
 516  00D4  2000     R  	call _delay_ms
 517  00D5              #line 517 "D:\hamed\project\htk-project\touch-24-rf\TOUCH.h"
 517  00D5  3694        	clr [20].5
 518  00D6              #line 518 "D:\hamed\project\htk-project\touch-24-rf\TOUCH.h"
 518  00D6  0F28        	mov a,40
 518  00D7  0080     R  	mov _delay_ms_2[0],a
 518  00D8  1F00     R  	clr _delay_ms_2[1]
 518  00D9  1F00     R  	clr _delay_ms_2[2]
 518  00DA  1F00     R  	clr _delay_ms_2[3]
 518  00DB  2000     R  	call _delay_ms
 519  00DC              #line 519 "D:\hamed\project\htk-project\touch-24-rf\TOUCH.h"
 519  00DC  3294        	set [20].5
 520  00DD              #line 520 "D:\hamed\project\htk-project\touch-24-rf\TOUCH.h"
 520  00DD  0FC8        	mov a,-56
 520  00DE  0080     R  	mov _delay_ms_2[0],a
 520  00DF  1F00     R  	clr _delay_ms_2[1]
 520  00E0  1F00     R  	clr _delay_ms_2[2]
 520  00E1  1F00     R  	clr _delay_ms_2[3]
 520  00E2  2000     R  	call _delay_ms
 521  00E3              #line 521 "D:\hamed\project\htk-project\touch-24-rf\TOUCH.h"
 521  00E3  3694        	clr [20].5
 521  00E4  2800     R  	jmp _L73
 521  00E5              _L74:
 525  00E5              #line 525 "D:\hamed\project\htk-project\touch-24-rf\TOUCH.h"
 525  00E5  0F01        	mov a,1
 525  00E6  0080     R  	mov _RF_Mode[0],a
 527  00E7              #line 527 "D:\hamed\project\htk-project\touch-24-rf\TOUCH.h"
 527  00E7  3294        	set [20].5
 528  00E8              #line 528 "D:\hamed\project\htk-project\touch-24-rf\TOUCH.h"
 528  00E8  0FC8        	mov a,-56
 528  00E9  0080     R  	mov _delay_ms_2[0],a
 528  00EA  1F00     R  	clr _delay_ms_2[1]
 528  00EB  1F00     R  	clr _delay_ms_2[2]
 528  00EC  1F00     R  	clr _delay_ms_2[3]
"File: TOUCH.h       Assembler  Version HGASM0202      Page 21

 528  00ED  2000     R  	call _delay_ms
 529  00EE              #line 529 "D:\hamed\project\htk-project\touch-24-rf\TOUCH.h"
 529  00EE  3694        	clr [20].5
 530  00EF              #line 530 "D:\hamed\project\htk-project\touch-24-rf\TOUCH.h"
 530  00EF  0F28        	mov a,40
 530  00F0  0080     R  	mov _delay_ms_2[0],a
 530  00F1  1F00     R  	clr _delay_ms_2[1]
 530  00F2  1F00     R  	clr _delay_ms_2[2]
 530  00F3  1F00     R  	clr _delay_ms_2[3]
 530  00F4  2000     R  	call _delay_ms
 531  00F5              #line 531 "D:\hamed\project\htk-project\touch-24-rf\TOUCH.h"
 531  00F5  3294        	set [20].5
 532  00F6              #line 532 "D:\hamed\project\htk-project\touch-24-rf\TOUCH.h"
 532  00F6  0F28        	mov a,40
 532  00F7  0080     R  	mov _delay_ms_2[0],a
 532  00F8  1F00     R  	clr _delay_ms_2[1]
 532  00F9  1F00     R  	clr _delay_ms_2[2]
 532  00FA  1F00     R  	clr _delay_ms_2[3]
 532  00FB  2000     R  	call _delay_ms
 533  00FC              #line 533 "D:\hamed\project\htk-project\touch-24-rf\TOUCH.h"
 533  00FC  3694        	clr [20].5
 534  00FD              #line 534 "D:\hamed\project\htk-project\touch-24-rf\TOUCH.h"
 534  00FD  0F28        	mov a,40
 534  00FE  0080     R  	mov _delay_ms_2[0],a
 534  00FF  1F00     R  	clr _delay_ms_2[1]
 534  0100  1F00     R  	clr _delay_ms_2[2]
 534  0101  1F00     R  	clr _delay_ms_2[3]
 534  0102  2000     R  	call _delay_ms
 535  0103              #line 535 "D:\hamed\project\htk-project\touch-24-rf\TOUCH.h"
 535  0103  3294        	set [20].5
 536  0104              #line 536 "D:\hamed\project\htk-project\touch-24-rf\TOUCH.h"
 536  0104  0F28        	mov a,40
 536  0105  0080     R  	mov _delay_ms_2[0],a
 536  0106  1F00     R  	clr _delay_ms_2[1]
 536  0107  1F00     R  	clr _delay_ms_2[2]
 536  0108  1F00     R  	clr _delay_ms_2[3]
 536  0109  2000     R  	call _delay_ms
 537  010A              #line 537 "D:\hamed\project\htk-project\touch-24-rf\TOUCH.h"
 537  010A  3694        	clr [20].5
 539  010B              #line 539 "D:\hamed\project\htk-project\touch-24-rf\TOUCH.h"
 539  010B  3000     R  	set _LearnRF
 539  010C              _L73:
 542  010C              #line 542 "D:\hamed\project\htk-project\touch-24-rf\TOUCH.h"
 542  010C  1F00     R  	clr _learn_timeout[0]
 542  010D  1F00     R  	clr _learn_timeout[1]
 542  010E  1F00     R  	clr _learn_timeout[2]
 542  010F  1F00     R  	clr _learn_timeout[3]
 542  0110              _L71:
 545  0110              #line 545 "D:\hamed\project\htk-project\touch-24-rf\TOUCH.h"
 545  0110  1080     R  	sz _RF_Mode[0]
 545  0111  2800     R  	jmp _LI3
 545  0112  2800     R  	jmp _L75
 545  0113              _LI3:
 545  0113  0F9F        	mov a,159
 545  0114  0200     R  	sub a,_learn_timeout[0]
 545  0115  0F86        	mov a,134
 545  0116  1200     R  	sbc a,_learn_timeout[1]
 545  0117  0F01        	mov a,1
 545  0118  1200     R  	sbc a,_learn_timeout[2]
 545  0119  0F00        	mov a,0
"File: TOUCH.h       Assembler  Version HGASM0202      Page 22

 545  011A  1200     R  	sbc a,_learn_timeout[3]
 545  011B  3C0A        	sz c
 545  011C  2800     R  	jmp _L75
 546  011D              #line 546 "D:\hamed\project\htk-project\touch-24-rf\TOUCH.h"
 546  011D  1F00     R  	clr _RF_Mode[0]
 547  011E              #line 547 "D:\hamed\project\htk-project\touch-24-rf\TOUCH.h"
 547  011E  1F00     R  	clr _Count_format[0]
 548  011F              #line 548 "D:\hamed\project\htk-project\touch-24-rf\TOUCH.h"
 548  011F  3294        	set [20].5
 549  0120              #line 549 "D:\hamed\project\htk-project\touch-24-rf\TOUCH.h"
 549  0120  0F28        	mov a,40
 549  0121  0080     R  	mov _delay_ms_2[0],a
 549  0122  1F00     R  	clr _delay_ms_2[1]
 549  0123  1F00     R  	clr _delay_ms_2[2]
 549  0124  1F00     R  	clr _delay_ms_2[3]
 549  0125  2000     R  	call _delay_ms
 550  0126              #line 550 "D:\hamed\project\htk-project\touch-24-rf\TOUCH.h"
 550  0126  3694        	clr [20].5
 550  0127              _L75:
 553  0127              #line 553 "D:\hamed\project\htk-project\touch-24-rf\TOUCH.h"
 553  0127  3800     R  	snz _Lock
 553  0128  2800     R  	jmp _L50
 555  0129              #line 555 "D:\hamed\project\htk-project\touch-24-rf\TOUCH.h"
 555  0129  1700     R  	sdza _RF_Mode[0]
 555  012A  2800     R  	jmp _L77
 557  012B              #line 557 "D:\hamed\project\htk-project\touch-24-rf\TOUCH.h"
 557  012B  2000     R  	call _learn_remote
 558  012C              #line 558 "D:\hamed\project\htk-project\touch-24-rf\TOUCH.h"
 558  012C  1F00     R  	clr _RF_Mode[0]
 559  012D              #line 559 "D:\hamed\project\htk-project\touch-24-rf\TOUCH.h"
 559  012D  3400     R  	clr _LearnRF
 559  012E  2800     R  	jmp _L78
 559  012F              _L77:
 561  012F              #line 561 "D:\hamed\project\htk-project\touch-24-rf\TOUCH.h"
 561  012F  0700     R  	mov a,_RF_Mode[0]
 561  0130  0A02        	sub a,2
 561  0131  390A        	snz z
 561  0132  2800     R  	jmp _L79
 563  0133              #line 563 "D:\hamed\project\htk-project\touch-24-rf\TOUCH.h"
 563  0133  2000     R  	call _remove_remote
 564  0134              #line 564 "D:\hamed\project\htk-project\touch-24-rf\TOUCH.h"
 564  0134  1F00     R  	clr _RF_Mode[0]
 564  0135  2800     R  	jmp _L78
 564  0136              _L79:
 568  0136              #line 568 "D:\hamed\project\htk-project\touch-24-rf\TOUCH.h"
 568  0136  2000     R  	call _check_remote
 568  0137              _L78:
 571  0137              #line 571 "D:\hamed\project\htk-project\touch-24-rf\TOUCH.h"
 571  0137  3400     R  	clr _Lock
 572  0138              #line 572 "D:\hamed\project\htk-project\touch-24-rf\TOUCH.h"
 572  0138  3400     R  	clr _Finish
 572  0139              _L50:
 572  0139  0003        	ret
 572  013A              _Key_Touch endp
 572  013A              #line 572 "D:\hamed\project\htk-project\touch-24-rf\TOUCH.h"
 572  013A              #pragma debug scope 1 1
 572  013A              ___tkm016dh equ [73]
 572  013A              ___tkm016dl equ [72]
 572  013A              public _CalibrTuoch
 572  013A              #pragma debug scope 16 1
"File: TOUCH.h       Assembler  Version HGASM0202      Page 23

 582  013A              #line 582 "D:\hamed\project\htk-project\touch-24-rf\TOUCH.h"
 582  0000              _CalibrTuoch .section 'code'
 582  0000              _CalibrTuoch proc
 582  0000  0002[           local _CalibrTuoch_2 db 2 dup(?)	; 0,2
            00
            ]
 583  0002              #line 583 "D:\hamed\project\htk-project\touch-24-rf\TOUCH.h"
 583  0000  1F00     R  	clr _Count_C1[0]
 583  0001  1F00     R  	clr _Count_C1[1]
 583  0002  1F00     R  	clr _Count_C1[2]
 583  0003  1F00     R  	clr _Count_C1[3]
 585  0004              #line 585 "D:\hamed\project\htk-project\touch-24-rf\TOUCH.h"
 585  0004  36C4        	clr [68].5
 586  0005              #line 586 "D:\hamed\project\htk-project\touch-24-rf\TOUCH.h"
 586  0005  33CC        	set [76].7
 586  0006  334C        	set [76].6
 586  0007  0FFA        	mov a,-6
 586  0008  0080     R  	mov _delay_10us_2[0],a
 586  0009  1F00     R  	clr _delay_10us_2[1]
 586  000A  1F00     R  	clr _delay_10us_2[2]
 586  000B  1F00     R  	clr _delay_10us_2[3]
 586  000C  2000     R  	call _delay_10us
 586  000D  0FFA        	mov a,-6
 586  000E  0080     R  	mov _delay_10us_2[0],a
 586  000F  1F00     R  	clr _delay_10us_2[1]
 586  0010  1F00     R  	clr _delay_10us_2[2]
 586  0011  1F00     R  	clr _delay_10us_2[3]
 586  0012  2000     R  	call _delay_10us
 587  0013              #line 587 "D:\hamed\project\htk-project\touch-24-rf\TOUCH.h"
 587  0013              ;# 587 "D:\hamed\project\htk-project\touch-24-rf\TOUCH.h" 1
 587  0013  0001        	clr wdt
 590  0014              #line 590 "D:\hamed\project\htk-project\touch-24-rf\TOUCH.h"
 590  0014  1F00     R  	clr _i[0]
 590  0015              _L89:
 590  0015              #line 590 "D:\hamed\project\htk-project\touch-24-rf\TOUCH.h"
 590  0015  0F13        	mov a,19
 590  0016  0200     R  	sub a,_i[0]
 590  0017  380A        	snz c
 590  0018  2800     R  	jmp _L93
 592  0019              #line 592 "D:\hamed\project\htk-project\touch-24-rf\TOUCH.h"
 592  0019  32CD        	set [77].5
 593  001A              #line 593 "D:\hamed\project\htk-project\touch-24-rf\TOUCH.h"
 593  001A  324D        	set [77].4
 594  001B              #line 594 "D:\hamed\project\htk-project\touch-24-rf\TOUCH.h"
 594  001B  32C4        	set [68].5
 596  001C              #line 596 "D:\hamed\project\htk-project\touch-24-rf\TOUCH.h"
 596  001C              ;# 596 "D:\hamed\project\htk-project\touch-24-rf\TOUCH.h" 1
 596  001C  0001        	clr wdt
 596  001D              _L91:
 597  001D              #line 597 "D:\hamed\project\htk-project\touch-24-rf\TOUCH.h"
 597  001D  3B44        	snz [68].6
 597  001E  2800     R  	jmp _L91
 598  001F              #line 598 "D:\hamed\project\htk-project\touch-24-rf\TOUCH.h"
 598  001F  0749        	mov a,[73]
 598  0020  0080     R  	mov _CalibrTuoch_2[1],a
 598  0021  1F00     R  	clr _CalibrTuoch_2[0]
 598  0022  0700     R  	mov a,_CalibrTuoch_2[1]
 598  0023  0080     R  	mov _Count_S1[1],a
 598  0024  0748        	mov a,[72]
 598  0025  0500     R  	or a,_CalibrTuoch_2[0]
"File: TOUCH.h       Assembler  Version HGASM0202      Page 24

 598  0026  0080     R  	mov _Count_S1[0],a
 599  0027              #line 599 "D:\hamed\project\htk-project\touch-24-rf\TOUCH.h"
 599  0027  0700     R  	mov a,_Count_S1[0]
 599  0028  0380     R  	addm a,_Count_C1[0]
 599  0029  0700     R  	mov a,_Count_S1[1]
 599  002A  1380     R  	adcm a,_Count_C1[1]
 599  002B  1F05        	clr acc
 599  002C  1380     R  	adcm a,_Count_C1[2]
 599  002D  1380     R  	adcm a,_Count_C1[3]
 600  002E              #line 600 "D:\hamed\project\htk-project\touch-24-rf\TOUCH.h"
 600  002E  3744        	clr [68].6
 601  002F              #line 601 "D:\hamed\project\htk-project\touch-24-rf\TOUCH.h"
 601  002F  36C4        	clr [68].5
 602  0030              #line 602 "D:\hamed\project\htk-project\touch-24-rf\TOUCH.h"
 602  0030              ;# 602 "D:\hamed\project\htk-project\touch-24-rf\TOUCH.h" 1
 602  0030  0001        	clr wdt
 603  0031              #line 603 "D:\hamed\project\htk-project\touch-24-rf\TOUCH.h"
 603  0031  0F05        	mov a,5
 603  0032  0080     R  	mov _delay_ms_2[0],a
 603  0033  1F00     R  	clr _delay_ms_2[1]
 603  0034  1F00     R  	clr _delay_ms_2[2]
 603  0035  1F00     R  	clr _delay_ms_2[3]
 603  0036  2000     R  	call _delay_ms
 590  0037              #line 590 "D:\hamed\project\htk-project\touch-24-rf\TOUCH.h"
 590  0037  1480     R  	inc _i[0]
 590  0038  2800     R  	jmp _L89
 590  0039              _L93:
 605  0039              #line 605 "D:\hamed\project\htk-project\touch-24-rf\TOUCH.h"
 605  0039  1F00     E  	clr _builtin_holtek_udivmodsi4_2[12]
 605  003A  0700     R  	mov a,_Count_C1[0]  
 605  003B  0080     E  	mov _builtin_holtek_udivmodsi4_2[0],a  
 605  003C  0700     R  	mov a,_Count_C1[1]  
 605  003D  0080     E  	mov _builtin_holtek_udivmodsi4_2[1],a
 605  003E  0700     R  	mov a,_Count_C1[2]  
 605  003F  0080     E  	mov _builtin_holtek_udivmodsi4_2[2],a  
 605  0040  0700     R  	mov a,_Count_C1[3]  
 605  0041  0080     E  	mov _builtin_holtek_udivmodsi4_2[3],a
 605  0042  0F14        	mov a,20  
 605  0043  0080     E  	mov _builtin_holtek_udivmodsi4_2[4],a  
 605  0044  0F00        	mov a,0  
 605  0045  0080     E  	mov _builtin_holtek_udivmodsi4_2[5],a
 605  0046  1F00     E  	clr _builtin_holtek_udivmodsi4_2[6]
 605  0047  1F00     E  	clr _builtin_holtek_udivmodsi4_2[7]
 605  0048  2000     E  	call _builtin_holtek_udivmodsi4
 605  0049  0700     E  	mov a,_builtin_holtek_udivmodsi4_2[0]  
 605  004A  0080     R  	mov _Count_C1[0],a  
 605  004B  0700     E  	mov a,_builtin_holtek_udivmodsi4_2[1]  
 605  004C  0080     R  	mov _Count_C1[1],a
 605  004D  0700     E  	mov a,_builtin_holtek_udivmodsi4_2[2]  
 605  004E  0080     R  	mov _Count_C1[2],a  
 605  004F  0700     E  	mov a,_builtin_holtek_udivmodsi4_2[3]  
 605  0050  0080     R  	mov _Count_C1[3],a
 606  0051              #line 606 "D:\hamed\project\htk-project\touch-24-rf\TOUCH.h"
 606  0051              ;# 606 "D:\hamed\project\htk-project\touch-24-rf\TOUCH.h" 1
 606  0051  0001        	clr wdt
 606  0052  0003        	ret
 606  0053              _CalibrTuoch endp
 606  0053              #line 606 "D:\hamed\project\htk-project\touch-24-rf\TOUCH.h"
 606  0053              #pragma debug scope 1 1
 606  0053              public _Key_Select
"File: TOUCH.h       Assembler  Version HGASM0202      Page 25

 606  0053              #pragma debug scope 17 1
 611  0053              #line 611 "D:\hamed\project\htk-project\touch-24-rf\TOUCH.h"
 611  0000              _Key_Select .section 'code'
 611  0000              _Key_Select proc
 612  0000              #line 612 "D:\hamed\project\htk-project\touch-24-rf\TOUCH.h"
 612  0000  32CD        	set [77].5
 613  0001              #line 613 "D:\hamed\project\htk-project\touch-24-rf\TOUCH.h"
 613  0001  324D        	set [77].4
 614  0002              #line 614 "D:\hamed\project\htk-project\touch-24-rf\TOUCH.h"
 614  0002  32C4        	set [68].5
 615  0003              #line 615 "D:\hamed\project\htk-project\touch-24-rf\TOUCH.h"
 615  0003  33CC        	set [76].7
 615  0004  334C        	set [76].6
 615  0005              _L95:
 616  0005              #line 616 "D:\hamed\project\htk-project\touch-24-rf\TOUCH.h"
 616  0005  3F44        	sz [68].6
 616  0006  2800     R  	jmp _L101
 616  0007              ;# 616 "D:\hamed\project\htk-project\touch-24-rf\TOUCH.h" 1
 616  0007  0000        	nop
 616  0008  2800     R  	jmp _L95
 616  0009              _L101:
 617  0009              #line 617 "D:\hamed\project\htk-project\touch-24-rf\TOUCH.h"
 617  0009  0749        	mov a,[73]
 617  000A  0080     E  	mov rc,a
 617  000B  1F00     E  	clr rb
 617  000C  0700     E  	mov a,rc
 617  000D  0080     R  	mov _Count_S1[1],a
 617  000E  0748        	mov a,[72]
 617  000F  0500     E  	or a,rb
 617  0010  0080     R  	mov _Count_S1[0],a
 632  0011              #line 632 "D:\hamed\project\htk-project\touch-24-rf\TOUCH.h"
 632  0011  3800     R  	snz _TouchReCalRequest
 632  0012  2800     R  	jmp _L97
 638  0013              #line 638 "D:\hamed\project\htk-project\touch-24-rf\TOUCH.h"
 638  0013  0700     R  	mov a,_Count_S1[0]
 638  0014  0080     R  	mov _Count_C1[0],a
 638  0015  0700     R  	mov a,_Count_S1[1]
 638  0016  0080     R  	mov _Count_C1[1],a
 638  0017  1F00     R  	clr _Count_C1[2]
 638  0018  1F00     R  	clr _Count_C1[3]
 643  0019              #line 643 "D:\hamed\project\htk-project\touch-24-rf\TOUCH.h"
 643  0019  3400     R  	clr _TouchReCalRequest
 644  001A              #line 644 "D:\hamed\project\htk-project\touch-24-rf\TOUCH.h"
 644  001A  3400     R  	clr _TouchState
 646  001B              #line 646 "D:\hamed\project\htk-project\touch-24-rf\TOUCH.h"
 646  001B  1F00     R  	clr _Count_T1[0]
 646  001C  1F00     R  	clr _Count_T1[1]
 647  001D              #line 647 "D:\hamed\project\htk-project\touch-24-rf\TOUCH.h"
 647  001D  1F00     R  	clr _TouchOnCnt[0]
 648  001E              #line 648 "D:\hamed\project\htk-project\touch-24-rf\TOUCH.h"
 648  001E  1F00     R  	clr _TouchOffCnt[0]
 650  001F              #line 650 "D:\hamed\project\htk-project\touch-24-rf\TOUCH.h"
 650  001F  3094        	set [20].1
 651  0020              #line 651 "D:\hamed\project\htk-project\touch-24-rf\TOUCH.h"
 651  0020  3400     R  	clr _bizer
 651  0021  2800     R  	jmp _L98
 651  0022              _L97:
 653  0022              #line 653 "D:\hamed\project\htk-project\touch-24-rf\TOUCH.h"
 653  0022  3C00     R  	sz _TouchState
 653  0023  2800     R  	jmp _L98
"File: TOUCH.h       Assembler  Version HGASM0202      Page 26

 658  0024              #line 658 "D:\hamed\project\htk-project\touch-24-rf\TOUCH.h"
 658  0024  0F23        	mov a,35
 658  0025  0200     R  	sub a,_Count_C1[0]
 658  0026  0F00        	mov a,0
 658  0027  1200     R  	sbc a,_Count_C1[1]
 658  0028  0F00        	mov a,0
 658  0029  1200     R  	sbc a,_Count_C1[2]
 658  002A  0F00        	mov a,0
 658  002B  1200     R  	sbc a,_Count_C1[3]
 658  002C  3C0A        	sz c
 658  002D  2800     R  	jmp _L98
 659  002E              #line 659 "D:\hamed\project\htk-project\touch-24-rf\TOUCH.h"
 659  002E  0700     R  	mov a,_Count_C1[0]
 659  002F  0080     E  	mov rd,a
 659  0030  0700     R  	mov a,_Count_C1[1]
 659  0031  0080     E  	mov re,a
 659  0032  0700     R  	mov a,_Count_C1[2]
 659  0033  0080     E  	mov rf,a
 659  0034  0700     R  	mov a,_Count_C1[3]
 659  0035  0080     E  	mov rg,a
 659  0036  0FDD        	mov a,221
 659  0037  0380     E  	addm a,rd
 659  0038  0FFF        	mov a,255
 659  0039  1380     E  	adcm a,re
 658  003A              #line 658 "D:\hamed\project\htk-project\touch-24-rf\TOUCH.h"
 658  003A  0700     E  	mov a,rd
 658  003B  0200     R  	sub a,_Count_S1[0]
 658  003C  0700     E  	mov a,re
 658  003D  1200     R  	sbc a,_Count_S1[1]
 658  003E  3C0A        	sz c
 658  003F  2800     R  	jmp _L98
 661  0040              #line 661 "D:\hamed\project\htk-project\touch-24-rf\TOUCH.h"
 661  0040  1080     R  	sz _Count_C1[3]
 661  0041  2800     R  	jmp _L99
 661  0042  1080     R  	sz _Count_C1[2]
 661  0043  2800     R  	jmp _L99
 661  0044  0700     R  	mov a,_Count_C1[0]
 661  0045  0200     R  	sub a,_Count_S1[0]
 661  0046  0700     R  	mov a,_Count_C1[1]
 661  0047  1200     R  	sbc a,_Count_S1[1]
 661  0048  3C0A        	sz c
 661  0049  2800     R  	jmp _L99
 663  004A              #line 663 "D:\hamed\project\htk-project\touch-24-rf\TOUCH.h"
 663  004A  0F01        	mov a,1
 663  004B  0380     R  	addm a,_Count_C1[0]
 663  004C  0F00        	mov a,0
 663  004D  1380     R  	adcm a,_Count_C1[1]
 663  004E  1380     R  	adcm a,_Count_C1[2]
 663  004F  1380     R  	adcm a,_Count_C1[3]
 663  0050  2800     R  	jmp _L98
 663  0051              _L99:
 665  0051              #line 665 "D:\hamed\project\htk-project\touch-24-rf\TOUCH.h"
 665  0051  0F01        	mov a,1
 665  0052  0300     R  	add a,_Count_S1[0]
 665  0053  0080     E  	mov rb,a
 665  0054  0F00        	mov a,0
 665  0055  1300     R  	adc a,_Count_S1[1]
 665  0056  0080     E  	mov rc,a
 665  0057  0700     E  	mov a,rb
 665  0058  0200     R  	sub a,_Count_C1[0]
"File: TOUCH.h       Assembler  Version HGASM0202      Page 27

 665  0059  0700     E  	mov a,rc
 665  005A  1200     R  	sbc a,_Count_C1[1]
 665  005B  1F05        	clr acc
 665  005C  1200     R  	sbc a,_Count_C1[2]
 665  005D  1F05        	clr acc
 665  005E  1200     R  	sbc a,_Count_C1[3]
 665  005F  3C0A        	sz c
 665  0060  2800     R  	jmp _L100
 667  0061              #line 667 "D:\hamed\project\htk-project\touch-24-rf\TOUCH.h"
 667  0061  0FFF        	mov a,255
 667  0062  0380     R  	addm a,_Count_C1[0]
 667  0063  1380     R  	adcm a,_Count_C1[1]
 667  0064  1380     R  	adcm a,_Count_C1[2]
 667  0065  1380     R  	adcm a,_Count_C1[3]
 667  0066  2800     R  	jmp _L98
 667  0067              _L100:
 671  0067              #line 671 "D:\hamed\project\htk-project\touch-24-rf\TOUCH.h"
 671  0067  0700     R  	mov a,_Count_S1[0]
 671  0068  0080     R  	mov _Count_C1[0],a
 671  0069  0700     R  	mov a,_Count_S1[1]
 671  006A  0080     R  	mov _Count_C1[1],a
 671  006B  1F00     R  	clr _Count_C1[2]
 671  006C  1F00     R  	clr _Count_C1[3]
 671  006D              _L98:
 678  006D              #line 678 "D:\hamed\project\htk-project\touch-24-rf\TOUCH.h"
 678  006D  3744        	clr [68].6
 679  006E              #line 679 "D:\hamed\project\htk-project\touch-24-rf\TOUCH.h"
 679  006E  36C4        	clr [68].5
 679  006F  0003        	ret
 679  0070              _Key_Select endp
 679  0070              #line 679 "D:\hamed\project\htk-project\touch-24-rf\TOUCH.h"
 679  0070              #pragma debug scope 1 1
 679  0070              public _TOUCH_ISR
 679  0070              #pragma debug scope 18 1
 685  0070              #line 685 "D:\hamed\project\htk-project\touch-24-rf\TOUCH.h"
 685  0000              @TOUCH_ISR_code .section at 40 'code'
 685  0000              _TOUCH_ISR:
 685  0000  0004        	reti
 685  0001              #line 685 "D:\hamed\project\htk-project\touch-24-rf\TOUCH.h"
 685  0001              #pragma debug scope 1 1
 685  0001              public _int0
 685  0001              #pragma debug scope 19 1
 691  0001              #line 691 "D:\hamed\project\htk-project\touch-24-rf\TOUCH.h"
 691  0000              @int0_code .section at 4 'code'
 691  0000              _int0:
 691  0000  0004        	reti
 691  0001              #line 691 "D:\hamed\project\htk-project\touch-24-rf\TOUCH.h"
 691  0001              #pragma debug scope 1 1
 691  0001              public _timer
 691  0001              #pragma debug scope 20 1
 701  0001              #line 701 "D:\hamed\project\htk-project\touch-24-rf\TOUCH.h"
 701  0000              @timer_code .section at 12 'code'
 701  0000  0080     E  	mov r1,a
 701  0001  070A        	mov a,status
 701  0002  0080     E  	mov r2,a
 701  0003  2800     R  	jmp _timer
 701  0004              #pragma debug scope 1 1
 701  0004              @dummy12 endp
 701  0004              #pragma debug scope 21 1
 701  0000              _timer .section 'code'
"File: TOUCH.h       Assembler  Version HGASM0202      Page 28

 701  0000              _timer proc
 701  0000  0704        	mov a,bp
 701  0001  0080     E  	mov r3,a
 701  0002  0703        	mov a,mp
 701  0003  0080     E  	mov r4,a
 701  0004  0701        	mov a,sbp
 701  0005  0080     E  	mov r5,a
 702  0006              #line 702 "D:\hamed\project\htk-project\touch-24-rf\TOUCH.h"
 702  0006  1080     R  	sz _RF_Mode[0]
 702  0007  2800     R  	jmp _LI4
 702  0008  2800     R  	jmp _L105
 702  0009              _LI4:
 702  0009              #line 702 "D:\hamed\project\htk-project\touch-24-rf\TOUCH.h"
 702  0009  0F9F        	mov a,159
 702  000A  0200     R  	sub a,_learn_timeout[0]
 702  000B  0F86        	mov a,134
 702  000C  1200     R  	sbc a,_learn_timeout[1]
 702  000D  0F01        	mov a,1
 702  000E  1200     R  	sbc a,_learn_timeout[2]
 702  000F  0F00        	mov a,0
 702  0010  1200     R  	sbc a,_learn_timeout[3]
 702  0011  380A        	snz c
 702  0012  2800     R  	jmp _L105
 703  0013              #line 703 "D:\hamed\project\htk-project\touch-24-rf\TOUCH.h"
 703  0013  0F01        	mov a,1
 703  0014  0380     R  	addm a,_learn_timeout[0]
 703  0015  0F00        	mov a,0
 703  0016  1380     R  	adcm a,_learn_timeout[1]
 703  0017  1380     R  	adcm a,_learn_timeout[2]
 703  0018  1380     R  	adcm a,_learn_timeout[3]
 703  0019              _L105:
 705  0019              #line 705 "D:\hamed\project\htk-project\touch-24-rf\TOUCH.h"
 705  0019  3C14        	sz [20].0
 705  001A  2800     R  	jmp _L106
 705  001B  0FF9        	mov a,249
 705  001C  0200     R  	sub a,_Timedown[0]
 705  001D  380A        	snz c
 705  001E  2800     R  	jmp _L106
 706  001F              #line 706 "D:\hamed\project\htk-project\touch-24-rf\TOUCH.h"
 706  001F  1480     R  	inc _Timedown[0]
 707  0020              #line 707 "D:\hamed\project\htk-project\touch-24-rf\TOUCH.h"
 707  0020  3000     R  	set _Frist
 708  0021              #line 708 "D:\hamed\project\htk-project\touch-24-rf\TOUCH.h"
 708  0021  2800     R  	jmp _L104
 708  0022              _L106:
 711  0022              #line 711 "D:\hamed\project\htk-project\touch-24-rf\TOUCH.h"
 711  0022  3C00     R  	sz _Frist
 711  0023  2800     R  	jmp _L108
 712  0024              #line 712 "D:\hamed\project\htk-project\touch-24-rf\TOUCH.h"
 712  0024  1F00     R  	clr _Timedown[0]
 713  0025              #line 713 "D:\hamed\project\htk-project\touch-24-rf\TOUCH.h"
 713  0025  2800     R  	jmp _L104
 713  0026              _L108:
 716  0026              #line 716 "D:\hamed\project\htk-project\touch-24-rf\TOUCH.h"
 716  0026  0700     R  	mov a,_Timedown[0]
 716  0027  0080     E  	mov ra,a
 718  0028              #line 718 "D:\hamed\project\htk-project\touch-24-rf\TOUCH.h"
 718  0028  1F00     R  	clr _Timedown[0]
 719  0029              #line 719 "D:\hamed\project\htk-project\touch-24-rf\TOUCH.h"
 719  0029  3400     R  	clr _Frist
"File: TOUCH.h       Assembler  Version HGASM0202      Page 29

 723  002A              #line 723 "D:\hamed\project\htk-project\touch-24-rf\TOUCH.h"
 723  002A  0700     E  	mov a,ra
 723  002B  0BFB        	add a,251
 723  002C  0080     E  	mov rb,a
 723  002D  0FC3        	mov a,195
 723  002E  0200     E  	sub a,rb
 723  002F  380A        	snz c
 723  0030  2800     R  	jmp _L124
 730  0031              #line 730 "D:\hamed\project\htk-project\touch-24-rf\TOUCH.h"
 730  0031  0700     E  	mov a,ra
 730  0032  0B92        	add a,146
 730  0033  0080     E  	mov rb,a
 730  0034  0F78        	mov a,120
 730  0035  0200     E  	sub a,rb
 730  0036  380A        	snz c
 730  0037  2800     R  	jmp _L110
 734  0038              #line 734 "D:\hamed\project\htk-project\touch-24-rf\TOUCH.h"
 734  0038  0F72        	mov a,114
 734  0039  0200     E  	sub a,ra
 734  003A  3C0A        	sz c
 734  003B  2800     R  	jmp _L104
 737  003C              #line 737 "D:\hamed\project\htk-project\touch-24-rf\TOUCH.h"
 737  003C  0F01        	mov a,1
 737  003D  0080     R  	mov _rf_sync[0],a
 738  003E              #line 738 "D:\hamed\project\htk-project\touch-24-rf\TOUCH.h"
 738  003E  0F08        	mov a,8
 738  003F  0080     R  	mov _rf_bit_index[0],a
 739  0040              #line 739 "D:\hamed\project\htk-project\touch-24-rf\TOUCH.h"
 739  0040  1F00     R  	clr _rf_byte_index[0]
 740  0041              #line 740 "D:\hamed\project\htk-project\touch-24-rf\TOUCH.h"
 740  0041  1F00     R  	clr _rf_buffer[0]
 741  0042              #line 741 "D:\hamed\project\htk-project\touch-24-rf\TOUCH.h"
 741  0042  1F00     R  	clr _noise_count[0]
 743  0043              #line 743 "D:\hamed\project\htk-project\touch-24-rf\TOUCH.h"
 743  0043  2800     R  	jmp _L104
 743  0044              _L110:
 746  0044              #line 746 "D:\hamed\project\htk-project\touch-24-rf\TOUCH.h"
 746  0044  1080     R  	sz _rf_sync[0]
 746  0045  2800     R  	jmp _LI5
 746  0046  2800     R  	jmp _L104
 746  0047              _LI5:
 751  0047              #line 751 "D:\hamed\project\htk-project\touch-24-rf\TOUCH.h"
 751  0047  0700     E  	mov a,ra
 751  0048  0BFE        	add a,254
 751  0049  0080     E  	mov rb,a
 751  004A  0F08        	mov a,8
 751  004B  0200     E  	sub a,rb
 751  004C  380A        	snz c
 751  004D  2800     R  	jmp _L113
 753  004E              #line 753 "D:\hamed\project\htk-project\touch-24-rf\TOUCH.h"
 753  004E  0700     R  	mov a,_rf_buffer[0]
 753  004F  0080     E  	mov rb,a
 753  0050  1F00     E  	clr rc
 753  0051  340A        	clr c
 753  0052  1A80     E  	rlc rb
 753  0053  1A80     E  	rlc rc
 753  0054  0700     E  	mov a,rb
 753  0055  0080     E  	mov ra,a
 753  0056  3000     E  	set ra.0
 753  0057  0700     E  	mov a,ra
"File: TOUCH.h       Assembler  Version HGASM0202      Page 30

 753  0058  0080     R  	mov _rf_buffer[0],a
 753  0059  2800     R  	jmp _L123
 753  005A              _L113:
 757  005A              #line 757 "D:\hamed\project\htk-project\touch-24-rf\TOUCH.h"
 757  005A  0FF5        	mov a,245
 757  005B  0380     E  	addm a,ra
 757  005C  0F18        	mov a,24
 757  005D  0200     E  	sub a,ra
 757  005E  380A        	snz c
 757  005F  2800     R  	jmp _L115
 759  0060              #line 759 "D:\hamed\project\htk-project\touch-24-rf\TOUCH.h"
 759  0060  0700     R  	mov a,_rf_buffer[0]
 759  0061  0380     R  	addm a,_rf_buffer[0]
 759  0062              _L123:
 760  0062              #line 760 "D:\hamed\project\htk-project\touch-24-rf\TOUCH.h"
 760  0062  1780     R  	sdz _rf_bit_index[0]
 760  0063  2800     R  	jmp _LI6
 760  0064  2800     R  	jmp _L125
 760  0065              _LI6:
 760  0065  2800     R  	jmp _L104
 760  0066              _L115:
 765  0066              #line 765 "D:\hamed\project\htk-project\touch-24-rf\TOUCH.h"
 765  0066  1480     R  	inc _noise_count[0]
 768  0067              #line 768 "D:\hamed\project\htk-project\touch-24-rf\TOUCH.h"
 768  0067  0F02        	mov a,2
 768  0068  0200     R  	sub a,_noise_count[0]
 768  0069  3C0A        	sz c
 768  006A  2800     R  	jmp _L104
 768  006B              _L124:
 769  006B              #line 769 "D:\hamed\project\htk-project\touch-24-rf\TOUCH.h"
 769  006B  1F00     R  	clr _rf_sync[0]
 769  006C  2800     R  	jmp _L104
 769  006D              _L125:
 777  006D              #line 777 "D:\hamed\project\htk-project\touch-24-rf\TOUCH.h"
 777  006D  0700     R  	mov a,_rf_byte_index[0]
 777  006E  0080     E  	mov ra,a
 777  006F  1400     E  	inca ra
 777  0070  0080     R  	mov _rf_byte_index[0],a
 777  0071  0F00     R  	mov a,low offset _RFData
 777  0072  0300     E  	add a,ra
 777  0073  0083        	mov mp,a
 777  0074  0F00     R  	mov a,high offset _RFData
 777  0075  1F01        	clr sbp
 777  0076  1381        	adcm a,sbp
 777  0077  0701        	mov a,sbp
 777  0078  0084        	mov bp,a
 777  0079  0700     R  	mov a,_rf_buffer[0]
 777  007A  0082        	mov ir,a
 779  007B              #line 779 "D:\hamed\project\htk-project\touch-24-rf\TOUCH.h"
 779  007B  1F00     R  	clr _rf_buffer[0]
 780  007C              #line 780 "D:\hamed\project\htk-project\touch-24-rf\TOUCH.h"
 780  007C  0F08        	mov a,8
 780  007D  0080     R  	mov _rf_bit_index[0],a
 782  007E              #line 782 "D:\hamed\project\htk-project\touch-24-rf\TOUCH.h"
 782  007E  0F02        	mov a,2
 782  007F  0200     R  	sub a,_rf_byte_index[0]
 782  0080  3C0A        	sz c
 782  0081  2800     R  	jmp _L104
 785  0082              #line 785 "D:\hamed\project\htk-project\touch-24-rf\TOUCH.h"
 785  0082  1F00     R  	clr _rf_sync[0]
"File: TOUCH.h       Assembler  Version HGASM0202      Page 31

 786  0083              #line 786 "D:\hamed\project\htk-project\touch-24-rf\TOUCH.h"
 786  0083  1F00     R  	clr _rf_byte_index[0]
 790  0084              #line 790 "D:\hamed\project\htk-project\touch-24-rf\TOUCH.h"
 790  0084  0700     R  	mov a,_RFData[0]
 790  0085  0200     R  	sub a,_last_frame[0]
 790  0086  390A        	snz z
 790  0087  2800     R  	jmp _L116
 790  0088  0700     R  	mov a,_RFData[1]
 790  0089  0200     R  	sub a,_last_frame[1]
 790  008A  390A        	snz z
 790  008B  2800     R  	jmp _L116
 791  008C              #line 791 "D:\hamed\project\htk-project\touch-24-rf\TOUCH.h"
 791  008C  0700     R  	mov a,_RFData[2]
 791  008D  0200     R  	sub a,_last_frame[2]
 791  008E  390A        	snz z
 791  008F  2800     R  	jmp _L116
 794  0090              #line 794 "D:\hamed\project\htk-project\touch-24-rf\TOUCH.h"
 794  0090  1480     R  	inc _frame_ok_count[0]
 796  0091              #line 796 "D:\hamed\project\htk-project\touch-24-rf\TOUCH.h"
 796  0091  0F01        	mov a,1
 796  0092  0200     R  	sub a,_frame_ok_count[0]
 796  0093  3C0A        	sz c
 796  0094  2800     R  	jmp _L104
 798  0095              #line 798 "D:\hamed\project\htk-project\touch-24-rf\TOUCH.h"
 798  0095  0700     R  	mov a,_RFData[0]
 798  0096  0080     R  	mov _DataM[0],a
 799  0097              #line 799 "D:\hamed\project\htk-project\touch-24-rf\TOUCH.h"
 799  0097  0700     R  	mov a,_RFData[1]
 799  0098  0080     R  	mov _DataM[1],a
 800  0099              #line 800 "D:\hamed\project\htk-project\touch-24-rf\TOUCH.h"
 800  0099  0700     R  	mov a,_RFData[2]
 800  009A  0080     R  	mov _DataM[2],a
 802  009B              #line 802 "D:\hamed\project\htk-project\touch-24-rf\TOUCH.h"
 802  009B  3000     R  	set _Lock
 803  009C              #line 803 "D:\hamed\project\htk-project\touch-24-rf\TOUCH.h"
 803  009C  3000     R  	set _Finish
 805  009D              #line 805 "D:\hamed\project\htk-project\touch-24-rf\TOUCH.h"
 805  009D  1F00     R  	clr _frame_ok_count[0]
 805  009E  2800     R  	jmp _L104
 805  009F              _L116:
 811  009F              #line 811 "D:\hamed\project\htk-project\touch-24-rf\TOUCH.h"
 811  009F  0700     R  	mov a,_RFData[0]
 811  00A0  0080     R  	mov _last_frame[0],a
 812  00A1              #line 812 "D:\hamed\project\htk-project\touch-24-rf\TOUCH.h"
 812  00A1  0700     R  	mov a,_RFData[1]
 812  00A2  0080     R  	mov _last_frame[1],a
 813  00A3              #line 813 "D:\hamed\project\htk-project\touch-24-rf\TOUCH.h"
 813  00A3  0700     R  	mov a,_RFData[2]
 813  00A4  0080     R  	mov _last_frame[2],a
 815  00A5              #line 815 "D:\hamed\project\htk-project\touch-24-rf\TOUCH.h"
 815  00A5  0F01        	mov a,1
 815  00A6  0080     R  	mov _frame_ok_count[0],a
 815  00A7              _L104:
 815  00A7  0700     E  	mov a,r2
 815  00A8  008A        	mov status,a
 815  00A9  0700     E  	mov a,r3
 815  00AA  0084        	mov bp,a
 815  00AB  0700     E  	mov a,r4
 815  00AC  0083        	mov mp,a
 815  00AD  0700     E  	mov a,r5
"File: TOUCH.h       Assembler  Version HGASM0202      Page 32

 815  00AE  0081        	mov sbp,a
 815  00AF  0700     E  	mov a,r1
 815  00B0  0004        	reti
 815  00B1              _timer endp
 815  00B1              
 815  00B1              #line 815 "D:\hamed\project\htk-project\touch-24-rf\TOUCH.h"
 815  00B1              #pragma debug scope 1 1
 815  00B1              ___integ equ [13]
 815  00B1              ___smod equ [11]
 815  00B1              public _main
 815  00B1              #pragma debug scope 22 1

  24  00B1              #line 24 "D:\hamed\project\htk-project\touch-24-rf\touch-24.c"
  24  00B1              IFDEF WITH_DEFAULT_STARTUP
  24  00B1              extern _main_initial0:near
  24  00B1              extern _main_startup:near
  24  00B1              ENDIF
  24  00B1              
  24  00B1              ROMBANK 0 @start
  24  0000              @start .section com_l 'code'
  24  0000              _main_startup1:
  24  0000              @start .section com_e 'code'
  24  0000  2800     R  	jmp _main
  24  0001              
  24  0000              _main .section 'code'
  24  0000              _main proc
  31  0000              #line 31 "D:\hamed\project\htk-project\touch-24-rf\touch-24.c"
  31  0000  348D        	clr [13].1
  32  0001              #line 32 "D:\hamed\project\htk-project\touch-24-rf\touch-24.c"
  32  0001  340D        	clr [13].0
  33  0002              #line 33 "D:\hamed\project\htk-project\touch-24-rf\touch-24.c"
  33  0002  348E        	clr [14].1
  40  0003              #line 40 "D:\hamed\project\htk-project\touch-24-rf\touch-24.c"
  40  0003  369D        	clr [29].5
  41  0004              #line 41 "D:\hamed\project\htk-project\touch-24-rf\touch-24.c"
  41  0004  321D        	set [29].4
  43  0005              #line 43 "D:\hamed\project\htk-project\touch-24-rf\touch-24.c"
  43  0005  301D        	set [29].0
  44  0006              #line 44 "D:\hamed\project\htk-project\touch-24-rf\touch-24.c"
  44  0006  349D        	clr [29].1
  45  0007              #line 45 "D:\hamed\project\htk-project\touch-24-rf\touch-24.c"
  45  0007  351D        	clr [29].2
  47  0008              #line 47 "D:\hamed\project\htk-project\touch-24-rf\touch-24.c"
  47  0008  300E        	set [14].0
  48  0009              #line 48 "D:\hamed\project\htk-project\touch-24-rf\touch-24.c"
  48  0009  300B        	set [11].0
  50  000A              #line 50 "D:\hamed\project\htk-project\touch-24-rf\touch-24.c"
  50  000A  330E        	set [14].6
  51  000B              #line 51 "D:\hamed\project\htk-project\touch-24-rf\touch-24.c"
  51  000B  318E        	set [14].3
  55  000C              #line 55 "D:\hamed\project\htk-project\touch-24-rf\touch-24.c"
  55  000C  3695        	clr [21].5
  55  000D  3495        	clr [21].1
  55  000E  3015        	set [21].0
  55  000F  3595        	clr [21].3
  56  0010              #line 56 "D:\hamed\project\htk-project\touch-24-rf\touch-24.c"
  56  0010  0F01        	mov a,1
  56  0011  0080     R  	mov _delay_ms_2[0],a
  56  0012  1F00     R  	clr _delay_ms_2[1]
  56  0013  1F00     R  	clr _delay_ms_2[2]
"File: touch-24.c    Assembler  Version HGASM0202      Page 33

  56  0014  1F00     R  	clr _delay_ms_2[3]
  56  0015  2000     R  	call _delay_ms
  57  0016              #line 57 "D:\hamed\project\htk-project\touch-24-rf\touch-24.c"
  57  0016  2000     R  	call _TuochKeyInit
  58  0017              #line 58 "D:\hamed\project\htk-project\touch-24-rf\touch-24.c"
  58  0017  0F01        	mov a,1
  58  0018  0080     R  	mov _delay_ms_2[0],a
  58  0019  1F00     R  	clr _delay_ms_2[1]
  58  001A  1F00     R  	clr _delay_ms_2[2]
  58  001B  1F00     R  	clr _delay_ms_2[3]
  58  001C  2000     R  	call _delay_ms
  59  001D              #line 59 "D:\hamed\project\htk-project\touch-24-rf\touch-24.c"
  59  001D  2000     R  	call _CalibrTuoch
  61  001E              #line 61 "D:\hamed\project\htk-project\touch-24-rf\touch-24.c"
  61  001E  3694        	clr [20].5
  62  001F              #line 62 "D:\hamed\project\htk-project\touch-24-rf\touch-24.c"
  62  001F  3094        	set [20].1
  66  0020              #line 66 "D:\hamed\project\htk-project\touch-24-rf\touch-24.c"
  66  0020  3400     R  	clr _LearnRF
  67  0021              #line 67 "D:\hamed\project\htk-project\touch-24-rf\touch-24.c"
  67  0021  3400     R  	clr _Lock
  69  0022              #line 69 "D:\hamed\project\htk-project\touch-24-rf\touch-24.c"
  69  0022  0F00        	mov a,0
  69  0023  2000     R  	call _eeprom_read
  69  0024  0080     E  	mov ra,a
  69  0025  0700     E  	mov a,ra
  69  0026  0080     R  	mov _remote_count[0],a
  72  0027              #line 72 "D:\hamed\project\htk-project\touch-24-rf\touch-24.c"
  72  0027  0F28        	mov a,40
  72  0028  0200     E  	sub a,ra
  72  0029  3C0A        	sz c
  72  002A  2800     R  	jmp _L127
  73  002B              #line 73 "D:\hamed\project\htk-project\touch-24-rf\touch-24.c"
  73  002B  1F00     R  	clr _remote_count[0]
  74  002C              #line 74 "D:\hamed\project\htk-project\touch-24-rf\touch-24.c"
  74  002C  1F00     R  	clr _eeprom_write_2[0]
  74  002D  0F00        	mov a,0
  74  002E  2000     R  	call _eeprom_write
  74  002F              _L127:
  77  002F              #line 77 "D:\hamed\project\htk-project\touch-24-rf\touch-24.c"
  77  002F              ;# 77 "D:\hamed\project\htk-project\touch-24-rf\touch-24.c" 1
  77  002F              	IF 1000>263690
  77  002F              ;# 77 "D:\hamed\project\htk-project\touch-24-rf\touch-24.c" 1
  77  002F              	ERRMESSAGE 'the value 1000of the argument exceeds the maxinum 263690'
  77  002F              	ENDIF
  77  002F              ;# 77 "D:\hamed\project\htk-project\touch-24-rf\touch-24.c" 1
  77  002F              	IF 1000<0
  77  002F              ;# 77 "D:\hamed\project\htk-project\touch-24-rf\touch-24.c" 1
  77  002F              	ERRMESSAGE 'the value 1000 of the argument exceeds the mininum 0'
  77  002F              	ENDIF
  77  002F              ;# 77 "D:\hamed\project\htk-project\touch-24-rf\touch-24.c" 1
  77  002F              	IF 1000==0
  77  002F              ;# 77 "D:\hamed\project\htk-project\touch-24-rf\touch-24.c" 1
  77  002F              	JMP $
  77  002F              	ENDIF
  77  002F              ;# 77 "D:\hamed\project\htk-project\touch-24-rf\touch-24.c" 1
  77  002F              	IF 1000==1
  77  002F              ;# 77 "D:\hamed\project\htk-project\touch-24-rf\touch-24.c" 1
  77  002F              	NOP
  77  002F              	ENDIF
"File: touch-24.c    Assembler  Version HGASM0202      Page 34

  77  002F              ;# 77 "D:\hamed\project\htk-project\touch-24-rf\touch-24.c" 1
  77  002F              	IF 1000==2
  77  002F              ;# 77 "D:\hamed\project\htk-project\touch-24-rf\touch-24.c" 1
  77  002F              	NOP
  77  002F              ;# 77 "D:\hamed\project\htk-project\touch-24-rf\touch-24.c" 1
  77  002F              	NOP
  77  002F              	ENDIF
  77  002F              ;# 77 "D:\hamed\project\htk-project\touch-24-rf\touch-24.c" 1
  77  002F              	IF 1000==3
  77  002F              ;# 77 "D:\hamed\project\htk-project\touch-24-rf\touch-24.c" 1
  77  002F              	NOP
  77  002F              ;# 77 "D:\hamed\project\htk-project\touch-24-rf\touch-24.c" 1
  77  002F              	NOP
  77  002F              ;# 77 "D:\hamed\project\htk-project\touch-24-rf\touch-24.c" 1
  77  002F              	NOP
  77  002F              	ENDIF
  77  002F              ;# 77 "D:\hamed\project\htk-project\touch-24-rf\touch-24.c" 1
  77  002F              	IF (1000<8) AND (1000>3)
  77  002F              ;# 77 "D:\hamed\project\htk-project\touch-24-rf\touch-24.c" 1
  77  002F              	CALL __DELAY3 + 7 -1000
  77  002F              	ENDIF
  77  002F              ;# 77 "D:\hamed\project\htk-project\touch-24-rf\touch-24.c" 1
  77  002F              	IF (1000< 0404h) AND (1000>7)
  77  002F              ;# 77 "D:\hamed\project\htk-project\touch-24-rf\touch-24.c" 1
  77  002F  0FF9        	MOV A,1000/4-1
  77  0030              ;# 77 "D:\hamed\project\htk-project\touch-24-rf\touch-24.c" 1
  77  0030  2000     E  	CALL __DELAYX3 + 3 -(1000 MOD 4)
  77  0031              	ENDIF
  77  0031              ;# 77 "D:\hamed\project\htk-project\touch-24-rf\touch-24.c" 1
  77  0031              	IF (1000< 0x40B) AND (1000> 0403h)
  77  0031              ;# 77 "D:\hamed\project\htk-project\touch-24-rf\touch-24.c" 1
  77  0031              	MOV A,0 
  77  0031              ;# 77 "D:\hamed\project\htk-project\touch-24-rf\touch-24.c" 1
  77  0031              	CALL __DELAYX6 + 0x40a -1000
  77  0031              	ENDIF
  77  0031              ;# 77 "D:\hamed\project\htk-project\touch-24-rf\touch-24.c" 1
  77  0031              	IF (1000 >= 0x40b) AND ((((1000-9)%0402h)/4+1)>256)
  77  0031              ;# 77 "D:\hamed\project\htk-project\touch-24-rf\touch-24.c" 1
  77  0031              	MOV A,(1000-9)/0402h
  77  0031              ;# 77 "D:\hamed\project\htk-project\touch-24-rf\touch-24.c" 1
  77  0031              	MOV _builtin_holtek_delay_2,A
  77  0031              ;# 77 "D:\hamed\project\htk-project\touch-24-rf\touch-24.c" 1
  77  0031              	MOV A,0
  77  0031              ;# 77 "D:\hamed\project\htk-project\touch-24-rf\touch-24.c" 1
  77  0031              	CALL __DELAYY5 +5- (((1000-9)%0402h)%6)
  77  0031              	ENDIF
  77  0031              ;# 77 "D:\hamed\project\htk-project\touch-24-rf\touch-24.c" 1
  77  0031              	IF (1000 >= 0x40b) AND ((((1000-9)%0402h)/4+1)<=256)
  77  0031              ;# 77 "D:\hamed\project\htk-project\touch-24-rf\touch-24.c" 1
  77  0031              	MOV A,(1000-9)/0402h
  77  0031              ;# 77 "D:\hamed\project\htk-project\touch-24-rf\touch-24.c" 1
  77  0031              	MOV _builtin_holtek_delay_2,A
  77  0031              ;# 77 "D:\hamed\project\htk-project\touch-24-rf\touch-24.c" 1
  77  0031              	MOV A,((1000-9)%0402h)/4+1
  77  0031              ;# 77 "D:\hamed\project\htk-project\touch-24-rf\touch-24.c" 1
  77  0031              	CALL __DELAYY3 +3-(((1000-9)%0402h)%4)
  77  0031              	ENDIF
  79  0031              #line 79 "D:\hamed\project\htk-project\touch-24-rf\touch-24.c"
  79  0031  3595        	clr [21].3
  80  0032              #line 80 "D:\hamed\project\htk-project\touch-24-rf\touch-24.c"
"File: touch-24.c    Assembler  Version HGASM0202      Page 35

  80  0032  3594        	clr [20].3
  80  0033              _L128:
  85  0033              #line 85 "D:\hamed\project\htk-project\touch-24-rf\touch-24.c"
  85  0033              ;# 85 "D:\hamed\project\htk-project\touch-24-rf\touch-24.c" 1
  85  0033  0001        	clr wdt
  89  0034              #line 89 "D:\hamed\project\htk-project\touch-24-rf\touch-24.c"
  89  0034  3194        	set [20].3
  90  0035              #line 90 "D:\hamed\project\htk-project\touch-24-rf\touch-24.c"
  90  0035  0F09        	mov a,9
  90  0036  0080     R  	mov _delay_us_2[0],a
  90  0037  1F00     R  	clr _delay_us_2[1]
  90  0038  1F00     R  	clr _delay_us_2[2]
  90  0039  1F00     R  	clr _delay_us_2[3]
  90  003A  2000     R  	call _delay_us
  92  003B              #line 92 "D:\hamed\project\htk-project\touch-24-rf\touch-24.c"
  92  003B  3594        	clr [20].3
  93  003C              #line 93 "D:\hamed\project\htk-project\touch-24-rf\touch-24.c"
  93  003C  0F08        	mov a,8
  93  003D  0080     R  	mov _delay_us_2[0],a
  93  003E  1F00     R  	clr _delay_us_2[1]
  93  003F  1F00     R  	clr _delay_us_2[2]
  93  0040  1F00     R  	clr _delay_us_2[3]
  93  0041  2000     R  	call _delay_us
  93  0042  2800     R  	jmp _L128
  93  0043  2800     R  	jmp $
  93  0044              _main endp
  93  0044              
  93  0044              @dummy endp
  93  0044              
  93  0044              #line 93 "D:\hamed\project\htk-project\touch-24-rf\touch-24.c"
  93  0044              #pragma debug scope 1 1
  93  0044              public _TouchReCalRequest
  93  0000              @HCCINIT	.section 'data'

  71  0000              #line 71 "D:\hamed\project\htk-project\touch-24-rf\TOUCH.h"
  71  0000              @BITDATASEC .section 'data'
  71  0000  00          _TouchReCalRequest	dbit 0
  71  0001              #pragma debug variable 2 1 _TouchReCalRequest "TouchReCalRequest"
  57  0001              #line 57 "D:\hamed\project\htk-project\touch-24-rf\TOUCH.h"
  57  0001              public _remote_count
  57  0000              @HCCINIT0 .section 'data'
  57  0000              _remote_count	db 0
  57  0001              #pragma debug variable 8 1 _remote_count "remote_count"
  57  0001              
  57  0000              @HCCINIT .section 'data'
  57  0000              public _RF_Mode
  36  0000              #line 36 "D:\hamed\project\htk-project\touch-24-rf\TOUCH.h"
  36  0000              @HCCINIT .section 'data'
  36  0000              _RF_Mode label byte
  36  0000              #pragma debug variable 8 1 _RF_Mode "RF_Mode"
  36  0000              	db 0
  36  0000              @ROMDATA_BASE .section inpage 'code'
  36  0000              	db 0
  36  0001              @HCCINIT .section 'data'
  36  0001              public _fast_touch_timer
  35  0001              #line 35 "D:\hamed\project\htk-project\touch-24-rf\TOUCH.h"
  35  0001              @HCCINIT .section 'data'
  35  0001              _fast_touch_timer label byte
  35  0001              #pragma debug variable 12 1 _fast_touch_timer "fast_touch_timer"
  35  0001              	db 0
"File: TOUCH.h       Assembler  Version HGASM0202      Page 36

  35  0001              @ROMDATA_BASE .section inpage 'code'
  35  0001              	db 0
  35  0002              @HCCINIT .section 'data'
  35  0002              	db 0
  35  0001              @ROMDATA_BASE .section inpage 'code'
  35  0001              	db 0
  35  0003              @HCCINIT .section 'data'
  35  0003              public _fast_touch_count
  34  0003              #line 34 "D:\hamed\project\htk-project\touch-24-rf\TOUCH.h"
  34  0003              @HCCINIT .section 'data'
  34  0003              _fast_touch_count label byte
  34  0003              #pragma debug variable 8 1 _fast_touch_count "fast_touch_count"
  34  0003              	db 0
  34  0002              @ROMDATA_BASE .section inpage 'code'
  34  0002              	db 0
  34  0004              @HCCINIT .section 'data'
  31  0004              #line 31 "D:\hamed\project\htk-project\touch-24-rf\TOUCH.h"
  31  0004              public _last_frame
  31  0001              @HCCINIT0 .section 'data'
  31  0001  0003[       _last_frame	db 3 dup(0)
            00
            ]
  31  0004              #pragma debug array 42 8 3 1
  31  0004              #pragma debug array 42 8 3 1
  31  0004              #pragma debug variable 42 1 _last_frame "last_frame"
  31  0004              
  31  0004              @HCCINIT .section 'data'
  31  0004              public _noise_count
  29  0004              #line 29 "D:\hamed\project\htk-project\touch-24-rf\TOUCH.h"
  29  0004              @HCCINIT .section 'data'
  29  0004              _noise_count label byte
  29  0004              #pragma debug variable 8 1 _noise_count "noise_count"
  29  0004              	db 0
  29  0002              @ROMDATA_BASE .section inpage 'code'
  29  0002              	db 0
  29  0005              @HCCINIT .section 'data'
  29  0005              public _frame_ok_count
  28  0005              #line 28 "D:\hamed\project\htk-project\touch-24-rf\TOUCH.h"
  28  0005              @HCCINIT .section 'data'
  28  0005              _frame_ok_count label byte
  28  0005              #pragma debug variable 8 1 _frame_ok_count "frame_ok_count"
  28  0005              	db 0
  28  0003              @ROMDATA_BASE .section inpage 'code'
  28  0003              	db 0
  28  0006              @HCCINIT .section 'data'
  28  0006              public _learn_timeout
  25  0006              #line 25 "D:\hamed\project\htk-project\touch-24-rf\TOUCH.h"
  25  0006              @HCCINIT .section 'data'
  25  0006              _learn_timeout label byte
  25  0006              #pragma debug variable 14 1 _learn_timeout "learn_timeout"
  25  0006              	db 0
  25  0003              @ROMDATA_BASE .section inpage 'code'
  25  0003              	db 0
  25  0007              @HCCINIT .section 'data'
  25  0007              	db 0
  25  0004              @ROMDATA_BASE .section inpage 'code'
  25  0004              	db 0
  25  0008              @HCCINIT .section 'data'
  25  0008              	db 0
  25  0004              @ROMDATA_BASE .section inpage 'code'
"File: TOUCH.h       Assembler  Version HGASM0202      Page 37

  25  0004              	db 0
  25  0009              @HCCINIT .section 'data'
  25  0009              	db 0
  25  0005              @ROMDATA_BASE .section inpage 'code'
  25  0005              	db 0
  25  000A              @HCCINIT .section 'data'
  25  000A              public _rf_sync
  23  000A              #line 23 "D:\hamed\project\htk-project\touch-24-rf\TOUCH.h"
  23  000A              @HCCINIT .section 'data'
  23  000A              _rf_sync label byte
  23  000A              #pragma debug variable 8 1 _rf_sync "rf_sync"
  23  000A              	db 0
  23  0005              @ROMDATA_BASE .section inpage 'code'
  23  0005              	db 0
  23  000B              @HCCINIT .section 'data'
  23  000B              public _rf_valid
  22  000B              #line 22 "D:\hamed\project\htk-project\touch-24-rf\TOUCH.h"
  22  000B              @HCCINIT .section 'data'
  22  000B              _rf_valid label byte
  22  000B              #pragma debug variable 8 1 _rf_valid "rf_valid"
  22  000B              	db 0
  22  0006              @ROMDATA_BASE .section inpage 'code'
  22  0006              	db 0
  22  000C              @HCCINIT .section 'data'
  22  000C              public _rf_buffer
  20  000C              #line 20 "D:\hamed\project\htk-project\touch-24-rf\TOUCH.h"
  20  000C              @HCCINIT .section 'data'
  20  000C              _rf_buffer label byte
  20  000C              #pragma debug variable 8 1 _rf_buffer "rf_buffer"
  20  000C              	db 0
  20  0006              @ROMDATA_BASE .section inpage 'code'
  20  0006              	db 0
  20  000D              @HCCINIT .section 'data'
  20  000D              public _rf_byte_index
  19  000D              #line 19 "D:\hamed\project\htk-project\touch-24-rf\TOUCH.h"
  19  000D              @HCCINIT .section 'data'
  19  000D              _rf_byte_index label byte
  19  000D              #pragma debug variable 8 1 _rf_byte_index "rf_byte_index"
  19  000D              	db 0
  19  0007              @ROMDATA_BASE .section inpage 'code'
  19  0007              	db 0
  19  000E              @HCCINIT .section 'data'
  19  000E              public _rf_bit_index
  18  000E              #line 18 "D:\hamed\project\htk-project\touch-24-rf\TOUCH.h"
  18  000E              @HCCINIT .section 'data'
  18  000E              _rf_bit_index label byte
  18  000E              #pragma debug variable 8 1 _rf_bit_index "rf_bit_index"
  18  000E              	db 0
  18  0007              @ROMDATA_BASE .section inpage 'code'
  18  0007              	db 0
  18  000F              @HCCINIT .section 'data'
  18  000F              public _LearnRF
  15  000F              #line 15 "D:\hamed\project\htk-project\touch-24-rf\TOUCH.h"
  15  0001              @BITDATASEC .section 'data'
  15  0000              _LearnRF	dbit 0
  15  0001              #pragma debug variable 2 1 _LearnRF "LearnRF"
  15  0001              public _bizer_rf
  15  0001              #line 15 "D:\hamed\project\htk-project\touch-24-rf\TOUCH.h"
  15  0001              @BITDATASEC .section 'data'
  15  0000              _bizer_rf	dbit 0
"File: TOUCH.h       Assembler  Version HGASM0202      Page 38

  15  0001              #pragma debug variable 2 1 _bizer_rf "bizer_rf"
  15  0001              public _bizer
  15  0001              #line 15 "D:\hamed\project\htk-project\touch-24-rf\TOUCH.h"
  15  0000              @BITDATASEC1 .section 'data'
  15  0000  00          _bizer	dbit 1
  15  0001              #pragma debug variable 2 1 _bizer "bizer"
  15  0001              public _Finish
  15  0001              #line 15 "D:\hamed\project\htk-project\touch-24-rf\TOUCH.h"
  15  0001              @BITDATASEC .section 'data'
  15  0000              _Finish	dbit 0
  15  0001              #pragma debug variable 2 1 _Finish "Finish"
  15  0001              public _Frist
  15  0001              #line 15 "D:\hamed\project\htk-project\touch-24-rf\TOUCH.h"
  15  0001              @BITDATASEC .section 'data'
  15  0000              _Frist	dbit 0
  15  0001              #pragma debug variable 2 1 _Frist "Frist"
  15  0001              public _Lock
  15  0001              #line 15 "D:\hamed\project\htk-project\touch-24-rf\TOUCH.h"
  15  0001              @BITDATASEC .section 'data'
  15  0000              _Lock	dbit 0
  15  0001              #pragma debug variable 2 1 _Lock "Lock"
  15  0001              public _Start
  15  0001              #line 15 "D:\hamed\project\htk-project\touch-24-rf\TOUCH.h"
  15  0001              @BITDATASEC .section 'data'
  15  0000              _Start	dbit 0
  15  0001              #pragma debug variable 2 1 _Start "Start"
  15  0001              public _i
  13  0001              #line 13 "D:\hamed\project\htk-project\touch-24-rf\TOUCH.h"
  13  000F              @HCCINIT .section 'data'
  13  000F              _i label byte
  13  000F              #pragma debug variable 8 1 _i "i"
  13  000F              	db 0
  13  0008              @ROMDATA_BASE .section inpage 'code'
  13  0008              	db 0
  13  0010              @HCCINIT .section 'data'
  13  0010              public _count_RF_seve
  13  0010              #line 13 "D:\hamed\project\htk-project\touch-24-rf\TOUCH.h"
  13  0010              @HCCINIT .section 'data'
  13  0010              _count_RF_seve label byte
  13  0010              #pragma debug variable 8 1 _count_RF_seve "count_RF_seve"
  13  0010              	db 0
  13  0008              @ROMDATA_BASE .section inpage 'code'
  13  0008              	db 0
  13  0011              @HCCINIT .section 'data'
  13  0011              public _Bit
  13  0011              #line 13 "D:\hamed\project\htk-project\touch-24-rf\TOUCH.h"
  13  0011              @HCCINIT .section 'data'
  13  0011              _Bit label byte
  13  0011              #pragma debug variable 8 1 _Bit "Bit"
  13  0011              	db 0
  13  0009              @ROMDATA_BASE .section inpage 'code'
  13  0009              	db 0
  13  0012              @HCCINIT .section 'data'
  13  0012              public _Buffer
  13  0012              #line 13 "D:\hamed\project\htk-project\touch-24-rf\TOUCH.h"
  13  0012              @HCCINIT .section 'data'
  13  0012              _Buffer label byte
  13  0012              #pragma debug variable 8 1 _Buffer "Buffer"
  13  0012              	db 0
  13  0009              @ROMDATA_BASE .section inpage 'code'
"File: TOUCH.h       Assembler  Version HGASM0202      Page 39

  13  0009              	db 0
  13  0013              @HCCINIT .section 'data'
  13  0013              public _Count_format
  13  0013              #line 13 "D:\hamed\project\htk-project\touch-24-rf\TOUCH.h"
  13  0013              @HCCINIT .section 'data'
  13  0013              _Count_format label byte
  13  0013              #pragma debug variable 8 1 _Count_format "Count_format"
  13  0013              	db 0
  13  000A              @ROMDATA_BASE .section inpage 'code'
  13  000A              	db 0
  13  0014              @HCCINIT .section 'data'
  13  0014              public _Count
  13  0014              #line 13 "D:\hamed\project\htk-project\touch-24-rf\TOUCH.h"
  13  0014              @HCCINIT .section 'data'
  13  0014              _Count label byte
  13  0014              #pragma debug variable 8 1 _Count "Count"
  13  0014              	db 0
  13  000A              @ROMDATA_BASE .section inpage 'code'
  13  000A              	db 0
  13  0015              @HCCINIT .section 'data'
  13  0015              public _eerom
  12  0015              #line 12 "D:\hamed\project\htk-project\touch-24-rf\TOUCH.h"
  12  0015              @HCCINIT .section 'data'
  12  0015              _eerom label byte
  12  0015              #pragma debug variable 8 1 _eerom "eerom"
  12  0015              	db 0
  12  000B              @ROMDATA_BASE .section inpage 'code'
  12  000B              	db 0
  12  0016              @HCCINIT .section 'data'
  12  0016              #line 12 "D:\hamed\project\htk-project\touch-24-rf\TOUCH.h"
  12  0016              public _RFData
  12  0004              @HCCINIT0 .section 'data'
  12  0004  0003[       _RFData	db 3 dup(0)
            00
            ]
  12  0007              #pragma debug variable 42 1 _RFData "RFData"
  12  0007              
  12  0016              @HCCINIT .section 'data'
  12  0016              #line 12 "D:\hamed\project\htk-project\touch-24-rf\TOUCH.h"
  12  0016              public _DataM
  12  0007              @HCCINIT0 .section 'data'
  12  0007  0003[       _DataM	db 3 dup(0)
            00
            ]
  12  000A              #pragma debug variable 42 1 _DataM "DataM"
  12  000A              
  12  0016              @HCCINIT .section 'data'
  12  0016              #line 12 "D:\hamed\project\htk-project\touch-24-rf\TOUCH.h"
  12  0016              public _Data
  12  000A              @HCCINIT0 .section 'data'
  12  000A  0003[       _Data	db 3 dup(0)
            00
            ]
  12  000D              #pragma debug variable 42 1 _Data "Data"
  12  000D              
  12  0016              @HCCINIT .section 'data'
  12  0016              public _Timedown
  12  0016              #line 12 "D:\hamed\project\htk-project\touch-24-rf\TOUCH.h"
  12  0016              @HCCINIT .section 'data'
  12  0016              _Timedown label byte
"File: TOUCH.h       Assembler  Version HGASM0202      Page 40

  12  0016              #pragma debug variable 8 1 _Timedown "Timedown"
  12  0016              	db 0
  12  000B              @ROMDATA_BASE .section inpage 'code'
  12  000B              	db 0
  12  0017              @HCCINIT .section 'data'
  12  0017              public _TouchOffCnt
   9  0017              #line 9 "D:\hamed\project\htk-project\touch-24-rf\TOUCH.h"
   9  0017              @HCCINIT .section 'data'
   9  0017              _TouchOffCnt label byte
   9  0017              #pragma debug variable 8 1 _TouchOffCnt "TouchOffCnt"
   9  0017              	db 0
   9  000C              @ROMDATA_BASE .section inpage 'code'
   9  000C              	db 0
   9  0018              @HCCINIT .section 'data'
   9  0018              public _TouchOnCnt
   8  0018              #line 8 "D:\hamed\project\htk-project\touch-24-rf\TOUCH.h"
   8  0018              @HCCINIT .section 'data'
   8  0018              _TouchOnCnt label byte
   8  0018              #pragma debug variable 8 1 _TouchOnCnt "TouchOnCnt"
   8  0018              	db 0
   8  000C              @ROMDATA_BASE .section inpage 'code'
   8  000C              	db 0
   8  0019              @HCCINIT .section 'data'
   8  0019              public _TouchState
   7  0019              #line 7 "D:\hamed\project\htk-project\touch-24-rf\TOUCH.h"
   7  0001              @BITDATASEC .section 'data'
   7  0000              _TouchState	dbit 0
   7  0001              #pragma debug variable 2 1 _TouchState "TouchState"
   7  0001              public _CalibrSample
   4  0001              #line 4 "D:\hamed\project\htk-project\touch-24-rf\TOUCH.h"
   4  0019              @HCCINIT .section 'data'
   4  0019              _CalibrSample label byte
   4  0019              #pragma debug variable 8 1 _CalibrSample "CalibrSample"
   4  0019              	db 0
   4  000D              @ROMDATA_BASE .section inpage 'code'
   4  000D              	db 0
   4  001A              @HCCINIT .section 'data'
   4  001A              public _CalibrCount
   4  001A              #line 4 "D:\hamed\project\htk-project\touch-24-rf\TOUCH.h"
   4  001A              @HCCINIT .section 'data'
   4  001A              _CalibrCount label byte
   4  001A              #pragma debug variable 8 1 _CalibrCount "CalibrCount"
   4  001A              	db 0
   4  000D              @ROMDATA_BASE .section inpage 'code'
   4  000D              	db 0
   4  001B              @HCCINIT .section 'data'
   4  001B              public _Count_T1
   3  001B              #line 3 "D:\hamed\project\htk-project\touch-24-rf\TOUCH.h"
   3  001B              @HCCINIT .section 'data'
   3  001B              _Count_T1 label byte
   3  001B              #pragma debug variable 12 1 _Count_T1 "Count_T1"
   3  001B              	db 0
   3  000E              @ROMDATA_BASE .section inpage 'code'
   3  000E              	db 0
   3  001C              @HCCINIT .section 'data'
   3  001C              	db 0
   3  000E              @ROMDATA_BASE .section inpage 'code'
   3  000E              	db 0
   3  001D              @HCCINIT .section 'data'
   3  001D              public _Count_S1
"File: TOUCH.h       Assembler  Version HGASM0202      Page 41

   2  001D              #line 2 "D:\hamed\project\htk-project\touch-24-rf\TOUCH.h"
   2  001D              @HCCINIT .section 'data'
   2  001D              _Count_S1 label byte
   2  001D              #pragma debug variable 12 1 _Count_S1 "Count_S1"
   2  001D              	db 0
   2  000F              @ROMDATA_BASE .section inpage 'code'
   2  000F              	db 0
   2  001E              @HCCINIT .section 'data'
   2  001E              	db 0
   2  000F              @ROMDATA_BASE .section inpage 'code'
   2  000F              	db 0
   2  001F              @HCCINIT .section 'data'
   2  001F              public _Count_C1_Backup
   1  001F              #line 1 "D:\hamed\project\htk-project\touch-24-rf\TOUCH.h"
   1  001F              @HCCINIT .section 'data'
   1  001F              _Count_C1_Backup label byte
   1  001F              #pragma debug variable 14 1 _Count_C1_Backup "Count_C1_Backup"
   1  001F              	db 0
   1  0010              @ROMDATA_BASE .section inpage 'code'
   1  0010              	db 0
   1  0020              @HCCINIT .section 'data'
   1  0020              	db 0
   1  0010              @ROMDATA_BASE .section inpage 'code'
   1  0010              	db 0
   1  0021              @HCCINIT .section 'data'
   1  0021              	db 0
   1  0011              @ROMDATA_BASE .section inpage 'code'
   1  0011              	db 0
   1  0022              @HCCINIT .section 'data'
   1  0022              	db 0
   1  0011              @ROMDATA_BASE .section inpage 'code'
   1  0011              	db 0
   1  0023              @HCCINIT .section 'data'
   1  0023              public _Count_C1
   1  0023              #line 1 "D:\hamed\project\htk-project\touch-24-rf\TOUCH.h"
   1  0023              @HCCINIT .section 'data'
   1  0023              _Count_C1 label byte
   1  0023              #pragma debug variable 14 1 _Count_C1 "Count_C1"
   1  0023              	db 0
   1  0012              @ROMDATA_BASE .section inpage 'code'
   1  0012              	db 0
   1  0024              @HCCINIT .section 'data'
   1  0024              	db 0
   1  0012              @ROMDATA_BASE .section inpage 'code'
   1  0012              	db 0
   1  0025              @HCCINIT .section 'data'
   1  0025              	db 0
   1  0013              @ROMDATA_BASE .section inpage 'code'
   1  0013              	db 0
   1  0026              @HCCINIT .section 'data'
   1  0026              	db 0
   1  0013              @ROMDATA_BASE .section inpage 'code'
   1  0013              	db 0
   1  0027              @HCCINIT .section 'data'
   1  0027              #pragma debug variable 8 1 ___mp1 "__mp1" 1
   1  0027              #pragma debug struct_end
   1  0027              #pragma debug struct_end
   1  0027              #pragma debug union_end
   1  0027              #pragma debug union_end
   1  0027              #pragma debug variable 44 1 ___bp "__bp" 1
"File: TOUCH.h       Assembler  Version HGASM0202      Page 42

   1  0027              #pragma debug struct_end
   1  0027              #pragma debug struct_end
   1  0027              #pragma debug union_end
   1  0027              #pragma debug union_end
   1  0027              #pragma debug variable 46 1 ___smod "__smod" 1
   1  0027              #pragma debug struct_end
   1  0027              #pragma debug struct_end
   1  0027              #pragma debug union_end
   1  0027              #pragma debug union_end
   1  0027              #pragma debug variable 48 1 ___integ "__integ" 1
   1  0027              #pragma debug struct_end
   1  0027              #pragma debug struct_end
   1  0027              #pragma debug union_end
   1  0027              #pragma debug union_end
   1  0027              #pragma debug variable 50 1 ___intc0 "__intc0" 1
   1  0027              #pragma debug struct_end
   1  0027              #pragma debug struct_end
   1  0027              #pragma debug union_end
   1  0027              #pragma debug union_end
   1  0027              #pragma debug variable 52 1 ___pa "__pa" 1
   1  0027              #pragma debug struct_end
   1  0027              #pragma debug struct_end
   1  0027              #pragma debug union_end
   1  0027              #pragma debug union_end
   1  0027              #pragma debug variable 54 1 ___pac "__pac" 1
   1  0027              #pragma debug struct_end
   1  0027              #pragma debug struct_end
   1  0027              #pragma debug union_end
   1  0027              #pragma debug union_end
   1  0027              #pragma debug variable 56 1 ___tmrc "__tmrc" 1
   1  0027              #pragma debug variable 8 1 ___eea "__eea" 1
   1  0027              #pragma debug variable 8 1 ___eed "__eed" 1
   1  0027              #pragma debug variable 8 1 ___tktmr "__tktmr" 1
   1  0027              #pragma debug struct_end
   1  0027              #pragma debug struct_end
   1  0027              #pragma debug union_end
   1  0027              #pragma debug union_end
   1  0027              #pragma debug variable 58 1 ___tkc0 "__tkc0" 1
   1  0027              #pragma debug struct_end
   1  0027              #pragma debug struct_end
   1  0027              #pragma debug union_end
   1  0027              #pragma debug union_end
   1  0027              #pragma debug variable 60 1 ___tkc1 "__tkc1" 1
   1  0027              #pragma debug variable 8 1 ___tkm016dl "__tkm016dl" 1
   1  0027              #pragma debug variable 8 1 ___tkm016dh "__tkm016dh" 1
   1  0027              #pragma debug variable 8 1 ___tkm0rol "__tkm0rol" 1
   1  0027              #pragma debug variable 8 1 ___tkm0roh "__tkm0roh" 1
   1  0027              #pragma debug struct_end
   1  0027              #pragma debug struct_end
   1  0027              #pragma debug union_end
   1  0027              #pragma debug union_end
   1  0027              #pragma debug variable 62 1 ___tkm0c0 "__tkm0c0" 1
   1  0027              #pragma debug struct_end
   1  0027              #pragma debug struct_end
   1  0027              #pragma debug union_end
   1  0027              #pragma debug union_end
   1  0027              #pragma debug variable 64 1 ___tkm0c1 "__tkm0c1" 1
   1  0027              #pragma debug variable 8 1 ___iar1 "__iar1" 1
   1  0027              extern r1:byte
   1  0027              extern r2:byte
"File: TOUCH.h       Assembler  Version HGASM0202      Page 43

   1  0027              extern r3:byte
   1  0027              extern r4:byte
   1  0027              extern r5:byte

  24  0027              #line 24 "D:\hamed\project\htk-project\touch-24-rf\touch-24.c"
  24  0000              @code .section at 0 'code'
  24  0000  2800     R  	jmp _main_startup1
  24  0001              
  24  0001              extern _builtin_holtek_mulsi3_2:byte
  24  0001              extern _builtin_holtek_mulsi3:near
  24  0001              extern _builtin_holtek_udivmodsi4_2:byte
  24  0001              extern _builtin_holtek_udivmodsi4:near
  24  0001              
  24  0001              ; 
  24  0001              ; Generated by holtek-gcc v3.19, Sat Aug 22 12:39:29 2026
  24  0001              ; Rebuild 718
  24  0001              ; end of file


        0 Errors, 0